// 4.25.0 0xcd80a50b D2 R0 FRGB565 U565 N0 SIntFlashSection
// Generated by imageconverter. Please, do not edit!

#include <touchgfx/hal/Config.hpp>

LOCATION_PRAGMA("IntFlashSection")
KEEP extern const unsigned char image_cbxicon1[] LOCATION_ATTRIBUTE("IntFlashSection") = { // 296x99 RGB565 pixels.
    0x00, 0x00, 0x00, 0x00, 0x00, 0x00, 0x00, 0x00, 0x00, 0x00, 0x00, 0x00,
    0x00, 0x00, 0x00, 0x00, 0x00, 0x00, 0x00, 0x00, 0x00, 0x00, 0x00, 0x00,
    0x00, 0x00, 0x00, 0x00, 0x00, 0x00, 0x00, 0x00, 0x00, 0x00, 0x00, 0x00,
    0x00, 0x00, 0x00, 0x00, 0x00, 0x00, 0x00, 0x00, 0x00, 0x00, 0x00, 0x00,
    0x00, 0x00, 0x00, 0x00, 0x00, 0x00, 0x00, 0x00, 0x00, 0x00, 0x00, 0x00,
    0x00, 0x00, 0x00, 0x00, 0x00, 0x00, 0x00, 0x00, 0x00, 0x00, 0x00, 0x00,
    0x00, 0x00, 0x00, 0x00, 0x00, 0x00, 0x00, 0x00, 0x00, 0x00, 0x00, 0x00,
    0x00, 0x00, 0x00, 0x00, 0x00, 0x00, 0x00, 0x00, 0x00, 0x00, 0x00, 0x00,
    0x00, 0x00, 0x00, 0x00, 0x00, 0x00, 0x00, 0x00, 0x00, 0x00, 0x00, 0x00,
    0x00, 0x00, 0x00, 0x00, 0x00, 0x00, 0x00, 0x00, 0x00, 0x00, 0x00, 0x00,
    0x00, 0x00, 0x00, 0x00, 0x00, 0x00, 0x00, 0x00, 0x00, 0x00, 0x00, 0x00,
    0x00, 0x00, 0x00, 0x00, 0x00, 0x00, 0x00, 0x00, 0x00, 0x00, 0x00, 0x00,
    0x00, 0x00, 0x00, 0x00, 0x00, 0x00, 0x00, 0x00, 0x00, 0x00, 0x00, 0x00,
    0x00, 0x00, 0x00, 0x00, 0x00, 0x00, 0x00, 0x00, 0x00, 0x00, 0x00, 0x00,
    0x00, 0x00, 0x00, 0x00, 0x00, 0x00, 0x00, 0x00, 0x00, 0x00, 0x00, 0x00,
    0x00, 0x00, 0x00, 0x00, 0x00, 0x00, 0x00, 0x00, 0x00, 0x00, 0x00, 0x00,
    0x00, 0x00, 0x00, 0x00, 0x00, 0x00, 0x00, 0x00, 0x00, 0x00, 0x00, 0x00,
    0x00, 0x00, 0x00, 0x00, 0x00, 0x00, 0x00, 0x00, 0x00, 0x00, 0x00, 0x00,
    0x00, 0x00, 0x00, 0x00, 0x00, 0x00, 0x00, 0x00, 0x00, 0x00, 0x00, 0x00,
    0x00, 0x00, 0x00, 0x00, 0x00, 0x00, 0x00, 0x00, 0x00, 0x00, 0x00, 0x00,
    0x00, 0x00, 0x00, 0x00, 0x00, 0x00, 0x00, 0x00, 0x00, 0x00, 0x00, 0x00,
    0x00, 0x00, 0x00, 0x00, 0x00, 0x00, 0x00, 0x00, 0x00, 0x00, 0x00, 0x00,
    0x00, 0x00, 0x00, 0x00, 0x00, 0x00, 0x00, 0x00, 0x00, 0x00, 0x00, 0x00,
    0x00, 0x00, 0x00, 0x00, 0x00, 0x00, 0x00, 0x00, 0x00, 0x00, 0x00, 0x00,
    0x00, 0x00, 0x00, 0x00, 0x00, 0x00, 0x00, 0x00, 0x00, 0x00, 0x00, 0x00,
    0x00, 0x00, 0x00, 0x00, 0x00, 0x00, 0x00, 0x00, 0x00, 0x00, 0x00, 0x00,
    0x00, 0x00, 0x00, 0x00, 0x00, 0x00, 0x00, 0x00, 0x00, 0x00, 0x00, 0x00,
    0x00, 0x00, 0x00, 0x00, 0x00, 0x00, 0x00, 0x00, 0x00, 0x00, 0x00, 0x00,
    0x00, 0x00, 0x00, 0x00, 0x00, 0x00, 0x00, 0x00, 0x00, 0x00, 0x00, 0x00,
    0x00, 0x00, 0x00, 0x00, 0x00, 0x00, 0x00, 0x00, 0x00, 0x00, 0x00, 0x00,
    0x00, 0x00, 0x00, 0x00, 0x00, 0x00, 0x00, 0x00, 0x00, 0x00, 0x00, 0x00,
    0x00, 0x00, 0x00, 0x00, 0x00, 0x00, 0x00, 0x00, 0x00, 0x00, 0x00, 0x00,
    0x00, 0x00, 0x00, 0x00, 0x00, 0x00, 0x00, 0x00, 0x00, 0x00, 0x00, 0x00,
    0x00, 0x00, 0x00, 0x00, 0x00, 0x00, 0x00, 0x00, 0x00, 0x00, 0x00, 0x00,
    0x00, 0x00, 0x00, 0x00, 0x00, 0x00, 0x00, 0x00, 0x00, 0x00, 0x00, 0x00,
    0x00, 0x00, 0x00, 0x00, 0x00, 0x00, 0x00, 0x00, 0x00, 0x00, 0x00, 0x00,
    0x00, 0x00, 0x00, 0x00, 0x00, 0x00, 0x00, 0x00, 0x00, 0x00, 0x00, 0x00,
    0x00, 0x00, 0x00, 0x00, 0x00, 0x00, 0x00, 0x00, 0x00, 0x00, 0x00, 0x00,
    0x00, 0x00, 0x00, 0x00, 0x00, 0x00, 0x00, 0x00, 0x00, 0x00, 0x00, 0x00,
    0x00, 0x00, 0x00, 0x00, 0x00, 0x00, 0x00, 0x00, 0x00, 0x00, 0x00, 0x00,
    0x00, 0x00, 0x00, 0x00, 0x00, 0x00, 0x00, 0x00, 0x00, 0x00, 0x00, 0x00,
    0x00, 0x00, 0x00, 0x00, 0x00, 0x00, 0x00, 0x00, 0x00, 0x00, 0x00, 0x00,
    0x00, 0x00, 0x00, 0x00, 0x00, 0x00, 0x00, 0x00, 0x00, 0x00, 0x00, 0x00,
    0x00, 0x00, 0x00, 0x00, 0x00, 0x00, 0x00, 0x00, 0x00, 0x00, 0x00, 0x00,
    0x00, 0x00, 0x00, 0x00, 0x00, 0x00, 0x00, 0x00, 0x00, 0x00, 0x00, 0x00,
    0x00, 0x00, 0x00, 0x00, 0x00, 0x00, 0x00, 0x00, 0x00, 0x00, 0x00, 0x00,
    0x00, 0x00, 0x00, 0x00, 0x00, 0x00, 0x00, 0x00, 0x00, 0x00, 0x00, 0x00,
    0x00, 0x00, 0x00, 0x00, 0x00, 0x00, 0x00, 0x00, 0x00, 0x00, 0x00, 0x00,
    0x00, 0x00, 0x00, 0x00, 0x00, 0x00, 0x00, 0x00, 0x00, 0x00, 0x00, 0x00,
    0x00, 0x00, 0x00, 0x00, 0x00, 0x00, 0x00, 0x00, 0x00, 0x00, 0x00, 0x00,
    0x00, 0x00, 0x00, 0x00, 0x00, 0x00, 0x00, 0x00, 0x00, 0x00, 0x00, 0x00,
    0x00, 0x00, 0x00, 0x00, 0x00, 0x00, 0x00, 0x00, 0x00, 0x00, 0x00, 0x00,
    0x00, 0x00, 0x00, 0x00, 0x00, 0x00, 0x00, 0x00, 0x00, 0x00, 0x00, 0x00,
    0x00, 0x00, 0x00, 0x00, 0x00, 0x00, 0x00, 0x00, 0x00, 0x00, 0x00, 0x00,
    0x00, 0x00, 0x00, 0x00, 0x00, 0x00, 0x00, 0x00, 0x00, 0x00, 0x00, 0x00,
    0x00, 0x00, 0x00, 0x00, 0x00, 0x00, 0x00, 0x00, 0x00, 0x00, 0x00, 0x00,
    0x00, 0x00, 0x00, 0x00, 0x00, 0x00, 0x00, 0x00, 0x00, 0x00, 0x00, 0x00,
    0x00, 0x00, 0x00, 0x00, 0x00, 0x00, 0x00, 0x00, 0x00, 0x00, 0x00, 0x00,
    0x00, 0x00, 0x00, 0x00, 0x00, 0x00, 0x00, 0x00, 0x00, 0x00, 0x00, 0x00,
    0x00, 0x00, 0x00, 0x00, 0x00, 0x00, 0x00, 0x00, 0x00, 0x00, 0x00, 0x00,
    0x00, 0x00, 0x00, 0x00, 0x00, 0x00, 0x00, 0x00, 0x00, 0x00, 0x00, 0x00,
    0x00, 0x00, 0x00, 0x00, 0x00, 0x00, 0x00, 0x00, 0x00, 0x00, 0x00, 0x00,
    0x00, 0x00, 0x00, 0x00, 0x00, 0x00, 0x00, 0x00, 0x00, 0x00, 0x00, 0x00,
    0x00, 0x00, 0x00, 0x00, 0x00, 0x00, 0x00, 0x00, 0x00, 0x00, 0x00, 0x00,
    0x00, 0x00, 0x00, 0x00, 0x00, 0x00, 0x00, 0x00, 0x00, 0x00, 0x00, 0x00,
    0x00, 0x00, 0x00, 0x00, 0x00, 0x00, 0x00, 0x00, 0x00, 0x00, 0x00, 0x00,
    0x00, 0x00, 0x00, 0x00, 0x00, 0x00, 0x00, 0x00, 0x00, 0x00, 0x00, 0x00,
    0x00, 0x00, 0x00, 0x00, 0x00, 0x00, 0x00, 0x00, 0x00, 0x00, 0x00, 0x00,
    0x00, 0x00, 0x00, 0x00, 0x00, 0x00, 0x00, 0x00, 0x00, 0x00, 0x00, 0x00,
    0x00, 0x00, 0x00, 0x00, 0x00, 0x00, 0x00, 0x00, 0x00, 0x00, 0x00, 0x00,
    0x00, 0x00, 0x00, 0x00, 0x00, 0x00, 0x00, 0x00, 0x00, 0x00, 0x00, 0x00,
    0x00, 0x00, 0x00, 0x00, 0x00, 0x00, 0x00, 0x00, 0x00, 0x00, 0x00, 0x00,
    0x00, 0x00, 0x00, 0x00, 0x00, 0x00, 0x00, 0x00, 0x00, 0x00, 0x00, 0x00,
    0x00, 0x00, 0x00, 0x00, 0x00, 0x00, 0x00, 0x00, 0x00, 0x00, 0x00, 0x00,
    0x00, 0x00, 0x00, 0x00, 0x00, 0x00, 0x00, 0x00, 0x00, 0x00, 0x00, 0x00,
    0x00, 0x00, 0x00, 0x00, 0x00, 0x00, 0x00, 0x00, 0x00, 0x00, 0x00, 0x00,
    0x00, 0x00, 0x00, 0x00, 0x00, 0x00, 0x00, 0x00, 0x00, 0x00, 0x00, 0x00,
    0x00, 0x00, 0x00, 0x00, 0x00, 0x00, 0x00, 0x00, 0x00, 0x00, 0x00, 0x00,
    0x00, 0x00, 0x00, 0x00, 0x00, 0x00, 0x00, 0x00, 0x00, 0x00, 0x00, 0x00,
    0x00, 0x00, 0x00, 0x00, 0x00, 0x00, 0x00, 0x00, 0x00, 0x00, 0x00, 0x00,
    0x00, 0x00, 0x00, 0x00, 0x00, 0x00, 0x00, 0x00, 0x00, 0x00, 0x00, 0x00,
    0x00, 0x00, 0x00, 0x00, 0x00, 0x00, 0x00, 0x00, 0x00, 0x00, 0x00, 0x00,
    0x00, 0x00, 0x00, 0x00, 0x00, 0x00, 0x00, 0x00, 0x00, 0x00, 0x00, 0x00,
    0x00, 0x00, 0x00, 0x00, 0x00, 0x00, 0x00, 0x00, 0x00, 0x00, 0x00, 0x00,
    0x00, 0x00, 0x00, 0x00, 0x00, 0x00, 0x00, 0x00, 0x00, 0x00, 0x00, 0x00,
    0x00, 0x00, 0x00, 0x00, 0x00, 0x00, 0x00, 0x00, 0x00, 0x00, 0x00, 0x00,
    0x00, 0x00, 0x00, 0x00, 0x00, 0x00, 0x00, 0x00, 0x00, 0x00, 0x00, 0x00,
    0x00, 0x00, 0x00, 0x00, 0x00, 0x00, 0x00, 0x00, 0x00, 0x00, 0x00, 0x00,
    0x00, 0x00, 0x00, 0x00, 0x00, 0x00, 0x00, 0x00, 0x00, 0x00, 0x00, 0x00,
    0x00, 0x00, 0x00, 0x00, 0x00, 0x00, 0x00, 0x00, 0x00, 0x00, 0x00, 0x00,
    0x00, 0x00, 0x00, 0x00, 0x00, 0x00, 0x00, 0x00, 0x00, 0x00, 0x00, 0x00,
    0x00, 0x00, 0x00, 0x00, 0x00, 0x00, 0x00, 0x00, 0x00, 0x00, 0x00, 0x00,
    0x00, 0x00, 0x00, 0x00, 0x00, 0x00, 0x00, 0x00, 0x00, 0x00, 0x00, 0x00,
    0x00, 0x00, 0x00, 0x00, 0x00, 0x00, 0x00, 0x00, 0x00, 0x00, 0x00, 0x00,
    0x00, 0x00, 0x00, 0x00, 0x00, 0x00, 0x00, 0x00, 0x00, 0x00, 0x00, 0x00,
    0x00, 0x00, 0x00, 0x00, 0x00, 0x00, 0x00, 0x00, 0x00, 0x00, 0x00, 0x00,
    0x00, 0x00, 0x00, 0x00, 0x00, 0x00, 0x00, 0x00, 0x00, 0x00, 0x00, 0x00,
    0x00, 0x00, 0x00, 0x00, 0x00, 0x00, 0x00, 0x00, 0x00, 0x00, 0x00, 0x00,
    0x00, 0x00, 0x00, 0x00, 0x00, 0x00, 0x00, 0x00, 0x00, 0x00, 0x00, 0x00,
    0x00, 0x00, 0x00, 0x00, 0x00, 0x00, 0x00, 0x00, 0x00, 0x00, 0x80, 0xfa,
    0x80, 0xfa, 0x80, 0xfa, 0x80, 0xfa, 0x80, 0xfa, 0x80, 0xfa, 0x80, 0xfa,
    0x80, 0xfa, 0x80, 0xfa, 0x80, 0xfa, 0x80, 0xfa, 0x80, 0xfa, 0x80, 0xfa,
    0x80, 0xfa, 0x80, 0xfa, 0x80, 0xfa, 0x80, 0xfa, 0x80, 0xfa, 0x80, 0xfa,
    0x80, 0xfa, 0x80, 0xfa, 0x80, 0xfa, 0x80, 0xfa, 0x80, 0xfa, 0x80, 0xfa,
    0x80, 0xfa, 0x80, 0xfa, 0x80, 0xfa, 0x80, 0xfa, 0x80, 0xfa, 0x80, 0xfa,
    0x80, 0xfa, 0x80, 0xfa, 0x80, 0xfa, 0x80, 0xfa, 0x80, 0xfa, 0x80, 0xfa,
    0x80, 0xfa, 0x80, 0xfa, 0x80, 0xfa, 0x80, 0xfa, 0x80, 0xfa, 0x80, 0xfa,
    0x80, 0xfa, 0x80, 0xfa, 0x80, 0xfa, 0x80, 0xfa, 0x80, 0xfa, 0x80, 0xfa,
    0x80, 0xfa, 0x80, 0xfa, 0x80, 0xfa, 0x80, 0xfa, 0x80, 0xfa, 0x80, 0xfa,
    0x80, 0xfa, 0x80, 0xfa, 0x80, 0xfa, 0x80, 0xfa, 0x80, 0xfa, 0x80, 0xfa,
    0x80, 0xfa, 0x80, 0xfa, 0x80, 0xfa, 0x80, 0xfa, 0x80, 0xfa, 0x80, 0xfa,
    0x80, 0xfa, 0x80, 0xfa, 0x80, 0xfa, 0x80, 0xfa, 0x80, 0xfa, 0x80, 0xfa,
    0x80, 0xfa, 0x80, 0xfa, 0x80, 0xfa, 0x80, 0xfa, 0x80, 0xfa, 0x80, 0xfa,
    0x80, 0xfa, 0x80, 0xfa, 0x80, 0xfa, 0x80, 0xfa, 0x80, 0xfa, 0x80, 0xfa,
    0x80, 0xfa, 0x80, 0xfa, 0x80, 0xfa, 0x80, 0xfa, 0x80, 0xfa, 0x80, 0xfa,
    0x80, 0xfa, 0x40, 0x20, 0x00, 0x00, 0x00, 0x00, 0x00, 0x00, 0x00, 0x00,
    0x00, 0x00, 0x00, 0x00, 0x00, 0x00, 0x00, 0x00, 0x00, 0x00, 0x00, 0x00,
    0x00, 0x00, 0x00, 0x00, 0x00, 0x00, 0x00, 0x00, 0x00, 0x00, 0x00, 0x00,
    0x00, 0x00, 0x00, 0x00, 0x00, 0x00, 0x00, 0x00, 0x00, 0x00, 0x00, 0x00,
    0x00, 0x00, 0x00, 0x00, 0x00, 0x00, 0x00, 0x00, 0x00, 0x00, 0x00, 0x00,
    0x00, 0x00, 0x00, 0x00, 0x00, 0x00, 0x00, 0x00, 0x00, 0x00, 0x00, 0x00,
    0x00, 0x00, 0x00, 0x00, 0x00, 0x00, 0x00, 0x00, 0x00, 0x00, 0x00, 0x00,
    0x00, 0x00, 0x00, 0x00, 0x00, 0x00, 0x00, 0x00, 0x00, 0x00, 0x00, 0x00,
    0x00, 0x00, 0x00, 0x00, 0x00, 0x00, 0x00, 0x00, 0x00, 0x00, 0x00, 0x00,
    0x00, 0x00, 0x00, 0x00, 0x00, 0x00, 0x00, 0x00, 0x00, 0x00, 0x00, 0x00,
    0x00, 0x00, 0x00, 0x00, 0x00, 0x00, 0x00, 0x00, 0x00, 0x00, 0x00, 0x00,
    0x00, 0x00, 0x00, 0x00, 0x00, 0x00, 0x00, 0x00, 0x00, 0x00, 0x00, 0x00,
    0x00, 0x00, 0x00, 0x00, 0x00, 0x00, 0x00, 0x00, 0x00, 0x00, 0x00, 0x00,
    0x00, 0x00, 0x00, 0x00, 0x00, 0x00, 0x00, 0x00, 0x00, 0x00, 0x00, 0x00,
    0x00, 0x00, 0x00, 0x00, 0x00, 0x00, 0x00, 0x00, 0x00, 0x00, 0x00, 0x00,
    0x00, 0x00, 0x00, 0x00, 0x00, 0x00, 0x00, 0x00, 0x00, 0x00, 0x00, 0x00,
    0x00, 0x00, 0x00, 0x00, 0x00, 0x00, 0x00, 0x00, 0x00, 0x00, 0x00, 0x00,
    0x00, 0x00, 0x00, 0x00, 0x00, 0x00, 0x00, 0x00, 0x00, 0x00, 0x00, 0x00,
    0x00, 0x00, 0x00, 0x00, 0x00, 0x00, 0x00, 0x00, 0x00, 0x00, 0x00, 0x00,
    0x00, 0x00, 0x00, 0x00, 0x00, 0x00, 0x00, 0x00, 0x00, 0x00, 0x00, 0x00,
    0x00, 0x00, 0x00, 0x00, 0x00, 0x00, 0x00, 0x00, 0x00, 0x00, 0x00, 0x00,
    0x00, 0x00, 0x00, 0x00, 0x00, 0x00, 0x00, 0x00, 0x00, 0x00, 0x00, 0x00,
    0x00, 0x00, 0x00, 0x00, 0x00, 0x00, 0x00, 0x00, 0x00, 0x00, 0x00, 0x00,
    0x00, 0x00, 0x00, 0x00, 0x00, 0x00, 0x00, 0x00, 0x00, 0x00, 0x00, 0x00,
    0x00, 0x00, 0x00, 0x00, 0x00, 0x00, 0x00, 0x00, 0x00, 0x00, 0x00, 0x00,
    0x00, 0x00, 0x00, 0x00, 0x00, 0x00, 0x00, 0x00, 0x00, 0x00, 0x00, 0x00,
    0x00, 0x00, 0x00, 0x00, 0x00, 0x00, 0x00, 0x00, 0x00, 0x00, 0x00, 0x00,
    0x00, 0x00, 0x00, 0x00, 0x00, 0x00, 0x00, 0x00, 0x00, 0x00, 0x00, 0x00,
    0x00, 0x00, 0x00, 0x00, 0x00, 0x00, 0x00, 0x00, 0x00, 0x00, 0x00, 0x00,
    0x00, 0x00, 0x00, 0x00, 0x00, 0x00, 0x00, 0x00, 0x00, 0x00, 0x00, 0x00,
    0x00, 0x00, 0x00, 0x00, 0x00, 0x00, 0x00, 0x00, 0x00, 0x00, 0x00, 0x00,
    0x00, 0x00, 0x00, 0x00, 0x00, 0x00, 0x00, 0x00, 0x00, 0x00, 0x00, 0x00,
    0x00, 0x00, 0x00, 0x00, 0x00, 0x00, 0x00, 0x00, 0x00, 0x00, 0x00, 0x00,
    0x00, 0x00, 0x00, 0x00, 0x00, 0x00, 0x00, 0x00, 0x00, 0x00, 0x00, 0x00,
    0x00, 0x00, 0x80, 0xfa, 0x80, 0xfa, 0x80, 0xfa, 0x80, 0xfa, 0x80, 0xfa,
    0x80, 0xfa, 0x80, 0xfa, 0x80, 0xfa, 0x80, 0xfa, 0x80, 0xfa, 0x80, 0xfa,
    0x80, 0xfa, 0x80, 0xfa, 0x80, 0xfa, 0x80, 0xfa, 0x80, 0xfa, 0x80, 0xfa,
    0x80, 0xfa, 0x80, 0xfa, 0x80, 0xfa, 0x80, 0xfa, 0x80, 0xfa, 0x80, 0xfa,
    0x80, 0xfa, 0x80, 0xfa, 0x80, 0xfa, 0x80, 0xfa, 0x80, 0xfa, 0x80, 0xfa,
    0x80, 0xfa, 0x80, 0xfa, 0x80, 0xfa, 0x80, 0xfa, 0x80, 0xfa, 0x80, 0xfa,
    0x80, 0xfa, 0x80, 0xfa, 0x80, 0xfa, 0x80, 0xfa, 0x80, 0xfa, 0x80, 0xfa,
    0x80, 0xfa, 0x80, 0xfa, 0x80, 0xfa, 0x80, 0xfa, 0x80, 0xfa, 0x80, 0xfa,
    0x80, 0xfa, 0x80, 0xfa, 0x80, 0xfa, 0x80, 0xfa, 0x80, 0xfa, 0x80, 0xfa,
    0x80, 0xfa, 0x80, 0xfa, 0x80, 0xfa, 0x80, 0xfa, 0x80, 0xfa, 0x80, 0xfa,
    0x80, 0xfa, 0x80, 0xfa, 0x80, 0xfa, 0x80, 0xfa, 0x80, 0xfa, 0x80, 0xfa,
    0x80, 0xfa, 0x80, 0xfa, 0x80, 0xfa, 0x80, 0xfa, 0x80, 0xfa, 0x80, 0xfa,
    0x80, 0xfa, 0x80, 0xfa, 0x80, 0xfa, 0x80, 0xfa, 0x80, 0xfa, 0x80, 0xfa,
    0x80, 0xfa, 0x80, 0xfa, 0x80, 0xfa, 0x80, 0xfa, 0x80, 0xfa, 0x80, 0xfa,
    0x80, 0xfa, 0x80, 0xfa, 0x80, 0xfa, 0x80, 0xfa, 0x80, 0xfa, 0x80, 0xfa,
    0x80, 0xfa, 0x80, 0xfa, 0x80, 0xfa, 0x40, 0x20, 0x00, 0x00, 0x00, 0x00,
    0x00, 0x00, 0x00, 0x00, 0x00, 0x00, 0x00, 0x00, 0x00, 0x00, 0x00, 0x00,
    0x00, 0x00, 0x00, 0x00, 0x00, 0x00, 0x00, 0x00, 0x00, 0x00, 0x00, 0x00,
    0x00, 0x00, 0x00, 0x00, 0x00, 0x00, 0x00, 0x00, 0x00, 0x00, 0x00, 0x00,
    0x00, 0x00, 0x00, 0x00, 0x00, 0x00, 0x00, 0x00, 0x00, 0x00, 0x00, 0x00,
    0x00, 0x00, 0x00, 0x00, 0x00, 0x00, 0x00, 0x00, 0x00, 0x00, 0x00, 0x00,
    0x00, 0x00, 0x00, 0x00, 0x00, 0x00, 0x00, 0x00, 0x00, 0x00, 0x00, 0x00,
    0x00, 0x00, 0x00, 0x00, 0x00, 0x00, 0x00, 0x00, 0x00, 0x00, 0x00, 0x00,
    0x00, 0x00, 0x00, 0x00, 0x00, 0x00, 0x00, 0x00, 0x00, 0x00, 0x00, 0x00,
    0x00, 0x00, 0x00, 0x00, 0x00, 0x00, 0x00, 0x00, 0x00, 0x00, 0x00, 0x00,
    0x00, 0x00, 0x00, 0x00, 0x00, 0x00, 0x00, 0x00, 0x00, 0x00, 0x00, 0x00,
    0x00, 0x00, 0x00, 0x00, 0x00, 0x00, 0x00, 0x00, 0x00, 0x00, 0x00, 0x00,
    0x00, 0x00, 0x00, 0x00, 0x00, 0x00, 0x00, 0x00, 0x00, 0x00, 0x00, 0x00,
    0x00, 0x00, 0x00, 0x00, 0x00, 0x00, 0x00, 0x00, 0x00, 0x00, 0x00, 0x00,
    0x00, 0x00, 0x00, 0x00, 0x00, 0x00, 0x00, 0x00, 0x00, 0x00, 0x00, 0x00,
    0x00, 0x00, 0x00, 0x00, 0x00, 0x00, 0x00, 0x00, 0x00, 0x00, 0x00, 0x00,
    0x00, 0x00, 0x00, 0x00, 0x00, 0x00, 0x00, 0x00, 0x00, 0x00, 0x00, 0x00,
    0x00, 0x00, 0x00, 0x00, 0x00, 0x00, 0x00, 0x00, 0x00, 0x00, 0x00, 0x00,
    0x00, 0x00, 0x00, 0x00, 0x00, 0x00, 0x00, 0x00, 0x00, 0x00, 0x00, 0x00,
    0x00, 0x00, 0x00, 0x00, 0x00, 0x00, 0x00, 0x00, 0x00, 0x00, 0x00, 0x00,
    0x00, 0x00, 0x00, 0x00, 0x00, 0x00, 0x00, 0x00, 0x00, 0x00, 0x00, 0x00,
    0x00, 0x00, 0x00, 0x00, 0x00, 0x00, 0x00, 0x00, 0x00, 0x00, 0x00, 0x00,
    0x00, 0x00, 0x00, 0x00, 0x00, 0x00, 0x00, 0x00, 0x00, 0x00, 0x00, 0x00,
    0x00, 0x00, 0x00, 0x00, 0x00, 0x00, 0x00, 0x00, 0x00, 0x00, 0x00, 0x00,
    0x00, 0x00, 0x00, 0x00, 0x00, 0x00, 0x00, 0x00, 0x00, 0x00, 0x00, 0x00,
    0x00, 0x00, 0x00, 0x00, 0x00, 0x00, 0x00, 0x00, 0x00, 0x00, 0x00, 0x00,
    0x00, 0x00, 0x00, 0x00, 0x00, 0x00, 0x00, 0x00, 0x00, 0x00, 0x00, 0x00,
    0x00, 0x00, 0x00, 0x00, 0x00, 0x00, 0x00, 0x00, 0x00, 0x00, 0x00, 0x00,
    0x00, 0x00, 0x00, 0x00, 0x00, 0x00, 0x00, 0x00, 0x00, 0x00, 0x00, 0x00,
    0x00, 0x00, 0x00, 0x00, 0x00, 0x00, 0x00, 0x00, 0x00, 0x00, 0x00, 0x00,
    0x00, 0x00, 0x00, 0x00, 0x00, 0x00, 0x00, 0x00, 0x00, 0x00, 0x00, 0x00,
    0x00, 0x00, 0x00, 0x00, 0x00, 0x00, 0x00, 0x00, 0x00, 0x00, 0x00, 0x00,
    0x00, 0x00, 0x00, 0x00, 0x00, 0x00, 0x00, 0x00, 0x00, 0x00, 0x00, 0x00,
    0x00, 0x00, 0x00, 0x00, 0x00, 0x00, 0x00, 0x00, 0x00, 0x00, 0x00, 0x00,
    0x00, 0x00, 0x00, 0x00, 0x00, 0x00, 0x80, 0xfa, 0x80, 0xfa, 0x80, 0xfa,
    0x80, 0xfa, 0x80, 0xfa, 0x80, 0xfa, 0x80, 0xfa, 0x80, 0xfa, 0x80, 0xfa,
    0x80, 0xfa, 0x80, 0xfa, 0x80, 0xfa, 0x80, 0xfa, 0x80, 0xfa, 0x80, 0xfa,
    0x80, 0xfa, 0x80, 0xfa, 0x80, 0xfa, 0x80, 0xfa, 0x80, 0xfa, 0x80, 0xfa,
    0x80, 0xfa, 0x80, 0xfa, 0x80, 0xfa, 0x80, 0xfa, 0x80, 0xfa, 0x80, 0xfa,
    0x80, 0xfa, 0x80, 0xfa, 0x80, 0xfa, 0x80, 0xfa, 0x80, 0xfa, 0x80, 0xfa,
    0x80, 0xfa, 0x80, 0xfa, 0x80, 0xfa, 0x80, 0xfa, 0x80, 0xfa, 0x80, 0xfa,
    0x80, 0xfa, 0x80, 0xfa, 0x80, 0xfa, 0x80, 0xfa, 0x80, 0xfa, 0x80, 0xfa,
    0x80, 0xfa, 0x80, 0xfa, 0x80, 0xfa, 0x80, 0xfa, 0x80, 0xfa, 0x80, 0xfa,
    0x80, 0xfa, 0x80, 0xfa, 0x80, 0xfa, 0x80, 0xfa, 0x80, 0xfa, 0x80, 0xfa,
    0x80, 0xfa, 0x80, 0xfa, 0x80, 0xfa, 0x80, 0xfa, 0x80, 0xfa, 0x80, 0xfa,
    0x80, 0xfa, 0x80, 0xfa, 0x80, 0xfa, 0x80, 0xfa, 0x80, 0xfa, 0x80, 0xfa,
    0x80, 0xfa, 0x80, 0xfa, 0x80, 0xfa, 0x80, 0xfa, 0x80, 0xfa, 0x80, 0xfa,
    0x80, 0xfa, 0x80, 0xfa, 0x80, 0xfa, 0x80, 0xfa, 0x80, 0xfa, 0x80, 0xfa,
    0x80, 0xfa, 0x80, 0xfa, 0x80, 0xfa, 0x80, 0xfa, 0x80, 0xfa, 0x80, 0xfa,
    0x80, 0xfa, 0x80, 0xfa, 0x80, 0xfa, 0x80, 0xfa, 0x80, 0xfa, 0x60, 0x20,
    0x00, 0x00, 0x00, 0x00, 0x00, 0x00, 0x00, 0x00, 0x00, 0x00, 0x00, 0x00,
    0x00, 0x00, 0x00, 0x00, 0x00, 0x00, 0x00, 0x00, 0x00, 0x00, 0x00, 0x00,
    0x00, 0x00, 0x00, 0x00, 0x00, 0x00, 0x00, 0x00, 0x00, 0x00, 0x00, 0x00,
    0x00, 0x00, 0x00, 0x00, 0x00, 0x00, 0x00, 0x00, 0x00, 0x00, 0x00, 0x00,
    0x00, 0x00, 0x00, 0x00, 0x00, 0x00, 0x00, 0x00, 0x00, 0x00, 0x00, 0x00,
    0x00, 0x00, 0x00, 0x00, 0x00, 0x00, 0x00, 0x00, 0x00, 0x00, 0x00, 0x00,
    0x00, 0x00, 0x00, 0x00, 0x00, 0x00, 0x00, 0x00, 0x00, 0x00, 0x00, 0x00,
    0x00, 0x00, 0x00, 0x00, 0x00, 0x00, 0x00, 0x00, 0x00, 0x00, 0x00, 0x00,
    0x00, 0x00, 0x00, 0x00, 0x00, 0x00, 0x00, 0x00, 0x00, 0x00, 0x00, 0x00,
    0x00, 0x00, 0x00, 0x00, 0x00, 0x00, 0x00, 0x00, 0x00, 0x00, 0x00, 0x00,
    0x00, 0x00, 0x00, 0x00, 0x00, 0x00, 0x00, 0x00, 0x00, 0x00, 0x00, 0x00,
    0x00, 0x00, 0x00, 0x00, 0x00, 0x00, 0x00, 0x00, 0x00, 0x00, 0x00, 0x00,
    0x00, 0x00, 0x00, 0x00, 0x00, 0x00, 0x00, 0x00, 0x00, 0x00, 0x00, 0x00,
    0x00, 0x00, 0x00, 0x00, 0x00, 0x00, 0x00, 0x00, 0x00, 0x00, 0x00, 0x00,
    0x00, 0x00, 0x00, 0x00, 0x00, 0x00, 0x00, 0x00, 0x00, 0x00, 0x00, 0x00,
    0x00, 0x00, 0x00, 0x00, 0x00, 0x00, 0x00, 0x00, 0x00, 0x00, 0x00, 0x00,
    0x00, 0x00, 0x00, 0x00, 0x00, 0x00, 0x00, 0x00, 0x00, 0x00, 0x00, 0x00,
    0x00, 0x00, 0x00, 0x00, 0x00, 0x00, 0x00, 0x00, 0x00, 0x00, 0x00, 0x00,
    0x00, 0x00, 0x00, 0x00, 0x00, 0x00, 0x00, 0x00, 0x00, 0x00, 0x00, 0x00,
    0x00, 0x00, 0x00, 0x00, 0x00, 0x00, 0x00, 0x00, 0x00, 0x00, 0x00, 0x00,
    0x00, 0x00, 0x00, 0x00, 0x00, 0x00, 0x00, 0x00, 0x00, 0x00, 0x00, 0x00,
    0x00, 0x00, 0x00, 0x00, 0x00, 0x00, 0x00, 0x00, 0x00, 0x00, 0x00, 0x00,
    0x00, 0x00, 0x00, 0x00, 0x00, 0x00, 0x00, 0x00, 0x00, 0x00, 0x00, 0x00,
    0x00, 0x00, 0x00, 0x00, 0x00, 0x00, 0x00, 0x00, 0x00, 0x00, 0x00, 0x00,
    0x00, 0x00, 0x00, 0x00, 0x00, 0x00, 0x00, 0x00, 0x00, 0x00, 0x00, 0x00,
    0x00, 0x00, 0x00, 0x00, 0x00, 0x00, 0x00, 0x00, 0x00, 0x00, 0x00, 0x00,
    0x00, 0x00, 0x00, 0x00, 0x00, 0x00, 0x00, 0x00, 0x00, 0x00, 0x00, 0x00,
    0x00, 0x00, 0x00, 0x00, 0x00, 0x00, 0x00, 0x00, 0x00, 0x00, 0x00, 0x00,
    0x00, 0x00, 0x00, 0x00, 0x00, 0x00, 0x00, 0x00, 0x00, 0x00, 0x00, 0x00,
    0x00, 0x00, 0x00, 0x00, 0x00, 0x00, 0x00, 0x00, 0x00, 0x00, 0x00, 0x00,
    0x00, 0x00, 0x00, 0x00, 0x00, 0x00, 0x00, 0x00, 0x00, 0x00, 0x00, 0x00,
    0x00, 0x00, 0x00, 0x00, 0x00, 0x00, 0x00, 0x00, 0x00, 0x00, 0x00, 0x00,
    0x00, 0x00, 0x00, 0x00, 0x00, 0x00, 0x00, 0x00, 0x00, 0x00, 0x00, 0x00,
    0x00, 0x00, 0x00, 0x00, 0x00, 0x00, 0x00, 0x00, 0x00, 0x00, 0x80, 0xfa,
    0x80, 0xfa, 0x80, 0xfa, 0x80, 0xfa, 0x80, 0xfa, 0x80, 0xfa, 0x80, 0xfa,
    0x80, 0xfa, 0x80, 0xfa, 0x80, 0xfa, 0x80, 0xfa, 0x80, 0xfa, 0x80, 0xfa,
    0x80, 0xfa, 0x80, 0xfa, 0x80, 0xfa, 0x80, 0xfa, 0x80, 0xfa, 0x80, 0xfa,
    0x80, 0xfa, 0x80, 0xfa, 0x80, 0xfa, 0x80, 0xfa, 0x80, 0xfa, 0x80, 0xfa,
    0x80, 0xfa, 0x80, 0xfa, 0x80, 0xfa, 0x80, 0xfa, 0x80, 0xfa, 0x80, 0xfa,
    0x80, 0xfa, 0x80, 0xfa, 0x80, 0xfa, 0x80, 0xfa, 0x80, 0xfa, 0x80, 0xfa,
    0x80, 0xfa, 0x80, 0xfa, 0x80, 0xfa, 0x80, 0xfa, 0x80, 0xfa, 0x80, 0xfa,
    0x80, 0xfa, 0x80, 0xfa, 0x80, 0xfa, 0x80, 0xfa, 0x80, 0xfa, 0x80, 0xfa,
    0x80, 0xfa, 0x80, 0xfa, 0x80, 0xfa, 0x80, 0xfa, 0x80, 0xfa, 0x80, 0xfa,
    0x80, 0xfa, 0x80, 0xfa, 0x80, 0xfa, 0x80, 0xfa, 0x80, 0xfa, 0x80, 0xfa,
    0x80, 0xfa, 0x80, 0xfa, 0x80, 0xfa, 0x80, 0xfa, 0x80, 0xfa, 0x80, 0xfa,
    0x80, 0xfa, 0x80, 0xfa, 0x80, 0xfa, 0x80, 0xfa, 0x80, 0xfa, 0x80, 0xfa,
    0x80, 0xfa, 0x80, 0xfa, 0x80, 0xfa, 0x80, 0xfa, 0x80, 0xfa, 0x80, 0xfa,
    0x80, 0xfa, 0x80, 0xfa, 0x80, 0xfa, 0x80, 0xfa, 0x80, 0xfa, 0x80, 0xfa,
    0x80, 0xfa, 0x80, 0xfa, 0x80, 0xfa, 0x80, 0xfa, 0x80, 0xfa, 0x80, 0xfa,
    0x80, 0xfa, 0x40, 0x20, 0x00, 0x00, 0x00, 0x00, 0x00, 0x00, 0x00, 0x00,
    0x00, 0x00, 0x00, 0x00, 0x00, 0x00, 0x00, 0x00, 0x00, 0x00, 0x00, 0x00,
    0x00, 0x00, 0x00, 0x00, 0x00, 0x00, 0x00, 0x00, 0x00, 0x00, 0x00, 0x00,
    0x00, 0x00, 0x00, 0x00, 0x00, 0x00, 0x00, 0x00, 0x00, 0x00, 0x00, 0x00,
    0x00, 0x00, 0x00, 0x00, 0x00, 0x00, 0x00, 0x00, 0x00, 0x00, 0x00, 0x00,
    0x00, 0x00, 0x00, 0x00, 0x00, 0x00, 0x00, 0x00, 0x00, 0x00, 0x00, 0x00,
    0x00, 0x00, 0x00, 0x00, 0x00, 0x00, 0x00, 0x00, 0x00, 0x00, 0x00, 0x00,
    0x00, 0x00, 0x00, 0x00, 0x00, 0x00, 0x00, 0x00, 0x00, 0x00, 0x00, 0x00,
    0x00, 0x00, 0x00, 0x00, 0x00, 0x00, 0x00, 0x00, 0x00, 0x00, 0x00, 0x00,
    0x00, 0x00, 0x00, 0x00, 0x00, 0x00, 0x00, 0x00, 0x00, 0x00, 0x00, 0x00,
    0x00, 0x00, 0x00, 0x00, 0x00, 0x00, 0x00, 0x00, 0x00, 0x00, 0x00, 0x00,
    0x00, 0x00, 0x00, 0x00, 0x00, 0x00, 0x00, 0x00, 0x00, 0x00, 0x00, 0x00,
    0x00, 0x00, 0x00, 0x00, 0x00, 0x00, 0x00, 0x00, 0x00, 0x00, 0x00, 0x00,
    0x00, 0x00, 0x00, 0x00, 0x00, 0x00, 0x00, 0x00, 0x00, 0x00, 0x00, 0x00,
    0x00, 0x00, 0x00, 0x00, 0x00, 0x00, 0x00, 0x00, 0x00, 0x00, 0x00, 0x00,
    0x00, 0x00, 0x00, 0x00, 0x00, 0x00, 0x00, 0x00, 0x00, 0x00, 0x00, 0x00,
    0x00, 0x00, 0x00, 0x00, 0x00, 0x00, 0x00, 0x00, 0x00, 0x00, 0x00, 0x00,
    0x00, 0x00, 0x00, 0x00, 0x00, 0x00, 0x00, 0x00, 0x00, 0x00, 0x00, 0x00,
    0x00, 0x00, 0x00, 0x00, 0x00, 0x00, 0x00, 0x00, 0x00, 0x00, 0x00, 0x00,
    0x00, 0x00, 0x00, 0x00, 0x00, 0x00, 0x00, 0x00, 0x00, 0x00, 0x00, 0x00,
    0x00, 0x00, 0x00, 0x00, 0x00, 0x00, 0x00, 0x00, 0x00, 0x00, 0x00, 0x00,
    0x00, 0x00, 0x00, 0x00, 0x00, 0x00, 0x00, 0x00, 0x00, 0x00, 0x00, 0x00,
    0x00, 0x00, 0x00, 0x00, 0x00, 0x00, 0x00, 0x00, 0x00, 0x00, 0x00, 0x00,
    0x00, 0x00, 0x00, 0x00, 0x00, 0x00, 0x00, 0x00, 0x00, 0x00, 0x00, 0x00,
    0x00, 0x00, 0x00, 0x00, 0x00, 0x00, 0x00, 0x00, 0x00, 0x00, 0x00, 0x00,
    0x00, 0x00, 0x00, 0x00, 0x00, 0x00, 0x00, 0x00, 0x00, 0x00, 0x00, 0x00,
    0x00, 0x00, 0x00, 0x00, 0x00, 0x00, 0x00, 0x00, 0x00, 0x00, 0x00, 0x00,
    0x00, 0x00, 0x00, 0x00, 0x00, 0x00, 0x00, 0x00, 0x00, 0x00, 0x00, 0x00,
    0x00, 0x00, 0x00, 0x00, 0x00, 0x00, 0x00, 0x00, 0x00, 0x00, 0x00, 0x00,
    0x00, 0x00, 0x00, 0x00, 0x00, 0x00, 0x00, 0x00, 0x00, 0x00, 0x00, 0x00,
    0x00, 0x00, 0x00, 0x00, 0x00, 0x00, 0x00, 0x00, 0x00, 0x00, 0x00, 0x00,
    0x00, 0x00, 0x00, 0x00, 0x00, 0x00, 0x00, 0x00, 0x00, 0x00, 0x00, 0x00,
    0x00, 0x00, 0x00, 0x00, 0x00, 0x00, 0x00, 0x00, 0x00, 0x00, 0x00, 0x00,
    0x00, 0x00, 0x00, 0x00, 0x00, 0x00, 0x00, 0x00, 0x00, 0x00, 0x00, 0x00,
    0x00, 0x00, 0x80, 0xfa, 0x80, 0xfa, 0x80, 0xfa, 0x80, 0xfa, 0x80, 0xfa,
    0x80, 0xfa, 0x80, 0xfa, 0x80, 0xfa, 0x80, 0xfa, 0x80, 0xfa, 0x80, 0xfa,
    0x80, 0xfa, 0x80, 0xfa, 0x80, 0xfa, 0x80, 0xfa, 0x80, 0xfa, 0x80, 0xfa,
    0x80, 0xfa, 0x80, 0xfa, 0x80, 0xfa, 0x80, 0xfa, 0x80, 0xfa, 0x80, 0xfa,
    0x80, 0xfa, 0x80, 0xfa, 0x80, 0xfa, 0x80, 0xfa, 0x80, 0xfa, 0x80, 0xfa,
    0x80, 0xfa, 0x80, 0xfa, 0x80, 0xfa, 0x80, 0xfa, 0x80, 0xfa, 0x80, 0xfa,
    0x80, 0xfa, 0x80, 0xfa, 0x80, 0xfa, 0x80, 0xfa, 0x80, 0xfa, 0x80, 0xfa,
    0x80, 0xfa, 0x80, 0xfa, 0x80, 0xfa, 0x80, 0xfa, 0x80, 0xfa, 0x80, 0xfa,
    0x80, 0xfa, 0x80, 0xfa, 0x80, 0xfa, 0x80, 0xfa, 0x80, 0xfa, 0x80, 0xfa,
    0x80, 0xfa, 0x80, 0xfa, 0x80, 0xfa, 0x80, 0xfa, 0x80, 0xfa, 0x80, 0xfa,
    0x80, 0xfa, 0x80, 0xfa, 0x80, 0xfa, 0x80, 0xfa, 0x80, 0xfa, 0x80, 0xfa,
    0x80, 0xfa, 0x80, 0xfa, 0x80, 0xfa, 0x80, 0xfa, 0x80, 0xfa, 0x80, 0xfa,
    0x80, 0xfa, 0x80, 0xfa, 0x80, 0xfa, 0x80, 0xfa, 0x80, 0xfa, 0x80, 0xfa,
    0x80, 0xfa, 0x80, 0xfa, 0x80, 0xfa, 0x80, 0xfa, 0x80, 0xfa, 0x80, 0xfa,
    0x80, 0xfa, 0x80, 0xfa, 0x80, 0xfa, 0x80, 0xfa, 0x80, 0xfa, 0x80, 0xfa,
    0x80, 0xfa, 0x80, 0xfa, 0x80, 0xfa, 0x60, 0x20, 0x00, 0x00, 0x00, 0x00,
    0x00, 0x00, 0x00, 0x00, 0x00, 0x00, 0x00, 0x00, 0x00, 0x00, 0x00, 0x00,
    0x00, 0x00, 0x00, 0x00, 0x00, 0x00, 0x00, 0x00, 0x00, 0x00, 0x00, 0x00,
    0x00, 0x00, 0x00, 0x00, 0x00, 0x00, 0x00, 0x00, 0x00, 0x00, 0x00, 0x00,
    0x00, 0x00, 0x00, 0x00, 0x00, 0x00, 0x00, 0x00, 0x00, 0x00, 0x00, 0x00,
    0x00, 0x00, 0x00, 0x00, 0x00, 0x00, 0x00, 0x00, 0x00, 0x00, 0x00, 0x00,
    0x00, 0x00, 0x00, 0x00, 0x00, 0x00, 0x00, 0x00, 0x00, 0x00, 0x00, 0x00,
    0x00, 0x00, 0x00, 0x00, 0x00, 0x00, 0x00, 0x00, 0x00, 0x00, 0x00, 0x00,
    0x00, 0x00, 0x00, 0x00, 0x00, 0x00, 0x00, 0x00, 0x00, 0x00, 0x00, 0x00,
    0x00, 0x00, 0x00, 0x00, 0x00, 0x00, 0x00, 0x00, 0x00, 0x00, 0x00, 0x00,
    0x00, 0x00, 0x00, 0x00, 0x00, 0x00, 0x00, 0x00, 0x00, 0x00, 0x00, 0x00,
    0x00, 0x00, 0x00, 0x00, 0x00, 0x00, 0x00, 0x00, 0x00, 0x00, 0x00, 0x00,
    0x00, 0x00, 0x00, 0x00, 0x00, 0x00, 0x00, 0x00, 0x00, 0x00, 0x00, 0x00,
    0x00, 0x00, 0x00, 0x00, 0x00, 0x00, 0x00, 0x00, 0x00, 0x00, 0x00, 0x00,
    0x00, 0x00, 0x00, 0x00, 0x00, 0x00, 0x00, 0x00, 0x00, 0x00, 0x00, 0x00,
    0x00, 0x00, 0x00, 0x00, 0x00, 0x00, 0x00, 0x00, 0x00, 0x00, 0x00, 0x00,
    0x00, 0x00, 0x00, 0x00, 0x00, 0x00, 0x00, 0x00, 0x00, 0x00, 0x00, 0x00,
    0x00, 0x00, 0x00, 0x00, 0x00, 0x00, 0x00, 0x00, 0x00, 0x00, 0x00, 0x00,
    0x00, 0x00, 0x00, 0x00, 0x00, 0x00, 0x00, 0x00, 0x00, 0x00, 0x00, 0x00,
    0x00, 0x00, 0x00, 0x00, 0x00, 0x00, 0x00, 0x00, 0x00, 0x00, 0x00, 0x00,
    0x00, 0x00, 0x00, 0x00, 0x00, 0x00, 0x00, 0x00, 0x00, 0x00, 0x00, 0x00,
    0x00, 0x00, 0x00, 0x00, 0x00, 0x00, 0x00, 0x00, 0x00, 0x00, 0x00, 0x00,
    0x00, 0x00, 0x00, 0x00, 0x00, 0x00, 0x00, 0x00, 0x00, 0x00, 0x00, 0x00,
    0x00, 0x00, 0x00, 0x00, 0x00, 0x00, 0x00, 0x00, 0x00, 0x00, 0x00, 0x00,
    0x00, 0x00, 0x00, 0x00, 0x00, 0x00, 0x00, 0x00, 0x00, 0x00, 0x00, 0x00,
    0x00, 0x00, 0x00, 0x00, 0x00, 0x00, 0x00, 0x00, 0x00, 0x00, 0x00, 0x00,
    0x00, 0x00, 0x00, 0x00, 0x00, 0x00, 0x00, 0x00, 0x00, 0x00, 0x00, 0x00,
    0x00, 0x00, 0x00, 0x00, 0x00, 0x00, 0x00, 0x00, 0x00, 0x00, 0x00, 0x00,
    0x00, 0x00, 0x00, 0x00, 0x00, 0x00, 0x00, 0x00, 0x00, 0x00, 0x00, 0x00,
    0x00, 0x00, 0x00, 0x00, 0x00, 0x00, 0x00, 0x00, 0x00, 0x00, 0x00, 0x00,
    0x00, 0x00, 0x00, 0x00, 0x00, 0x00, 0x00, 0x00, 0x00, 0x00, 0x00, 0x00,
    0x00, 0x00, 0x00, 0x00, 0x00, 0x00, 0x00, 0x00, 0x00, 0x00, 0x00, 0x00,
    0x00, 0x00, 0x00, 0x00, 0x00, 0x00, 0x00, 0x00, 0x00, 0x00, 0x00, 0x00,
    0x00, 0x00, 0x00, 0x00, 0x00, 0x00, 0x00, 0x00, 0x00, 0x00, 0x00, 0x00,
    0x00, 0x00, 0x00, 0x00, 0x00, 0x00, 0x80, 0xfa, 0x80, 0xfa, 0x80, 0xfa,
    0x80, 0xfa, 0x80, 0xfa, 0x80, 0xfa, 0x80, 0xfa, 0x80, 0xfa, 0x80, 0xfa,
    0x80, 0xfa, 0x80, 0xfa, 0x80, 0xfa, 0x80, 0xfa, 0x80, 0xfa, 0x80, 0xfa,
    0x80, 0xfa, 0x80, 0xfa, 0x80, 0xfa, 0x80, 0xfa, 0x80, 0xfa, 0x80, 0xfa,
    0x80, 0xfa, 0x80, 0xfa, 0x80, 0xfa, 0x80, 0xfa, 0x80, 0xfa, 0x80, 0xfa,
    0x80, 0xfa, 0x80, 0xfa, 0x80, 0xfa, 0x80, 0xfa, 0x80, 0xfa, 0x80, 0xfa,
    0x80, 0xfa, 0x80, 0xfa, 0x80, 0xfa, 0x80, 0xfa, 0x80, 0xfa, 0x80, 0xfa,
    0x80, 0xfa, 0x80, 0xfa, 0x80, 0xfa, 0x80, 0xfa, 0x80, 0xfa, 0x80, 0xfa,
    0x80, 0xfa, 0x80, 0xfa, 0x80, 0xfa, 0x80, 0xfa, 0x80, 0xfa, 0x80, 0xfa,
    0x80, 0xfa, 0x80, 0xfa, 0x80, 0xfa, 0x80, 0xfa, 0x80, 0xfa, 0x80, 0xfa,
    0x80, 0xfa, 0x80, 0xfa, 0x80, 0xfa, 0x80, 0xfa, 0x80, 0xfa, 0x80, 0xfa,
    0x80, 0xfa, 0x80, 0xfa, 0x80, 0xfa, 0x80, 0xfa, 0x80, 0xfa, 0x80, 0xfa,
    0x80, 0xfa, 0x80, 0xfa, 0x80, 0xfa, 0x80, 0xfa, 0x80, 0xfa, 0x80, 0xfa,
    0x80, 0xfa, 0x80, 0xfa, 0x80, 0xfa, 0x80, 0xfa, 0x80, 0xfa, 0x80, 0xfa,
    0x80, 0xfa, 0x80, 0xfa, 0x80, 0xfa, 0x80, 0xfa, 0x80, 0xfa, 0x80, 0xfa,
    0x80, 0xfa, 0x80, 0xfa, 0x80, 0xfa, 0x80, 0xfa, 0x80, 0xfa, 0x40, 0x20,
    0x00, 0x00, 0x00, 0x00, 0x00, 0x00, 0x00, 0x00, 0x00, 0x00, 0x00, 0x00,
    0x00, 0x00, 0x00, 0x00, 0x00, 0x00, 0x00, 0x00, 0x00, 0x00, 0x00, 0x00,
    0x00, 0x00, 0x00, 0x00, 0x00, 0x00, 0x00, 0x00, 0x00, 0x00, 0x00, 0x00,
    0x00, 0x00, 0x00, 0x00, 0x00, 0x00, 0x00, 0x00, 0x00, 0x00, 0x00, 0x00,
    0x00, 0x00, 0x00, 0x00, 0x00, 0x00, 0x00, 0x00, 0x00, 0x00, 0x00, 0x00,
    0x00, 0x00, 0x00, 0x00, 0x00, 0x00, 0x00, 0x00, 0x00, 0x00, 0x00, 0x00,
    0x00, 0x00, 0x00, 0x00, 0x00, 0x00, 0x00, 0x00, 0x00, 0x00, 0x00, 0x00,
    0x00, 0x00, 0x00, 0x00, 0x00, 0x00, 0x00, 0x00, 0x00, 0x00, 0x00, 0x00,
    0x00, 0x00, 0x00, 0x00, 0x00, 0x00, 0x00, 0x00, 0x00, 0x00, 0x00, 0x00,
    0x00, 0x00, 0x00, 0x00, 0x00, 0x00, 0x00, 0x00, 0x00, 0x00, 0x00, 0x00,
    0x00, 0x00, 0x00, 0x00, 0x00, 0x00, 0x00, 0x00, 0x00, 0x00, 0x00, 0x00,
    0x00, 0x00, 0x00, 0x00, 0x00, 0x00, 0x00, 0x00, 0x00, 0x00, 0x00, 0x00,
    0x00, 0x00, 0x00, 0x00, 0x00, 0x00, 0x00, 0x00, 0x00, 0x00, 0x00, 0x00,
    0x00, 0x00, 0x00, 0x00, 0x00, 0x00, 0x00, 0x00, 0x00, 0x00, 0x00, 0x00,
    0x00, 0x00, 0x00, 0x00, 0x00, 0x00, 0x00, 0x00, 0x00, 0x00, 0x00, 0x00,
    0x00, 0x00, 0x00, 0x00, 0x00, 0x00, 0x00, 0x00, 0x00, 0x00, 0x00, 0x00,
    0x00, 0x00, 0x00, 0x00, 0x00, 0x00, 0x00, 0x00, 0x00, 0x00, 0x00, 0x00,
    0x00, 0x00, 0x00, 0x00, 0x00, 0x00, 0x00, 0x00, 0x00, 0x00, 0x00, 0x00,
    0x00, 0x00, 0x00, 0x00, 0x00, 0x00, 0x00, 0x00, 0x00, 0x00, 0x00, 0x00,
    0x00, 0x00, 0x00, 0x00, 0x00, 0x00, 0x00, 0x00, 0x00, 0x00, 0x00, 0x00,
    0x00, 0x00, 0x00, 0x00, 0x00, 0x00, 0x00, 0x00, 0x00, 0x00, 0x00, 0x00,
    0x00, 0x00, 0x00, 0x00, 0x00, 0x00, 0x00, 0x00, 0x00, 0x00, 0x00, 0x00,
    0x00, 0x00, 0x00, 0x00, 0x00, 0x00, 0x00, 0x00, 0x00, 0x00, 0x00, 0x00,
    0x00, 0x00, 0x00, 0x00, 0x00, 0x00, 0x00, 0x00, 0x00, 0x00, 0x00, 0x00,
    0x00, 0x00, 0x00, 0x00, 0x00, 0x00, 0x00, 0x00, 0x00, 0x00, 0x00, 0x00,
    0x00, 0x00, 0x00, 0x00, 0x00, 0x00, 0x00, 0x00, 0x00, 0x00, 0x00, 0x00,
    0x00, 0x00, 0x00, 0x00, 0x00, 0x00, 0x00, 0x00, 0x00, 0x00, 0x00, 0x00,
    0x00, 0x00, 0x00, 0x00, 0x00, 0x00, 0x00, 0x00, 0x00, 0x00, 0x00, 0x00,
    0x00, 0x00, 0x00, 0x00, 0x00, 0x00, 0x00, 0x00, 0x00, 0x00, 0x00, 0x00,
    0x00, 0x00, 0x00, 0x00, 0x00, 0x00, 0x00, 0x00, 0x00, 0x00, 0x00, 0x00,
    0x00, 0x00, 0x00, 0x00, 0x00, 0x00, 0x00, 0x00, 0x00, 0x00, 0x00, 0x00,
    0x00, 0x00, 0x00, 0x00, 0x00, 0x00, 0x00, 0x00, 0x00, 0x00, 0x00, 0x00,
    0x00, 0x00, 0x00, 0x00, 0x00, 0x00, 0x00, 0x00, 0x00, 0x00, 0x00, 0x00,
    0x00, 0x00, 0x00, 0x00, 0x00, 0x00, 0x00, 0x00, 0x00, 0x00, 0x80, 0xfa,
    0x80, 0xfa, 0x80, 0xfa, 0x80, 0xfa, 0x80, 0xfa, 0x80, 0xfa, 0x80, 0xfa,
    0x80, 0xfa, 0x80, 0xfa, 0x80, 0xfa, 0x80, 0xfa, 0x80, 0xfa, 0x80, 0xfa,
    0x80, 0xfa, 0x80, 0xfa, 0x80, 0xfa, 0x80, 0xfa, 0x80, 0xfa, 0x80, 0xfa,
    0x80, 0xfa, 0x80, 0xfa, 0x80, 0xfa, 0x80, 0xfa, 0x80, 0xfa, 0x80, 0xfa,
    0x80, 0xfa, 0x80, 0xfa, 0x80, 0xfa, 0x80, 0xfa, 0x80, 0xfa, 0x80, 0xfa,
    0x80, 0xfa, 0x80, 0xfa, 0x80, 0xfa, 0x80, 0xfa, 0x80, 0xfa, 0x80, 0xfa,
    0x80, 0xfa, 0x80, 0xfa, 0x80, 0xfa, 0x80, 0xfa, 0x80, 0xfa, 0x80, 0xfa,
    0x80, 0xfa, 0x80, 0xfa, 0x80, 0xfa, 0x80, 0xfa, 0x80, 0xfa, 0x80, 0xfa,
    0x80, 0xfa, 0x80, 0xfa, 0x80, 0xfa, 0x80, 0xfa, 0x80, 0xfa, 0x80, 0xfa,
    0x80, 0xfa, 0x80, 0xfa, 0x80, 0xfa, 0x80, 0xfa, 0x80, 0xfa, 0x80, 0xfa,
    0x80, 0xfa, 0x80, 0xfa, 0x80, 0xfa, 0x80, 0xfa, 0x80, 0xfa, 0x80, 0xfa,
    0x80, 0xfa, 0x80, 0xfa, 0x80, 0xfa, 0x80, 0xfa, 0x80, 0xfa, 0x80, 0xfa,
    0x80, 0xfa, 0x80, 0xfa, 0x80, 0xfa, 0x80, 0xfa, 0x80, 0xfa, 0x80, 0xfa,
    0x80, 0xfa, 0x80, 0xfa, 0x80, 0xfa, 0x80, 0xfa, 0x80, 0xfa, 0x80, 0xfa,
    0x80, 0xfa, 0x80, 0xfa, 0x80, 0xfa, 0x80, 0xfa, 0x80, 0xfa, 0x80, 0xfa,
    0x80, 0xfa, 0x40, 0x20, 0x00, 0x00, 0x00, 0x00, 0x00, 0x00, 0x00, 0x00,
    0x00, 0x00, 0x00, 0x00, 0x00, 0x00, 0x00, 0x00, 0x00, 0x00, 0x00, 0x00,
    0x00, 0x00, 0x00, 0x00, 0x00, 0x00, 0x00, 0x00, 0x00, 0x00, 0x00, 0x00,
    0x00, 0x00, 0x00, 0x00, 0x00, 0x00, 0x00, 0x00, 0x00, 0x00, 0x00, 0x00,
    0x00, 0x00, 0x00, 0x00, 0x00, 0x00, 0x00, 0x00, 0x00, 0x00, 0x00, 0x00,
    0x00, 0x00, 0x00, 0x00, 0x00, 0x00, 0x00, 0x00, 0x00, 0x00, 0x00, 0x00,
    0x00, 0x00, 0x00, 0x00, 0x00, 0x00, 0x00, 0x00, 0x00, 0x00, 0x00, 0x00,
    0x00, 0x00, 0x00, 0x00, 0x00, 0x00, 0x00, 0x00, 0x00, 0x00, 0x00, 0x00,
    0x00, 0x00, 0x00, 0x00, 0x00, 0x00, 0x00, 0x00, 0x00, 0x00, 0x00, 0x00,
    0x00, 0x00, 0x00, 0x00, 0x00, 0x00, 0x00, 0x00, 0x00, 0x00, 0x00, 0x00,
    0x00, 0x00, 0x00, 0x00, 0x00, 0x00, 0x00, 0x00, 0x00, 0x00, 0x00, 0x00,
    0x00, 0x00, 0x00, 0x00, 0x00, 0x00, 0x00, 0x00, 0x00, 0x00, 0x00, 0x00,
    0x00, 0x00, 0x00, 0x00, 0x00, 0x00, 0x00, 0x00, 0x00, 0x00, 0x00, 0x00,
    0x00, 0x00, 0x00, 0x00, 0x00, 0x00, 0x00, 0x00, 0x00, 0x00, 0x00, 0x00,
    0x00, 0x00, 0x00, 0x00, 0x00, 0x00, 0x00, 0x00, 0x00, 0x00, 0x00, 0x00,
    0x00, 0x00, 0x00, 0x00, 0x00, 0x00, 0x00, 0x00, 0x00, 0x00, 0x00, 0x00,
    0x00, 0x00, 0x00, 0x00, 0x00, 0x00, 0x00, 0x00, 0x00, 0x00, 0x00, 0x00,
    0x00, 0x00, 0x00, 0x00, 0x00, 0x00, 0x00, 0x00, 0x00, 0x00, 0x00, 0x00,
    0x00, 0x00, 0x00, 0x00, 0x00, 0x00, 0x00, 0x00, 0x00, 0x00, 0x00, 0x00,
    0x00, 0x00, 0x00, 0x00, 0x00, 0x00, 0x00, 0x00, 0x00, 0x00, 0x00, 0x00,
    0x00, 0x00, 0x00, 0x00, 0x00, 0x00, 0x00, 0x00, 0x00, 0x00, 0x00, 0x00,
    0x00, 0x00, 0x00, 0x00, 0x00, 0x00, 0x00, 0x00, 0x00, 0x00, 0x00, 0x00,
    0x00, 0x00, 0x00, 0x00, 0x00, 0x00, 0x00, 0x00, 0x00, 0x00, 0x00, 0x00,
    0x00, 0x00, 0x00, 0x00, 0x00, 0x00, 0x00, 0x00, 0x00, 0x00, 0x00, 0x00,
    0x00, 0x00, 0x00, 0x00, 0x00, 0x00, 0x00, 0x00, 0x00, 0x00, 0x00, 0x00,
    0x00, 0x00, 0x00, 0x00, 0x00, 0x00, 0x00, 0x00, 0x00, 0x00, 0x00, 0x00,
    0x00, 0x00, 0x00, 0x00, 0x00, 0x00, 0x00, 0x00, 0x00, 0x00, 0x00, 0x00,
    0x00, 0x00, 0x00, 0x00, 0x00, 0x00, 0x00, 0x00, 0x00, 0x00, 0x00, 0x00,
    0x00, 0x00, 0x00, 0x00, 0x00, 0x00, 0x00, 0x00, 0x00, 0x00, 0x00, 0x00,
    0x00, 0x00, 0x00, 0x00, 0x00, 0x00, 0x00, 0x00, 0x00, 0x00, 0x00, 0x00,
    0x00, 0x00, 0x00, 0x00, 0x00, 0x00, 0x00, 0x00, 0x00, 0x00, 0x00, 0x00,
    0x00, 0x00, 0x00, 0x00, 0x00, 0x00, 0x00, 0x00, 0x00, 0x00, 0x00, 0x00,
    0x00, 0x00, 0x00, 0x00, 0x00, 0x00, 0x00, 0x00, 0x00, 0x00, 0x00, 0x00,
    0x00, 0x00, 0x00, 0x00, 0x00, 0x00, 0x00, 0x00, 0x00, 0x00, 0x00, 0x00,
    0x00, 0x00, 0x80, 0xfa, 0x80, 0xfa, 0x80, 0xfa, 0x80, 0xfa, 0x80, 0xfa,
    0x80, 0xfa, 0x80, 0xfa, 0x80, 0xfa, 0x80, 0xfa, 0x80, 0xfa, 0x80, 0xfa,
    0x80, 0xfa, 0x80, 0xfa, 0x80, 0xfa, 0x80, 0xfa, 0x80, 0xfa, 0x80, 0xfa,
    0x80, 0xfa, 0x80, 0xfa, 0x80, 0xfa, 0x80, 0xfa, 0x80, 0xfa, 0x80, 0xfa,
    0x80, 0xfa, 0x80, 0xfa, 0x80, 0xfa, 0x80, 0xfa, 0x80, 0xfa, 0x80, 0xfa,
    0x80, 0xfa, 0x80, 0xfa, 0x80, 0xfa, 0x80, 0xfa, 0x80, 0xfa, 0x80, 0xfa,
    0x80, 0xfa, 0x80, 0xfa, 0x80, 0xfa, 0x80, 0xfa, 0x80, 0xfa, 0x80, 0xfa,
    0x80, 0xfa, 0x80, 0xfa, 0x80, 0xfa, 0x80, 0xfa, 0x80, 0xfa, 0x80, 0xfa,
    0x80, 0xfa, 0x80, 0xfa, 0x80, 0xfa, 0x80, 0xfa, 0x80, 0xfa, 0x80, 0xfa,
    0x80, 0xfa, 0x80, 0xfa, 0x80, 0xfa, 0x80, 0xfa, 0x80, 0xfa, 0x80, 0xfa,
    0x80, 0xfa, 0x80, 0xfa, 0x80, 0xfa, 0x80, 0xfa, 0x80, 0xfa, 0x80, 0xfa,
    0x80, 0xfa, 0x80, 0xfa, 0x80, 0xfa, 0x80, 0xfa, 0x80, 0xfa, 0x80, 0xfa,
    0x80, 0xfa, 0x80, 0xfa, 0x80, 0xfa, 0x80, 0xfa, 0x80, 0xfa, 0x80, 0xfa,
    0x80, 0xfa, 0x80, 0xfa, 0x80, 0xfa, 0x80, 0xfa, 0x80, 0xfa, 0x80, 0xfa,
    0x80, 0xfa, 0x80, 0xfa, 0x80, 0xfa, 0x80, 0xfa, 0x80, 0xfa, 0x80, 0xfa,
    0x80, 0xfa, 0x80, 0xfa, 0x80, 0xfa, 0x60, 0x20, 0x00, 0x00, 0x00, 0x00,
    0x00, 0x00, 0x00, 0x00, 0x00, 0x00, 0x00, 0x00, 0x00, 0x00, 0x00, 0x00,
    0x00, 0x00, 0x00, 0x00, 0x00, 0x00, 0x00, 0x00, 0x00, 0x00, 0x00, 0x00,
    0x00, 0x00, 0x00, 0x00, 0x00, 0x00, 0x00, 0x00, 0x00, 0x00, 0x00, 0x00,
    0x00, 0x00, 0x00, 0x00, 0x00, 0x00, 0x00, 0x00, 0x00, 0x00, 0x00, 0x00,
    0x00, 0x00, 0x00, 0x00, 0x00, 0x00, 0x00, 0x00, 0x00, 0x00, 0x00, 0x00,
    0x00, 0x00, 0x00, 0x00, 0x00, 0x00, 0x00, 0x00, 0x00, 0x00, 0x00, 0x00,
    0x00, 0x00, 0x00, 0x00, 0x00, 0x00, 0x00, 0x00, 0x00, 0x00, 0x00, 0x00,
    0x00, 0x00, 0x00, 0x00, 0x00, 0x00, 0x00, 0x00, 0x00, 0x00, 0x00, 0x00,
    0x00, 0x00, 0x00, 0x00, 0x00, 0x00, 0x00, 0x00, 0x00, 0x00, 0x00, 0x00,
    0x00, 0x00, 0x00, 0x00, 0x00, 0x00, 0x00, 0x00, 0x00, 0x00, 0x00, 0x00,
    0x00, 0x00, 0x00, 0x00, 0x00, 0x00, 0x00, 0x00, 0x00, 0x00, 0x00, 0x00,
    0x00, 0x00, 0x00, 0x00, 0x00, 0x00, 0x00, 0x00, 0x00, 0x00, 0x00, 0x00,
    0x00, 0x00, 0x00, 0x00, 0x00, 0x00, 0x00, 0x00, 0x00, 0x00, 0x00, 0x00,
    0x00, 0x00, 0x00, 0x00, 0x00, 0x00, 0x00, 0x00, 0x00, 0x00, 0x00, 0x00,
    0x00, 0x00, 0x00, 0x00, 0x00, 0x00, 0x00, 0x00, 0x00, 0x00, 0x00, 0x00,
    0x00, 0x00, 0x00, 0x00, 0x00, 0x00, 0x00, 0x00, 0x00, 0x00, 0x00, 0x00,
    0x00, 0x00, 0x00, 0x00, 0x00, 0x00, 0x00, 0x00, 0x00, 0x00, 0x00, 0x00,
    0x00, 0x00, 0x00, 0x00, 0x00, 0x00, 0x00, 0x00, 0x00, 0x00, 0x00, 0x00,
    0x00, 0x00, 0x00, 0x00, 0x00, 0x00, 0x00, 0x00, 0x00, 0x00, 0x00, 0x00,
    0x00, 0x00, 0x00, 0x00, 0x00, 0x00, 0x00, 0x00, 0x00, 0x00, 0x00, 0x00,
    0x00, 0x00, 0x00, 0x00, 0x00, 0x00, 0x00, 0x00, 0x00, 0x00, 0x00, 0x00,
    0x00, 0x00, 0x00, 0x00, 0x00, 0x00, 0x00, 0x00, 0x00, 0x00, 0x00, 0x00,
    0x00, 0x00, 0x00, 0x00, 0x00, 0x00, 0x00, 0x00, 0x00, 0x00, 0x00, 0x00,
    0x00, 0x00, 0x00, 0x00, 0x00, 0x00, 0x00, 0x00, 0x00, 0x00, 0x00, 0x00,
    0x00, 0x00, 0x00, 0x00, 0x00, 0x00, 0x00, 0x00, 0x00, 0x00, 0x00, 0x00,
    0x00, 0x00, 0x00, 0x00, 0x00, 0x00, 0x00, 0x00, 0x00, 0x00, 0x00, 0x00,
    0x00, 0x00, 0x00, 0x00, 0x00, 0x00, 0x00, 0x00, 0x00, 0x00, 0x00, 0x00,
    0x00, 0x00, 0x00, 0x00, 0x00, 0x00, 0x00, 0x00, 0x00, 0x00, 0x00, 0x00,
    0x00, 0x00, 0x00, 0x00, 0x00, 0x00, 0x00, 0x00, 0x00, 0x00, 0x00, 0x00,
    0x00, 0x00, 0x00, 0x00, 0x00, 0x00, 0x00, 0x00, 0x00, 0x00, 0x00, 0x00,
    0x00, 0x00, 0x00, 0x00, 0x00, 0x00, 0x00, 0x00, 0x00, 0x00, 0x00, 0x00,
    0x00, 0x00, 0x00, 0x00, 0x00, 0x00, 0x00, 0x00, 0x00, 0x00, 0x00, 0x00,
    0x00, 0x00, 0x00, 0x00, 0x00, 0x00, 0x00, 0x00, 0x00, 0x00, 0x00, 0x00,
    0x00, 0x00, 0x00, 0x00, 0x00, 0x00, 0x80, 0xfa, 0x80, 0xfa, 0x80, 0xfa,
    0x80, 0xfa, 0x80, 0xfa, 0x80, 0xfa, 0x80, 0xfa, 0x80, 0xfa, 0x80, 0xfa,
    0x80, 0xfa, 0x80, 0xfa, 0x80, 0xfa, 0x80, 0xfa, 0x80, 0xfa, 0x80, 0xfa,
    0x80, 0xfa, 0x80, 0xfa, 0x80, 0xfa, 0x80, 0xfa, 0x80, 0xfa, 0x80, 0xfa,
    0x80, 0xfa, 0x80, 0xfa, 0x80, 0xfa, 0x80, 0xfa, 0x80, 0xfa, 0x80, 0xfa,
    0x80, 0xfa, 0x80, 0xfa, 0x80, 0xfa, 0x80, 0xfa, 0x80, 0xfa, 0x80, 0xfa,
    0x80, 0xfa, 0x80, 0xfa, 0x80, 0xfa, 0x80, 0xfa, 0x80, 0xfa, 0x80, 0xfa,
    0x80, 0xfa, 0x80, 0xfa, 0x80, 0xfa, 0x80, 0xfa, 0x80, 0xfa, 0x80, 0xfa,
    0x80, 0xfa, 0x80, 0xfa, 0x80, 0xfa, 0x80, 0xfa, 0x80, 0xfa, 0x80, 0xfa,
    0x80, 0xfa, 0x80, 0xfa, 0x80, 0xfa, 0x80, 0xfa, 0x80, 0xfa, 0x80, 0xfa,
    0x80, 0xfa, 0x80, 0xfa, 0x80, 0xfa, 0x80, 0xfa, 0x80, 0xfa, 0x80, 0xfa,
    0x80, 0xfa, 0x80, 0xfa, 0x80, 0xfa, 0x80, 0xfa, 0x80, 0xfa, 0x80, 0xfa,
    0x80, 0xfa, 0x80, 0xfa, 0x80, 0xfa, 0x80, 0xfa, 0x80, 0xfa, 0x80, 0xfa,
    0x80, 0xfa, 0x80, 0xfa, 0x80, 0xfa, 0x80, 0xfa, 0x80, 0xfa, 0x80, 0xfa,
    0x80, 0xfa, 0x80, 0xfa, 0x80, 0xfa, 0x80, 0xfa, 0x80, 0xfa, 0x80, 0xfa,
    0x80, 0xfa, 0x80, 0xfa, 0x80, 0xfa, 0x80, 0xfa, 0x80, 0xfa, 0x40, 0x20,
    0x00, 0x00, 0x00, 0x00, 0x00, 0x00, 0x00, 0x00, 0x00, 0x00, 0x00, 0x00,
    0x00, 0x00, 0x00, 0x00, 0x00, 0x00, 0x00, 0x00, 0x00, 0x00, 0x00, 0x00,
    0x00, 0x00, 0x00, 0x00, 0x00, 0x00, 0x00, 0x00, 0x00, 0x00, 0x00, 0x00,
    0x00, 0x00, 0x00, 0x00, 0x00, 0x00, 0x00, 0x00, 0x00, 0x00, 0x00, 0x00,
    0x00, 0x00, 0x00, 0x00, 0x00, 0x00, 0x00, 0x00, 0x00, 0x00, 0x00, 0x00,
    0x00, 0x00, 0x00, 0x00, 0x00, 0x00, 0x00, 0x00, 0x00, 0x00, 0x00, 0x00,
    0x00, 0x00, 0x00, 0x00, 0x00, 0x00, 0x00, 0x00, 0x00, 0x00, 0x00, 0x00,
    0x00, 0x00, 0x00, 0x00, 0x00, 0x00, 0x00, 0x00, 0x00, 0x00, 0x00, 0x00,
    0x00, 0x00, 0x00, 0x00, 0x00, 0x00, 0x00, 0x00, 0x00, 0x00, 0x00, 0x00,
    0x00, 0x00, 0x00, 0x00, 0x00, 0x00, 0x00, 0x00, 0x00, 0x00, 0x00, 0x00,
    0x00, 0x00, 0x00, 0x00, 0x00, 0x00, 0x00, 0x00, 0x00, 0x00, 0x00, 0x00,
    0x00, 0x00, 0x00, 0x00, 0x00, 0x00, 0x00, 0x00, 0x00, 0x00, 0x00, 0x00,
    0x00, 0x00, 0x00, 0x00, 0x00, 0x00, 0x00, 0x00, 0x00, 0x00, 0x00, 0x00,
    0x00, 0x00, 0x00, 0x00, 0x00, 0x00, 0x00, 0x00, 0x00, 0x00, 0x00, 0x00,
    0x00, 0x00, 0x00, 0x00, 0x00, 0x00, 0x00, 0x00, 0x00, 0x00, 0x00, 0x00,
    0x00, 0x00, 0x00, 0x00, 0x00, 0x00, 0x00, 0x00, 0x00, 0x00, 0x00, 0x00,
    0x00, 0x00, 0x00, 0x00, 0x00, 0x00, 0x00, 0x00, 0x00, 0x00, 0x00, 0x00,
    0x00, 0x00, 0x00, 0x00, 0x00, 0x00, 0x00, 0x00, 0x00, 0x00, 0x00, 0x00,
    0x00, 0x00, 0x00, 0x00, 0x00, 0x00, 0x00, 0x00, 0x00, 0x00, 0x00, 0x00,
    0x00, 0x00, 0x00, 0x00, 0x00, 0x00, 0x00, 0x00, 0x00, 0x00, 0x00, 0x00,
    0x00, 0x00, 0x00, 0x00, 0x00, 0x00, 0x00, 0x00, 0x00, 0x00, 0x00, 0x00,
    0x00, 0x00, 0x00, 0x00, 0x00, 0x00, 0x00, 0x00, 0x00, 0x00, 0x00, 0x00,
    0x00, 0x00, 0x00, 0x00, 0x00, 0x00, 0x00, 0x00, 0x00, 0x00, 0x00, 0x00,
    0x00, 0x00, 0x00, 0x00, 0x00, 0x00, 0x00, 0x00, 0x00, 0x00, 0x00, 0x00,
    0x00, 0x00, 0x00, 0x00, 0x00, 0x00, 0x00, 0x00, 0x00, 0x00, 0x00, 0x00,
    0x00, 0x00, 0x00, 0x00, 0x00, 0x00, 0x00, 0x00, 0x00, 0x00, 0x00, 0x00,
    0x00, 0x00, 0x00, 0x00, 0x00, 0x00, 0x00, 0x00, 0x00, 0x00, 0x00, 0x00,
    0x00, 0x00, 0x00, 0x00, 0x00, 0x00, 0x00, 0x00, 0x00, 0x00, 0x00, 0x00,
    0x00, 0x00, 0x00, 0x00, 0x00, 0x00, 0x00, 0x00, 0x00, 0x00, 0x00, 0x00,
    0x00, 0x00, 0x00, 0x00, 0x00, 0x00, 0x00, 0x00, 0x00, 0x00, 0x00, 0x00,
    0x00, 0x00, 0x00, 0x00, 0x00, 0x00, 0x00, 0x00, 0x00, 0x00, 0x00, 0x00,
    0x00, 0x00, 0x00, 0x00, 0x00, 0x00, 0x00, 0x00, 0x00, 0x00, 0x00, 0x00,
    0x00, 0x00, 0x00, 0x00, 0x00, 0x00, 0x00, 0x00, 0x00, 0x00, 0x00, 0x00,
    0x00, 0x00, 0x00, 0x00, 0x00, 0x00, 0x00, 0x00, 0x00, 0x00, 0x80, 0xfa,
    0x80, 0xfa, 0x80, 0xfa, 0x80, 0xfa, 0x80, 0xfa, 0x80, 0xfa, 0x80, 0xfa,
    0x80, 0xfa, 0x80, 0xfa, 0x80, 0xfa, 0x80, 0xfa, 0x80, 0xfa, 0x80, 0xfa,
    0x80, 0xfa, 0x80, 0xfa, 0x80, 0xfa, 0x80, 0xfa, 0x80, 0xfa, 0x80, 0xfa,
    0x80, 0xfa, 0x80, 0xfa, 0x80, 0xfa, 0x80, 0xfa, 0x80, 0xfa, 0x80, 0xfa,
    0x80, 0xfa, 0x80, 0xfa, 0x80, 0xfa, 0x80, 0xfa, 0x80, 0xfa, 0x80, 0xfa,
    0x80, 0xfa, 0x80, 0xfa, 0x80, 0xfa, 0x80, 0xfa, 0x80, 0xfa, 0x80, 0xfa,
    0x80, 0xfa, 0x80, 0xfa, 0x80, 0xfa, 0x80, 0xfa, 0x80, 0xfa, 0x80, 0xfa,
    0x80, 0xfa, 0x80, 0xfa, 0x80, 0xfa, 0x80, 0xfa, 0x80, 0xfa, 0x80, 0xfa,
    0x80, 0xfa, 0x80, 0xfa, 0x80, 0xfa, 0x80, 0xfa, 0x80, 0xfa, 0x80, 0xfa,
    0x80, 0xfa, 0x80, 0xfa, 0x80, 0xfa, 0x80, 0xfa, 0x80, 0xfa, 0x80, 0xfa,
    0x80, 0xfa, 0x80, 0xfa, 0x80, 0xfa, 0x80, 0xfa, 0x80, 0xfa, 0x80, 0xfa,
    0x80, 0xfa, 0x80, 0xfa, 0x80, 0xfa, 0x80, 0xfa, 0x80, 0xfa, 0x80, 0xfa,
    0x80, 0xfa, 0x80, 0xfa, 0x80, 0xfa, 0x80, 0xfa, 0x80, 0xfa, 0x80, 0xfa,
    0x80, 0xfa, 0x80, 0xfa, 0x80, 0xfa, 0x80, 0xfa, 0x80, 0xfa, 0x80, 0xfa,
    0x80, 0xfa, 0x80, 0xfa, 0x80, 0xfa, 0x80, 0xfa, 0x80, 0xfa, 0x80, 0xfa,
    0x80, 0xfa, 0x60, 0x20, 0x00, 0x00, 0x00, 0x00, 0x00, 0x00, 0x00, 0x00,
    0x00, 0x00, 0x00, 0x00, 0x00, 0x00, 0x00, 0x00, 0x00, 0x00, 0x00, 0x00,
    0x00, 0x00, 0x00, 0x00, 0x00, 0x00, 0x00, 0x00, 0x00, 0x00, 0x00, 0x00,
    0x00, 0x00, 0x00, 0x00, 0x00, 0x00, 0x00, 0x00, 0x00, 0x00, 0x00, 0x00,
    0x00, 0x00, 0x00, 0x00, 0x00, 0x00, 0x00, 0x00, 0x00, 0x00, 0x00, 0x00,
    0x00, 0x00, 0x00, 0x00, 0x00, 0x00, 0x00, 0x00, 0x00, 0x00, 0x00, 0x00,
    0x00, 0x00, 0x00, 0x00, 0x00, 0x00, 0x00, 0x00, 0x00, 0x00, 0x00, 0x00,
    0x00, 0x00, 0x00, 0x00, 0x00, 0x00, 0x00, 0x00, 0x00, 0x00, 0x00, 0x00,
    0x00, 0x00, 0x00, 0x00, 0x00, 0x00, 0x00, 0x00, 0x00, 0x00, 0x00, 0x00,
    0x00, 0x00, 0x00, 0x00, 0x00, 0x00, 0x00, 0x00, 0x00, 0x00, 0x00, 0x00,
    0x00, 0x00, 0x00, 0x00, 0x00, 0x00, 0x00, 0x00, 0x00, 0x00, 0x00, 0x00,
    0x00, 0x00, 0x00, 0x00, 0x00, 0x00, 0x00, 0x00, 0x00, 0x00, 0x00, 0x00,
    0x00, 0x00, 0x00, 0x00, 0x00, 0x00, 0x00, 0x00, 0x00, 0x00, 0x00, 0x00,
    0x00, 0x00, 0x00, 0x00, 0x00, 0x00, 0x00, 0x00, 0x00, 0x00, 0x00, 0x00,
    0x00, 0x00, 0x00, 0x00, 0x00, 0x00, 0x00, 0x00, 0x00, 0x00, 0x00, 0x00,
    0x00, 0x00, 0x00, 0x00, 0x00, 0x00, 0x00, 0x00, 0x00, 0x00, 0x00, 0x00,
    0x00, 0x00, 0x00, 0x00, 0x00, 0x00, 0x00, 0x00, 0x00, 0x00, 0x00, 0x00,
    0x00, 0x00, 0x00, 0x00, 0x00, 0x00, 0x00, 0x00, 0x00, 0x00, 0x00, 0x00,
    0x00, 0x00, 0x00, 0x00, 0x00, 0x00, 0x00, 0x00, 0x00, 0x00, 0x00, 0x00,
    0x00, 0x00, 0x00, 0x00, 0x00, 0x00, 0x00, 0x00, 0x00, 0x00, 0x00, 0x00,
    0x00, 0x00, 0x00, 0x00, 0x00, 0x00, 0x00, 0x00, 0x00, 0x00, 0x00, 0x00,
    0x00, 0x00, 0x00, 0x00, 0x00, 0x00, 0x00, 0x00, 0x00, 0x00, 0x00, 0x00,
    0x00, 0x00, 0x00, 0x00, 0x00, 0x00, 0x00, 0x00, 0x00, 0x00, 0x00, 0x00,
    0x00, 0x00, 0x00, 0x00, 0x00, 0x00, 0x00, 0x00, 0x00, 0x00, 0x00, 0x00,
    0x00, 0x00, 0x00, 0x00, 0x00, 0x00, 0x00, 0x00, 0x00, 0x00, 0x00, 0x00,
    0x00, 0x00, 0x00, 0x00, 0x00, 0x00, 0x00, 0x00, 0x00, 0x00, 0x00, 0x00,
    0x00, 0x00, 0x00, 0x00, 0x00, 0x00, 0x00, 0x00, 0x00, 0x00, 0x00, 0x00,
    0x00, 0x00, 0x00, 0x00, 0x00, 0x00, 0x00, 0x00, 0x00, 0x00, 0x00, 0x00,
    0x00, 0x00, 0x00, 0x00, 0x00, 0x00, 0x00, 0x00, 0x00, 0x00, 0x00, 0x00,
    0x00, 0x00, 0x00, 0x00, 0x00, 0x00, 0x00, 0x00, 0x00, 0x00, 0x00, 0x00,
    0x00, 0x00, 0x00, 0x00, 0x00, 0x00, 0x00, 0x00, 0x00, 0x00, 0x00, 0x00,
    0x00, 0x00, 0x00, 0x00, 0x00, 0x00, 0x00, 0x00, 0x00, 0x00, 0x00, 0x00,
    0x00, 0x00, 0x00, 0x00, 0x00, 0x00, 0x00, 0x00, 0x00, 0x00, 0x00, 0x00,
    0x00, 0x00, 0x00, 0x00, 0x00, 0x00, 0x00, 0x00, 0x00, 0x00, 0x00, 0x00,
    0x00, 0x00, 0x80, 0xfa, 0x80, 0xfa, 0x80, 0xfa, 0x80, 0xfa, 0x80, 0xfa,
    0x80, 0xfa, 0x80, 0xfa, 0x80, 0xfa, 0x80, 0xfa, 0x80, 0xfa, 0x80, 0xfa,
    0x80, 0xfa, 0x80, 0xfa, 0x80, 0xfa, 0x80, 0xfa, 0x80, 0xfa, 0x80, 0xfa,
    0x80, 0xfa, 0x80, 0xfa, 0x80, 0xfa, 0x80, 0xfa, 0x80, 0xfa, 0x80, 0xfa,
    0x80, 0xfa, 0x80, 0xfa, 0x80, 0xfa, 0x80, 0xfa, 0x80, 0xfa, 0x80, 0xfa,
    0x80, 0xfa, 0x80, 0xfa, 0x80, 0xfa, 0x80, 0xfa, 0x80, 0xfa, 0x80, 0xfa,
    0x80, 0xfa, 0x80, 0xfa, 0x80, 0xfa, 0x80, 0xfa, 0x80, 0xfa, 0x80, 0xfa,
    0x80, 0xfa, 0x80, 0xfa, 0x80, 0xfa, 0x80, 0xfa, 0x80, 0xfa, 0x80, 0xfa,
    0x80, 0xfa, 0x80, 0xfa, 0x80, 0xfa, 0x80, 0xfa, 0x80, 0xfa, 0x80, 0xfa,
    0x80, 0xfa, 0x80, 0xfa, 0x80, 0xfa, 0x80, 0xfa, 0x80, 0xfa, 0x80, 0xfa,
    0x80, 0xfa, 0x80, 0xfa, 0x80, 0xfa, 0x80, 0xfa, 0x80, 0xfa, 0x80, 0xfa,
    0x80, 0xfa, 0x80, 0xfa, 0x80, 0xfa, 0x80, 0xfa, 0x80, 0xfa, 0x80, 0xfa,
    0x80, 0xfa, 0x80, 0xfa, 0x80, 0xfa, 0x80, 0xfa, 0x80, 0xfa, 0x80, 0xfa,
    0x80, 0xfa, 0x80, 0xfa, 0x80, 0xfa, 0x80, 0xfa, 0x80, 0xfa, 0x80, 0xfa,
    0x80, 0xfa, 0x80, 0xfa, 0x80, 0xfa, 0x80, 0xfa, 0x80, 0xfa, 0x80, 0xfa,
    0x80, 0xfa, 0x80, 0xfa, 0x80, 0xfa, 0x40, 0x20, 0x00, 0x00, 0x00, 0x00,
    0x00, 0x00, 0x00, 0x00, 0x00, 0x00, 0x00, 0x00, 0x00, 0x00, 0x00, 0x00,
    0x00, 0x00, 0x00, 0x00, 0x00, 0x00, 0x00, 0x00, 0x00, 0x00, 0x00, 0x00,
    0x00, 0x00, 0x00, 0x00, 0x00, 0x00, 0x00, 0x00, 0x00, 0x00, 0x00, 0x00,
    0x00, 0x00, 0x00, 0x00, 0x00, 0x00, 0x00, 0x00, 0x00, 0x00, 0x00, 0x00,
    0x00, 0x00, 0x00, 0x00, 0x00, 0x00, 0x00, 0x00, 0x00, 0x00, 0x00, 0x00,
    0x00, 0x00, 0x00, 0x00, 0x00, 0x00, 0x00, 0x00, 0x00, 0x00, 0x00, 0x00,
    0x00, 0x00, 0x00, 0x00, 0x00, 0x00, 0x00, 0x00, 0x00, 0x00, 0x00, 0x00,
    0x00, 0x00, 0x00, 0x00, 0x00, 0x00, 0x00, 0x00, 0x00, 0x00, 0x00, 0x00,
    0x00, 0x00, 0x00, 0x00, 0x00, 0x00, 0x00, 0x00, 0x00, 0x00, 0x00, 0x00,
    0x00, 0x00, 0x00, 0x00, 0x00, 0x00, 0x00, 0x00, 0x00, 0x00, 0x00, 0x00,
    0x00, 0x00, 0x00, 0x00, 0x00, 0x00, 0x00, 0x00, 0x00, 0x00, 0x00, 0x00,
    0x00, 0x00, 0x00, 0x00, 0x00, 0x00, 0x00, 0x00, 0x00, 0x00, 0x00, 0x00,
    0x00, 0x00, 0x00, 0x00, 0x00, 0x00, 0x00, 0x00, 0x00, 0x00, 0x00, 0x00,
    0x00, 0x00, 0x00, 0x00, 0x00, 0x00, 0x00, 0x00, 0x00, 0x00, 0x00, 0x00,
    0x00, 0x00, 0x00, 0x00, 0x00, 0x00, 0x00, 0x00, 0x00, 0x00, 0x00, 0x00,
    0x00, 0x00, 0x00, 0x00, 0x00, 0x00, 0x00, 0x00, 0x00, 0x00, 0x00, 0x00,
    0x00, 0x00, 0x00, 0x00, 0x00, 0x00, 0x00, 0x00, 0x00, 0x00, 0x00, 0x00,
    0x00, 0x00, 0x00, 0x00, 0x00, 0x00, 0x00, 0x00, 0x00, 0x00, 0x00, 0x00,
    0x00, 0x00, 0x00, 0x00, 0x00, 0x00, 0x00, 0x00, 0x00, 0x00, 0x00, 0x00,
    0x00, 0x00, 0x00, 0x00, 0x00, 0x00, 0x00, 0x00, 0x00, 0x00, 0x00, 0x00,
    0x00, 0x00, 0x00, 0x00, 0x00, 0x00, 0x00, 0x00, 0x00, 0x00, 0x00, 0x00,
    0x00, 0x00, 0x00, 0x00, 0x00, 0x00, 0x00, 0x00, 0x00, 0x00, 0x00, 0x00,
    0x00, 0x00, 0x00, 0x00, 0x00, 0x00, 0x00, 0x00, 0x00, 0x00, 0x00, 0x00,
    0x00, 0x00, 0x00, 0x00, 0x00, 0x00, 0x00, 0x00, 0x00, 0x00, 0x00, 0x00,
    0x00, 0x00, 0x00, 0x00, 0x00, 0x00, 0x00, 0x00, 0x00, 0x00, 0x00, 0x00,
    0x00, 0x00, 0x00, 0x00, 0x00, 0x00, 0x00, 0x00, 0x00, 0x00, 0x00, 0x00,
    0x00, 0x00, 0x00, 0x00, 0x00, 0x00, 0x00, 0x00, 0x00, 0x00, 0x00, 0x00,
    0x00, 0x00, 0x00, 0x00, 0x00, 0x00, 0x00, 0x00, 0x00, 0x00, 0x00, 0x00,
    0x00, 0x00, 0x00, 0x00, 0x00, 0x00, 0x00, 0x00, 0x00, 0x00, 0x00, 0x00,
    0x00, 0x00, 0x00, 0x00, 0x00, 0x00, 0x00, 0x00, 0x00, 0x00, 0x00, 0x00,
    0x00, 0x00, 0x00, 0x00, 0x00, 0x00, 0x00, 0x00, 0x00, 0x00, 0x00, 0x00,
    0x00, 0x00, 0x00, 0x00, 0x00, 0x00, 0x00, 0x00, 0x00, 0x00, 0x00, 0x00,
    0x00, 0x00, 0x00, 0x00, 0x00, 0x00, 0x00, 0x00, 0x00, 0x00, 0x00, 0x00,
    0x00, 0x00, 0x00, 0x00, 0x00, 0x00, 0x80, 0xfa, 0x80, 0xfa, 0x80, 0xfa,
    0x80, 0xfa, 0x80, 0xfa, 0x80, 0xfa, 0x80, 0xfa, 0x80, 0xfa, 0x80, 0xfa,
    0x80, 0xfa, 0x80, 0xfa, 0x80, 0xfa, 0x80, 0xfa, 0x80, 0xfa, 0x80, 0xfa,
    0x80, 0xfa, 0x80, 0xfa, 0x80, 0xfa, 0x80, 0xfa, 0x80, 0xfa, 0x80, 0xfa,
    0x80, 0xfa, 0x80, 0xfa, 0x80, 0xfa, 0x80, 0xfa, 0x80, 0xfa, 0x80, 0xfa,
    0x80, 0xfa, 0x80, 0xfa, 0x80, 0xfa, 0x80, 0xfa, 0x80, 0xfa, 0x80, 0xfa,
    0x80, 0xfa, 0x80, 0xfa, 0x80, 0xfa, 0x80, 0xfa, 0x80, 0xfa, 0x80, 0xfa,
    0x80, 0xfa, 0x80, 0xfa, 0x80, 0xfa, 0x80, 0xfa, 0x80, 0xfa, 0x80, 0xfa,
    0x80, 0xfa, 0x80, 0xfa, 0x80, 0xfa, 0x80, 0xfa, 0x80, 0xfa, 0x80, 0xfa,
    0x80, 0xfa, 0x80, 0xfa, 0x80, 0xfa, 0x80, 0xfa, 0x80, 0xfa, 0x80, 0xfa,
    0x80, 0xfa, 0x80, 0xfa, 0x80, 0xfa, 0x80, 0xfa, 0x80, 0xfa, 0x80, 0xfa,
    0x80, 0xfa, 0x80, 0xfa, 0x80, 0xfa, 0x80, 0xfa, 0x80, 0xfa, 0x80, 0xfa,
    0x80, 0xfa, 0x80, 0xfa, 0x80, 0xfa, 0x80, 0xfa, 0x80, 0xfa, 0x80, 0xfa,
    0x80, 0xfa, 0x80, 0xfa, 0x80, 0xfa, 0x80, 0xfa, 0x80, 0xfa, 0x80, 0xfa,
    0x80, 0xfa, 0x80, 0xfa, 0x80, 0xfa, 0x80, 0xfa, 0x80, 0xfa, 0x80, 0xfa,
    0x80, 0xfa, 0x80, 0xfa, 0x80, 0xfa, 0x80, 0xfa, 0x80, 0xfa, 0x40, 0x20,
    0x00, 0x00, 0x00, 0x00, 0x00, 0x00, 0x00, 0x00, 0x00, 0x00, 0x00, 0x00,
    0x00, 0x00, 0x00, 0x00, 0x00, 0x00, 0x00, 0x00, 0x00, 0x00, 0x00, 0x00,
    0x00, 0x00, 0x00, 0x00, 0x00, 0x00, 0x00, 0x00, 0x00, 0x00, 0x00, 0x00,
    0x00, 0x00, 0x00, 0x00, 0x00, 0x00, 0x00, 0x00, 0x00, 0x00, 0x00, 0x00,
    0x00, 0x00, 0x00, 0x00, 0x00, 0x00, 0x00, 0x00, 0x00, 0x00, 0x00, 0x00,
    0x00, 0x00, 0x00, 0x00, 0x00, 0x00, 0x00, 0x00, 0x00, 0x00, 0x00, 0x00,
    0x00, 0x00, 0x00, 0x00, 0x00, 0x00, 0x00, 0x00, 0x00, 0x00, 0x00, 0x00,
    0x00, 0x00, 0x00, 0x00, 0x00, 0x00, 0x00, 0x00, 0x00, 0x00, 0x00, 0x00,
    0x00, 0x00, 0x00, 0x00, 0x00, 0x00, 0x00, 0x00, 0x00, 0x00, 0x00, 0x00,
    0x00, 0x00, 0x00, 0x00, 0x00, 0x00, 0x00, 0x00, 0x00, 0x00, 0x00, 0x00,
    0x00, 0x00, 0x00, 0x00, 0x00, 0x00, 0x00, 0x00, 0x00, 0x00, 0x00, 0x00,
    0x00, 0x00, 0x00, 0x00, 0x00, 0x00, 0x00, 0x00, 0x00, 0x00, 0x00, 0x00,
    0x00, 0x00, 0x00, 0x00, 0x00, 0x00, 0x00, 0x00, 0x00, 0x00, 0x00, 0x00,
    0x00, 0x00, 0x00, 0x00, 0x00, 0x00, 0x00, 0x00, 0x00, 0x00, 0x00, 0x00,
    0x00, 0x00, 0x00, 0x00, 0x00, 0x00, 0x00, 0x00, 0x00, 0x00, 0x00, 0x00,
    0x00, 0x00, 0x00, 0x00, 0x00, 0x00, 0x00, 0x00, 0x00, 0x00, 0x00, 0x00,
    0x00, 0x00, 0x00, 0x00, 0x00, 0x00, 0x00, 0x00, 0x00, 0x00, 0x00, 0x00,
    0x00, 0x00, 0x00, 0x00, 0x00, 0x00, 0x00, 0x00, 0x00, 0x00, 0x00, 0x00,
    0x00, 0x00, 0x00, 0x00, 0x00, 0x00, 0x00, 0x00, 0x00, 0x00, 0x00, 0x00,
    0x00, 0x00, 0x00, 0x00, 0x00, 0x00, 0x00, 0x00, 0x00, 0x00, 0x00, 0x00,
    0x00, 0x00, 0x00, 0x00, 0x00, 0x00, 0x00, 0x00, 0x00, 0x00, 0x00, 0x00,
    0x00, 0x00, 0x00, 0x00, 0x00, 0x00, 0x00, 0x00, 0x00, 0x00, 0x00, 0x00,
    0x00, 0x00, 0x00, 0x00, 0x00, 0x00, 0x00, 0x00, 0x00, 0x00, 0x00, 0x00,
    0x00, 0x00, 0x00, 0x00, 0x00, 0x00, 0x00, 0x00, 0x00, 0x00, 0x00, 0x00,
    0x00, 0x00, 0x00, 0x00, 0x00, 0x00, 0x00, 0x00, 0x00, 0x00, 0x00, 0x00,
    0x00, 0x00, 0x00, 0x00, 0x00, 0x00, 0x00, 0x00, 0x00, 0x00, 0x00, 0x00,
    0x00, 0x00, 0x00, 0x00, 0x00, 0x00, 0x00, 0x00, 0x00, 0x00, 0x00, 0x00,
    0x00, 0x00, 0x00, 0x00, 0x00, 0x00, 0x00, 0x00, 0x00, 0x00, 0x00, 0x00,
    0x00, 0x00, 0x00, 0x00, 0x00, 0x00, 0x00, 0x00, 0x00, 0x00, 0x00, 0x00,
    0x00, 0x00, 0x00, 0x00, 0x00, 0x00, 0x00, 0x00, 0x00, 0x00, 0x00, 0x00,
    0x00, 0x00, 0x00, 0x00, 0x00, 0x00, 0x00, 0x00, 0x00, 0x00, 0x00, 0x00,
    0x00, 0x00, 0x00, 0x00, 0x00, 0x00, 0x00, 0x00, 0x00, 0x00, 0x00, 0x00,
    0x00, 0x00, 0x00, 0x00, 0x00, 0x00, 0x00, 0x00, 0x00, 0x00, 0x00, 0x00,
    0x00, 0x00, 0x00, 0x00, 0x00, 0x00, 0x00, 0x00, 0x00, 0x00, 0x80, 0xfa,
    0x80, 0xfa, 0x80, 0xfa, 0x80, 0xfa, 0x80, 0xfa, 0x80, 0xfa, 0x80, 0xfa,
    0x80, 0xfa, 0x80, 0xfa, 0x80, 0xfa, 0x80, 0xfa, 0x80, 0xfa, 0x80, 0xfa,
    0x80, 0xfa, 0x80, 0xfa, 0x80, 0xfa, 0x80, 0xfa, 0x80, 0xfa, 0x80, 0xfa,
    0x80, 0xfa, 0x80, 0xfa, 0x80, 0xfa, 0x80, 0xfa, 0x80, 0xfa, 0x80, 0xfa,
    0x80, 0xfa, 0x80, 0xfa, 0x80, 0xfa, 0x80, 0xfa, 0x80, 0xfa, 0x80, 0xfa,
    0x80, 0xfa, 0x80, 0xfa, 0x80, 0xfa, 0x80, 0xfa, 0x80, 0xfa, 0x80, 0xfa,
    0x80, 0xfa, 0x80, 0xfa, 0x80, 0xfa, 0x80, 0xfa, 0x80, 0xfa, 0x80, 0xfa,
    0x80, 0xfa, 0x80, 0xfa, 0x80, 0xfa, 0x80, 0xfa, 0x80, 0xfa, 0x80, 0xfa,
    0x80, 0xfa, 0x80, 0xfa, 0x80, 0xfa, 0x80, 0xfa, 0x80, 0xfa, 0x80, 0xfa,
    0x80, 0xfa, 0x80, 0xfa, 0x80, 0xfa, 0x80, 0xfa, 0x80, 0xfa, 0x80, 0xfa,
    0x80, 0xfa, 0x80, 0xfa, 0x80, 0xfa, 0x80, 0xfa, 0x80, 0xfa, 0x80, 0xfa,
    0x80, 0xfa, 0x80, 0xfa, 0x80, 0xfa, 0x80, 0xfa, 0x80, 0xfa, 0x80, 0xfa,
    0x80, 0xfa, 0x80, 0xfa, 0x80, 0xfa, 0x80, 0xfa, 0x80, 0xfa, 0x80, 0xfa,
    0x80, 0xfa, 0x80, 0xfa, 0x80, 0xfa, 0x80, 0xfa, 0x80, 0xfa, 0x80, 0xfa,
    0x80, 0xfa, 0x80, 0xfa, 0x80, 0xfa, 0x80, 0xfa, 0x80, 0xfa, 0x80, 0xfa,
    0x80, 0xfa, 0x60, 0x20, 0x00, 0x00, 0x00, 0x00, 0x00, 0x00, 0x00, 0x00,
    0x00, 0x00, 0x00, 0x00, 0x00, 0x00, 0x00, 0x00, 0x00, 0x00, 0x00, 0x00,
    0x00, 0x00, 0x00, 0x00, 0x00, 0x00, 0x00, 0x00, 0x00, 0x00, 0x00, 0x00,
    0x00, 0x00, 0x00, 0x00, 0x00, 0x00, 0x00, 0x00, 0x00, 0x00, 0x00, 0x00,
    0x00, 0x00, 0x00, 0x00, 0x00, 0x00, 0x00, 0x00, 0x00, 0x00, 0x00, 0x00,
    0x00, 0x00, 0x00, 0x00, 0x00, 0x00, 0x00, 0x00, 0x00, 0x00, 0x00, 0x00,
    0x00, 0x00, 0x00, 0x00, 0x00, 0x00, 0x00, 0x00, 0x00, 0x00, 0x00, 0x00,
    0x00, 0x00, 0x00, 0x00, 0x00, 0x00, 0x00, 0x00, 0x00, 0x00, 0x00, 0x00,
    0x00, 0x00, 0x00, 0x00, 0x00, 0x00, 0x00, 0x00, 0x00, 0x00, 0x00, 0x00,
    0x00, 0x00, 0x00, 0x00, 0x00, 0x00, 0x00, 0x00, 0x00, 0x00, 0x00, 0x00,
    0x00, 0x00, 0x00, 0x00, 0x00, 0x00, 0x00, 0x00, 0x00, 0x00, 0x00, 0x00,
    0x00, 0x00, 0x00, 0x00, 0x00, 0x00, 0x00, 0x00, 0x00, 0x00, 0x00, 0x00,
    0x00, 0x00, 0x00, 0x00, 0x00, 0x00, 0x00, 0x00, 0x00, 0x00, 0x00, 0x00,
    0x00, 0x00, 0x00, 0x00, 0x00, 0x00, 0x00, 0x00, 0x00, 0x00, 0x00, 0x00,
    0x00, 0x00, 0x00, 0x00, 0x00, 0x00, 0x00, 0x00, 0x00, 0x00, 0x00, 0x00,
    0x00, 0x00, 0x00, 0x00, 0x00, 0x00, 0x00, 0x00, 0x00, 0x00, 0x00, 0x00,
    0x00, 0x00, 0x00, 0x00, 0x00, 0x00, 0x00, 0x00, 0x00, 0x00, 0x00, 0x00,
    0x00, 0x00, 0x00, 0x00, 0x00, 0x00, 0x00, 0x00, 0x00, 0x00, 0x00, 0x00,
    0x00, 0x00, 0x00, 0x00, 0x00, 0x00, 0x00, 0x00, 0x00, 0x00, 0x00, 0x00,
    0x00, 0x00, 0x00, 0x00, 0x00, 0x00, 0x00, 0x00, 0x00, 0x00, 0x00, 0x00,
    0x00, 0x00, 0x00, 0x00, 0x00, 0x00, 0x00, 0x00, 0x00, 0x00, 0x00, 0x00,
    0x00, 0x00, 0x00, 0x00, 0x00, 0x00, 0x00, 0x00, 0x00, 0x00, 0x00, 0x00,
    0x00, 0x00, 0x00, 0x00, 0x00, 0x00, 0x00, 0x00, 0x00, 0x00, 0x00, 0x00,
    0x00, 0x00, 0x00, 0x00, 0x00, 0x00, 0x00, 0x00, 0x00, 0x00, 0x00, 0x00,
    0x00, 0x00, 0x00, 0x00, 0x00, 0x00, 0x00, 0x00, 0x00, 0x00, 0x00, 0x00,
    0x00, 0x00, 0x00, 0x00, 0x00, 0x00, 0x00, 0x00, 0x00, 0x00, 0x00, 0x00,
    0x00, 0x00, 0x00, 0x00, 0x00, 0x00, 0x00, 0x00, 0x00, 0x00, 0x00, 0x00,
    0x00, 0x00, 0x00, 0x00, 0x00, 0x00, 0x00, 0x00, 0x00, 0x00, 0x00, 0x00,
    0x00, 0x00, 0x00, 0x00, 0x00, 0x00, 0x00, 0x00, 0x00, 0x00, 0x00, 0x00,
    0x00, 0x00, 0x00, 0x00, 0x00, 0x00, 0x00, 0x00, 0x00, 0x00, 0x00, 0x00,
    0x00, 0x00, 0x00, 0x00, 0x00, 0x00, 0x00, 0x00, 0x00, 0x00, 0x00, 0x00,
    0x00, 0x00, 0x00, 0x00, 0x00, 0x00, 0x00, 0x00, 0x00, 0x00, 0x00, 0x00,
    0x00, 0x00, 0x00, 0x00, 0x00, 0x00, 0x00, 0x00, 0x00, 0x00, 0x00, 0x00,
    0x00, 0x00, 0x00, 0x00, 0x00, 0x00, 0x00, 0x00, 0x00, 0x00, 0x00, 0x00,
    0x00, 0x00, 0x80, 0xfa, 0x80, 0xfa, 0x80, 0xfa, 0x80, 0xfa, 0x80, 0xfa,
    0x80, 0xfa, 0x80, 0xfa, 0x80, 0xfa, 0x80, 0xfa, 0x80, 0xfa, 0x80, 0xfa,
    0x80, 0xfa, 0x80, 0xfa, 0x80, 0xfa, 0x80, 0xfa, 0x80, 0xfa, 0x80, 0xfa,
    0x80, 0xfa, 0x80, 0xfa, 0x80, 0xfa, 0x80, 0xfa, 0x80, 0xfa, 0x80, 0xfa,
    0x80, 0xfa, 0x80, 0xfa, 0x80, 0xfa, 0x80, 0xfa, 0x80, 0xfa, 0x80, 0xfa,
    0x80, 0xfa, 0x80, 0xfa, 0x80, 0xfa, 0x80, 0xfa, 0x80, 0xfa, 0x80, 0xfa,
    0x80, 0xfa, 0x80, 0xfa, 0x80, 0xfa, 0x80, 0xfa, 0x80, 0xfa, 0x80, 0xfa,
    0x80, 0xfa, 0x80, 0xfa, 0x80, 0xfa, 0x80, 0xfa, 0x80, 0xfa, 0x80, 0xfa,
    0x80, 0xfa, 0x80, 0xfa, 0x80, 0xfa, 0x80, 0xfa, 0x80, 0xfa, 0x80, 0xfa,
    0x80, 0xfa, 0x80, 0xfa, 0x80, 0xfa, 0x80, 0xfa, 0x80, 0xfa, 0x80, 0xfa,
    0x80, 0xfa, 0x80, 0xfa, 0x80, 0xfa, 0x80, 0xfa, 0x80, 0xfa, 0x80, 0xfa,
    0x80, 0xfa, 0x80, 0xfa, 0x80, 0xfa, 0x80, 0xfa, 0x80, 0xfa, 0x80, 0xfa,
    0x80, 0xfa, 0x80, 0xfa, 0x80, 0xfa, 0x80, 0xfa, 0x80, 0xfa, 0x80, 0xfa,
    0x80, 0xfa, 0x80, 0xfa, 0x80, 0xfa, 0x80, 0xfa, 0x80, 0xfa, 0x80, 0xfa,
    0x80, 0xfa, 0x80, 0xfa, 0x80, 0xfa, 0x80, 0xfa, 0x80, 0xfa, 0x80, 0xfa,
    0x80, 0xfa, 0x80, 0xfa, 0x80, 0xfa, 0x60, 0x20, 0x00, 0x00, 0x00, 0x00,
    0x00, 0x00, 0x00, 0x00, 0x00, 0x00, 0x00, 0x00, 0x00, 0x00, 0x00, 0x00,
    0x00, 0x00, 0x00, 0x00, 0x00, 0x00, 0x00, 0x00, 0x00, 0x00, 0x00, 0x00,
    0x00, 0x00, 0x00, 0x00, 0x00, 0x00, 0x00, 0x00, 0x00, 0x00, 0x00, 0x00,
    0x00, 0x00, 0x00, 0x00, 0x00, 0x00, 0x00, 0x00, 0x00, 0x00, 0x00, 0x00,
    0x00, 0x00, 0x00, 0x00, 0x00, 0x00, 0x00, 0x00, 0x00, 0x00, 0x00, 0x00,
    0x00, 0x00, 0x00, 0x00, 0x00, 0x00, 0x00, 0x00, 0x00, 0x00, 0x00, 0x00,
    0x00, 0x00, 0x00, 0x00, 0x00, 0x00, 0x00, 0x00, 0x00, 0x00, 0x00, 0x00,
    0x00, 0x00, 0x00, 0x00, 0x00, 0x00, 0x00, 0x00, 0x00, 0x00, 0x00, 0x00,
    0x00, 0x00, 0x00, 0x00, 0x00, 0x00, 0x00, 0x00, 0x00, 0x00, 0x00, 0x00,
    0x00, 0x00, 0x00, 0x00, 0x00, 0x00, 0x00, 0x00, 0x00, 0x00, 0x00, 0x00,
    0x00, 0x00, 0x00, 0x00, 0x00, 0x00, 0x00, 0x00, 0x00, 0x00, 0x00, 0x00,
    0x00, 0x00, 0x00, 0x00, 0x00, 0x00, 0x00, 0x00, 0x00, 0x00, 0x00, 0x00,
    0x00, 0x00, 0x00, 0x00, 0x00, 0x00, 0x00, 0x00, 0x00, 0x00, 0x00, 0x00,
    0x00, 0x00, 0x00, 0x00, 0x00, 0x00, 0x00, 0x00, 0x00, 0x00, 0x00, 0x00,
    0x00, 0x00, 0x00, 0x00, 0x00, 0x00, 0x00, 0x00, 0x00, 0x00, 0x00, 0x00,
    0x00, 0x00, 0x00, 0x00, 0x00, 0x00, 0x00, 0x00, 0x00, 0x00, 0x00, 0x00,
    0x00, 0x00, 0x00, 0x00, 0x00, 0x00, 0x00, 0x00, 0x00, 0x00, 0x00, 0x00,
    0x00, 0x00, 0x00, 0x00, 0x00, 0x00, 0x00, 0x00, 0x00, 0x00, 0x00, 0x00,
    0x00, 0x00, 0x00, 0x00, 0x00, 0x00, 0x00, 0x00, 0x00, 0x00, 0x00, 0x00,
    0x00, 0x00, 0x00, 0x00, 0x00, 0x00, 0x00, 0x00, 0x00, 0x00, 0x00, 0x00,
    0x00, 0x00, 0x00, 0x00, 0x00, 0x00, 0x00, 0x00, 0x00, 0x00, 0x00, 0x00,
    0x00, 0x00, 0x00, 0x00, 0x00, 0x00, 0x00, 0x00, 0x00, 0x00, 0x00, 0x00,
    0x00, 0x00, 0x00, 0x00, 0x00, 0x00, 0x00, 0x00, 0x00, 0x00, 0x00, 0x00,
    0x00, 0x00, 0x00, 0x00, 0x00, 0x00, 0x00, 0x00, 0x00, 0x00, 0x00, 0x00,
    0x00, 0x00, 0x00, 0x00, 0x00, 0x00, 0x00, 0x00, 0x00, 0x00, 0x00, 0x00,
    0x00, 0x00, 0x00, 0x00, 0x00, 0x00, 0x00, 0x00, 0x00, 0x00, 0x00, 0x00,
    0x00, 0x00, 0x00, 0x00, 0x00, 0x00, 0x00, 0x00, 0x00, 0x00, 0x00, 0x00,
    0x00, 0x00, 0x00, 0x00, 0x00, 0x00, 0x00, 0x00, 0x00, 0x00, 0x00, 0x00,
    0x00, 0x00, 0x00, 0x00, 0x00, 0x00, 0x00, 0x00, 0x00, 0x00, 0x00, 0x00,
    0x00, 0x00, 0x00, 0x00, 0x00, 0x00, 0x00, 0x00, 0x00, 0x00, 0x00, 0x00,
    0x00, 0x00, 0x00, 0x00, 0x00, 0x00, 0x00, 0x00, 0x00, 0x00, 0x00, 0x00,
    0x00, 0x00, 0x00, 0x00, 0x00, 0x00, 0x00, 0x00, 0x00, 0x00, 0x00, 0x00,
    0x00, 0x00, 0x00, 0x00, 0x00, 0x00, 0x00, 0x00, 0x00, 0x00, 0x00, 0x00,
    0x00, 0x00, 0x00, 0x00, 0x00, 0x00, 0x80, 0xfa, 0x80, 0xfa, 0x80, 0xfa,
    0x80, 0xfa, 0x80, 0xfa, 0x80, 0xfa, 0x80, 0xfa, 0x80, 0xfa, 0x80, 0xfa,
    0x80, 0xfa, 0x80, 0xfa, 0x80, 0xfa, 0x80, 0xfa, 0x80, 0xfa, 0x80, 0xfa,
    0x80, 0xfa, 0x80, 0xfa, 0x80, 0xfa, 0x80, 0xfa, 0x80, 0xfa, 0x80, 0xfa,
    0x80, 0xfa, 0x80, 0xfa, 0x80, 0xfa, 0x80, 0xfa, 0x80, 0xfa, 0x80, 0xfa,
    0x80, 0xfa, 0x80, 0xfa, 0x80, 0xfa, 0x80, 0xfa, 0x80, 0xfa, 0x80, 0xfa,
    0x80, 0xfa, 0x80, 0xfa, 0x80, 0xfa, 0x80, 0xfa, 0x80, 0xfa, 0x80, 0xfa,
    0x80, 0xfa, 0x80, 0xfa, 0x80, 0xfa, 0x80, 0xfa, 0x80, 0xfa, 0x80, 0xfa,
    0x80, 0xfa, 0x80, 0xfa, 0x80, 0xfa, 0x80, 0xfa, 0x80, 0xfa, 0x80, 0xfa,
    0x80, 0xfa, 0x80, 0xfa, 0x80, 0xfa, 0x80, 0xfa, 0x80, 0xfa, 0x80, 0xfa,
    0x80, 0xfa, 0x80, 0xfa, 0x80, 0xfa, 0x80, 0xfa, 0x80, 0xfa, 0x80, 0xfa,
    0x80, 0xfa, 0x80, 0xfa, 0x80, 0xfa, 0x80, 0xfa, 0x80, 0xfa, 0x80, 0xfa,
    0x80, 0xfa, 0x80, 0xfa, 0x80, 0xfa, 0x80, 0xfa, 0x80, 0xfa, 0x80, 0xfa,
    0x80, 0xfa, 0x80, 0xfa, 0x80, 0xfa, 0x80, 0xfa, 0x80, 0xfa, 0x80, 0xfa,
    0x80, 0xfa, 0x80, 0xfa, 0x80, 0xfa, 0x80, 0xfa, 0x80, 0xfa, 0x80, 0xfa,
    0x80, 0xfa, 0x80, 0xfa, 0x80, 0xfa, 0x80, 0xfa, 0x80, 0xfa, 0x40, 0x20,
    0x00, 0x00, 0x00, 0x00, 0x00, 0x00, 0x00, 0x00, 0x00, 0x00, 0x00, 0x00,
    0x00, 0x00, 0x00, 0x00, 0x00, 0x00, 0x00, 0x00, 0x00, 0x00, 0x00, 0x00,
    0x00, 0x00, 0x00, 0x00, 0x00, 0x00, 0x00, 0x00, 0x00, 0x00, 0x00, 0x00,
    0x00, 0x00, 0x00, 0x00, 0x00, 0x00, 0x00, 0x00, 0x00, 0x00, 0x00, 0x00,
    0x00, 0x00, 0x00, 0x00, 0x00, 0x00, 0x00, 0x00, 0x00, 0x00, 0x00, 0x00,
    0x00, 0x00, 0x00, 0x00, 0x00, 0x00, 0x00, 0x00, 0x00, 0x00, 0x00, 0x00,
    0x00, 0x00, 0x00, 0x00, 0x00, 0x00, 0x00, 0x00, 0x00, 0x00, 0x00, 0x00,
    0x00, 0x00, 0x00, 0x00, 0x00, 0x00, 0x00, 0x00, 0x00, 0x00, 0x00, 0x00,
    0x00, 0x00, 0x00, 0x00, 0x00, 0x00, 0x00, 0x00, 0x00, 0x00, 0x00, 0x00,
    0x00, 0x00, 0x00, 0x00, 0x00, 0x00, 0x00, 0x00, 0x00, 0x00, 0x00, 0x00,
    0x00, 0x00, 0x00, 0x00, 0x00, 0x00, 0x00, 0x00, 0x00, 0x00, 0x00, 0x00,
    0x00, 0x00, 0x00, 0x00, 0x00, 0x00, 0x00, 0x00, 0x00, 0x00, 0x00, 0x00,
    0x00, 0x00, 0x00, 0x00, 0x00, 0x00, 0x00, 0x00, 0x00, 0x00, 0x00, 0x00,
    0x00, 0x00, 0x00, 0x00, 0x00, 0x00, 0x00, 0x00, 0x00, 0x00, 0x00, 0x00,
    0x00, 0x00, 0x00, 0x00, 0x00, 0x00, 0x00, 0x00, 0x00, 0x00, 0x00, 0x00,
    0x00, 0x00, 0x00, 0x00, 0x00, 0x00, 0x00, 0x00, 0x00, 0x00, 0x00, 0x00,
    0x00, 0x00, 0x00, 0x00, 0x00, 0x00, 0x00, 0x00, 0x00, 0x00, 0x00, 0x00,
    0x00, 0x00, 0x00, 0x00, 0x00, 0x00, 0x00, 0x00, 0x00, 0x00, 0x00, 0x00,
    0x00, 0x00, 0x00, 0x00, 0x00, 0x00, 0x00, 0x00, 0x00, 0x00, 0x00, 0x00,
    0x00, 0x00, 0x00, 0x00, 0x00, 0x00, 0x00, 0x00, 0x00, 0x00, 0x00, 0x00,
    0x00, 0x00, 0x00, 0x00, 0x00, 0x00, 0x00, 0x00, 0x00, 0x00, 0x00, 0x00,
    0x00, 0x00, 0x00, 0x00, 0x00, 0x00, 0x00, 0x00, 0x00, 0x00, 0x00, 0x00,
    0x00, 0x00, 0x00, 0x00, 0x00, 0x00, 0x00, 0x00, 0x00, 0x00, 0x00, 0x00,
    0x00, 0x00, 0x00, 0x00, 0x00, 0x00, 0x00, 0x00, 0x00, 0x00, 0x00, 0x00,
    0x00, 0x00, 0x00, 0x00, 0x00, 0x00, 0x00, 0x00, 0x00, 0x00, 0x00, 0x00,
    0x00, 0x00, 0x00, 0x00, 0x00, 0x00, 0x00, 0x00, 0x00, 0x00, 0x00, 0x00,
    0x00, 0x00, 0x00, 0x00, 0x00, 0x00, 0x00, 0x00, 0x00, 0x00, 0x00, 0x00,
    0x00, 0x00, 0x00, 0x00, 0x00, 0x00, 0x00, 0x00, 0x00, 0x00, 0x00, 0x00,
    0x00, 0x00, 0x00, 0x00, 0x00, 0x00, 0x00, 0x00, 0x00, 0x00, 0x00, 0x00,
    0x00, 0x00, 0x00, 0x00, 0x00, 0x00, 0x00, 0x00, 0x00, 0x00, 0x00, 0x00,
    0x00, 0x00, 0x00, 0x00, 0x00, 0x00, 0x00, 0x00, 0x00, 0x00, 0x00, 0x00,
    0x00, 0x00, 0x00, 0x00, 0x00, 0x00, 0x00, 0x00, 0x00, 0x00, 0x00, 0x00,
    0x00, 0x00, 0x00, 0x00, 0x00, 0x00, 0x00, 0x00, 0x00, 0x00, 0x00, 0x00,
    0x00, 0x00, 0x00, 0x00, 0x00, 0x00, 0x00, 0x00, 0x00, 0x00, 0x80, 0xfa,
    0x80, 0xfa, 0x80, 0xfa, 0x80, 0xfa, 0x80, 0xfa, 0x80, 0xfa, 0x80, 0xfa,
    0x80, 0xfa, 0x80, 0xfa, 0x80, 0xfa, 0x80, 0xfa, 0x80, 0xfa, 0x80, 0xfa,
    0x80, 0xfa, 0x80, 0xfa, 0x80, 0xfa, 0x80, 0xfa, 0x80, 0xfa, 0x80, 0xfa,
    0x80, 0xfa, 0x80, 0xfa, 0x80, 0xfa, 0x80, 0xfa, 0x80, 0xfa, 0x80, 0xfa,
    0x80, 0xfa, 0x80, 0xfa, 0x80, 0xfa, 0x80, 0xfa, 0x80, 0xfa, 0x80, 0xfa,
    0x80, 0xfa, 0x80, 0xfa, 0x80, 0xfa, 0x80, 0xfa, 0x80, 0xfa, 0x80, 0xfa,
    0x80, 0xfa, 0x80, 0xfa, 0x80, 0xfa, 0x80, 0xfa, 0x80, 0xfa, 0x80, 0xfa,
    0x80, 0xfa, 0x80, 0xfa, 0x80, 0xfa, 0x80, 0xfa, 0x80, 0xfa, 0x80, 0xfa,
    0x80, 0xfa, 0x80, 0xfa, 0x80, 0xfa, 0x80, 0xfa, 0x80, 0xfa, 0x80, 0xfa,
    0x80, 0xfa, 0x80, 0xfa, 0x80, 0xfa, 0x80, 0xfa, 0x80, 0xfa, 0x80, 0xfa,
    0x80, 0xfa, 0x80, 0xfa, 0x80, 0xfa, 0x80, 0xfa, 0x80, 0xfa, 0x80, 0xfa,
    0x80, 0xfa, 0x80, 0xfa, 0x80, 0xfa, 0x80, 0xfa, 0x80, 0xfa, 0x80, 0xfa,
    0x80, 0xfa, 0x80, 0xfa, 0x80, 0xfa, 0x80, 0xfa, 0x80, 0xfa, 0x80, 0xfa,
    0x80, 0xfa, 0x80, 0xfa, 0x80, 0xfa, 0x80, 0xfa, 0x80, 0xfa, 0x80, 0xfa,
    0x80, 0xfa, 0x80, 0xfa, 0x80, 0xfa, 0x80, 0xfa, 0x80, 0xfa, 0x80, 0xfa,
    0x80, 0xfa, 0x40, 0x20, 0x00, 0x00, 0x00, 0x00, 0x00, 0x00, 0x00, 0x00,
    0x00, 0x00, 0x00, 0x00, 0x00, 0x00, 0x00, 0x00, 0x00, 0x00, 0x00, 0x00,
    0x00, 0x00, 0x00, 0x00, 0x00, 0x00, 0x00, 0x00, 0x00, 0x00, 0x00, 0x00,
    0x00, 0x00, 0x00, 0x00, 0x00, 0x00, 0x00, 0x00, 0x00, 0x00, 0x00, 0x00,
    0x00, 0x00, 0x00, 0x00, 0x00, 0x00, 0x00, 0x00, 0x00, 0x00, 0x00, 0x00,
    0x00, 0x00, 0x00, 0x00, 0x00, 0x00, 0x00, 0x00, 0x00, 0x00, 0x00, 0x00,
    0x00, 0x00, 0x00, 0x00, 0x00, 0x00, 0x00, 0x00, 0x00, 0x00, 0x00, 0x00,
    0x00, 0x00, 0x00, 0x00, 0x00, 0x00, 0x00, 0x00, 0x00, 0x00, 0x00, 0x00,
    0x00, 0x00, 0x00, 0x00, 0x00, 0x00, 0x00, 0x00, 0x00, 0x00, 0x00, 0x00,
    0x00, 0x00, 0x00, 0x00, 0x00, 0x00, 0x00, 0x00, 0x00, 0x00, 0x00, 0x00,
    0x00, 0x00, 0x00, 0x00, 0x00, 0x00, 0x00, 0x00, 0x00, 0x00, 0x00, 0x00,
    0x00, 0x00, 0x00, 0x00, 0x00, 0x00, 0x00, 0x00, 0x00, 0x00, 0x00, 0x00,
    0x00, 0x00, 0x00, 0x00, 0x00, 0x00, 0x00, 0x00, 0x00, 0x00, 0x00, 0x00,
    0x00, 0x00, 0x00, 0x00, 0x00, 0x00, 0x00, 0x00, 0x00, 0x00, 0x00, 0x00,
    0x00, 0x00, 0x00, 0x00, 0x00, 0x00, 0x00, 0x00, 0x00, 0x00, 0x00, 0x00,
    0x00, 0x00, 0x00, 0x00, 0x00, 0x00, 0x00, 0x00, 0x00, 0x00, 0x00, 0x00,
    0x00, 0x00, 0x00, 0x00, 0x00, 0x00, 0x00, 0x00, 0x00, 0x00, 0x00, 0x00,
    0x00, 0x00, 0x00, 0x00, 0x00, 0x00, 0x00, 0x00, 0x00, 0x00, 0x00, 0x00,
    0x00, 0x00, 0x00, 0x00, 0x00, 0x00, 0x00, 0x00, 0x00, 0x00, 0x00, 0x00,
    0x00, 0x00, 0x00, 0x00, 0x00, 0x00, 0x00, 0x00, 0x00, 0x00, 0x00, 0x00,
    0x00, 0x00, 0x00, 0x00, 0x00, 0x00, 0x00, 0x00, 0x00, 0x00, 0x00, 0x00,
    0x00, 0x00, 0x00, 0x00, 0x00, 0x00, 0x00, 0x00, 0x00, 0x00, 0x00, 0x00,
    0x00, 0x00, 0x00, 0x00, 0x00, 0x00, 0x00, 0x00, 0x00, 0x00, 0x00, 0x00,
    0x00, 0x00, 0x00, 0x00, 0x00, 0x00, 0x00, 0x00, 0x00, 0x00, 0x00, 0x00,
    0x00, 0x00, 0x00, 0x00, 0x00, 0x00, 0x00, 0x00, 0x00, 0x00, 0x00, 0x00,
    0x00, 0x00, 0x00, 0x00, 0x00, 0x00, 0x00, 0x00, 0x00, 0x00, 0x00, 0x00,
    0x00, 0x00, 0x00, 0x00, 0x00, 0x00, 0x00, 0x00, 0x00, 0x00, 0x00, 0x00,
    0x00, 0x00, 0x00, 0x00, 0x00, 0x00, 0x00, 0x00, 0x00, 0x00, 0x00, 0x00,
    0x00, 0x00, 0x00, 0x00, 0x00, 0x00, 0x00, 0x00, 0x00, 0x00, 0x00, 0x00,
    0x00, 0x00, 0x00, 0x00, 0x00, 0x00, 0x00, 0x00, 0x00, 0x00, 0x00, 0x00,
    0x00, 0x00, 0x00, 0x00, 0x00, 0x00, 0x00, 0x00, 0x00, 0x00, 0x00, 0x00,
    0x00, 0x00, 0x00, 0x00, 0x00, 0x00, 0x00, 0x00, 0x00, 0x00, 0x00, 0x00,
    0x00, 0x00, 0x00, 0x00, 0x00, 0x00, 0x00, 0x00, 0x00, 0x00, 0x00, 0x00,
    0x00, 0x00, 0x00, 0x00, 0x00, 0x00, 0x00, 0x00, 0x00, 0x00, 0x00, 0x00,
    0x00, 0x00, 0x80, 0xfa, 0x80, 0xfa, 0x80, 0xfa, 0x80, 0xfa, 0x80, 0xfa,
    0x80, 0xfa, 0x80, 0xfa, 0x80, 0xfa, 0x80, 0xfa, 0x80, 0xfa, 0x80, 0xfa,
    0x80, 0xfa, 0x80, 0xfa, 0x80, 0xfa, 0x80, 0xfa, 0x80, 0xfa, 0x80, 0xfa,
    0x80, 0xfa, 0x80, 0xfa, 0x80, 0xfa, 0x80, 0xfa, 0x80, 0xfa, 0x80, 0xfa,
    0x80, 0xfa, 0x80, 0xfa, 0x80, 0xfa, 0x80, 0xfa, 0x80, 0xfa, 0x80, 0xfa,
    0x80, 0xfa, 0x80, 0xfa, 0x80, 0xfa, 0x80, 0xfa, 0x80, 0xfa, 0x80, 0xfa,
    0x80, 0xfa, 0x80, 0xfa, 0x80, 0xfa, 0x80, 0xfa, 0x80, 0xfa, 0x80, 0xfa,
    0x80, 0xfa, 0x80, 0xfa, 0x80, 0xfa, 0x80, 0xfa, 0x80, 0xfa, 0x80, 0xfa,
    0x80, 0xfa, 0x80, 0xfa, 0x80, 0xfa, 0x80, 0xfa, 0x80, 0xfa, 0x80, 0xfa,
    0x80, 0xfa, 0x80, 0xfa, 0x80, 0xfa, 0x80, 0xfa, 0x80, 0xfa, 0x80, 0xfa,
    0x80, 0xfa, 0x80, 0xfa, 0x80, 0xfa, 0x80, 0xfa, 0x80, 0xfa, 0x80, 0xfa,
    0x80, 0xfa, 0x80, 0xfa, 0x80, 0xfa, 0x80, 0xfa, 0x80, 0xfa, 0x80, 0xfa,
    0x80, 0xfa, 0x80, 0xfa, 0x80, 0xfa, 0x80, 0xfa, 0x80, 0xfa, 0x80, 0xfa,
    0x80, 0xfa, 0x80, 0xfa, 0x80, 0xfa, 0x80, 0xfa, 0x80, 0xfa, 0x80, 0xfa,
    0x80, 0xfa, 0x80, 0xfa, 0x80, 0xfa, 0x80, 0xfa, 0x80, 0xfa, 0x80, 0xfa,
    0x80, 0xfa, 0x80, 0xfa, 0x80, 0xfa, 0x60, 0x20, 0x00, 0x00, 0x00, 0x00,
    0x00, 0x00, 0x00, 0x00, 0x00, 0x00, 0x00, 0x00, 0x00, 0x00, 0x00, 0x00,
    0x00, 0x00, 0x00, 0x00, 0x00, 0x00, 0x00, 0x00, 0x00, 0x00, 0x00, 0x00,
    0x00, 0x00, 0x00, 0x00, 0x00, 0x00, 0x00, 0x00, 0x00, 0x00, 0x00, 0x00,
    0x00, 0x00, 0x00, 0x00, 0x00, 0x00, 0x00, 0x00, 0x00, 0x00, 0x00, 0x00,
    0x00, 0x00, 0x00, 0x00, 0x00, 0x00, 0x00, 0x00, 0x00, 0x00, 0x00, 0x00,
    0x00, 0x00, 0x00, 0x00, 0x00, 0x00, 0x00, 0x00, 0x00, 0x00, 0x00, 0x00,
    0x00, 0x00, 0x00, 0x00, 0x00, 0x00, 0x00, 0x00, 0x00, 0x00, 0x00, 0x00,
    0x00, 0x00, 0x00, 0x00, 0x00, 0x00, 0x00, 0x00, 0x00, 0x00, 0x00, 0x00,
    0x00, 0x00, 0x00, 0x00, 0x00, 0x00, 0x00, 0x00, 0x00, 0x00, 0x00, 0x00,
    0x00, 0x00, 0x00, 0x00, 0x00, 0x00, 0x00, 0x00, 0x00, 0x00, 0x00, 0x00,
    0x00, 0x00, 0x00, 0x00, 0x00, 0x00, 0x00, 0x00, 0x00, 0x00, 0x00, 0x00,
    0x00, 0x00, 0x00, 0x00, 0x00, 0x00, 0x00, 0x00, 0x00, 0x00, 0x00, 0x00,
    0x00, 0x00, 0x00, 0x00, 0x00, 0x00, 0x00, 0x00, 0x00, 0x00, 0x00, 0x00,
    0x00, 0x00, 0x00, 0x00, 0x00, 0x00, 0x00, 0x00, 0x00, 0x00, 0x00, 0x00,
    0x00, 0x00, 0x00, 0x00, 0x00, 0x00, 0x00, 0x00, 0x00, 0x00, 0x00, 0x00,
    0x00, 0x00, 0x00, 0x00, 0x00, 0x00, 0x00, 0x00, 0x00, 0x00, 0x00, 0x00,
    0x00, 0x00, 0x00, 0x00, 0x00, 0x00, 0x00, 0x00, 0x00, 0x00, 0x00, 0x00,
    0x00, 0x00, 0x00, 0x00, 0x00, 0x00, 0x00, 0x00, 0x00, 0x00, 0x00, 0x00,
    0x00, 0x00, 0x00, 0x00, 0x00, 0x00, 0x00, 0x00, 0x00, 0x00, 0x00, 0x00,
    0x00, 0x00, 0x00, 0x00, 0x00, 0x00, 0x00, 0x00, 0x00, 0x00, 0x00, 0x00,
    0x00, 0x00, 0x00, 0x00, 0x00, 0x00, 0x00, 0x00, 0x00, 0x00, 0x00, 0x00,
    0x00, 0x00, 0x00, 0x00, 0x00, 0x00, 0x00, 0x00, 0x00, 0x00, 0x00, 0x00,
    0x00, 0x00, 0x00, 0x00, 0x00, 0x00, 0x00, 0x00, 0x00, 0x00, 0x00, 0x00,
    0x00, 0x00, 0x00, 0x00, 0x00, 0x00, 0x00, 0x00, 0x00, 0x00, 0x00, 0x00,
    0x00, 0x00, 0x00, 0x00, 0x00, 0x00, 0x00, 0x00, 0x00, 0x00, 0x00, 0x00,
    0x00, 0x00, 0x00, 0x00, 0x00, 0x00, 0x00, 0x00, 0x00, 0x00, 0x00, 0x00,
    0x00, 0x00, 0x00, 0x00, 0x00, 0x00, 0x00, 0x00, 0x00, 0x00, 0x00, 0x00,
    0x00, 0x00, 0x00, 0x00, 0x00, 0x00, 0x00, 0x00, 0x00, 0x00, 0x00, 0x00,
    0x00, 0x00, 0x00, 0x00, 0x00, 0x00, 0x00, 0x00, 0x00, 0x00, 0x00, 0x00,
    0x00, 0x00, 0x00, 0x00, 0x00, 0x00, 0x00, 0x00, 0x00, 0x00, 0x00, 0x00,
    0x00, 0x00, 0x00, 0x00, 0x00, 0x00, 0x00, 0x00, 0x00, 0x00, 0x00, 0x00,
    0x00, 0x00, 0x00, 0x00, 0x00, 0x00, 0x00, 0x00, 0x00, 0x00, 0x00, 0x00,
    0x00, 0x00, 0x00, 0x00, 0x00, 0x00, 0x00, 0x00, 0x00, 0x00, 0x00, 0x00,
    0x00, 0x00, 0x00, 0x00, 0x00, 0x00, 0x80, 0xfa, 0x80, 0xfa, 0x80, 0xfa,
    0x80, 0xfa, 0x80, 0xfa, 0x80, 0xfa, 0x80, 0xfa, 0x80, 0xfa, 0x80, 0xfa,
    0x80, 0xfa, 0x80, 0xfa, 0x80, 0xfa, 0x80, 0xfa, 0x80, 0xfa, 0x80, 0xfa,
    0x80, 0xfa, 0x80, 0xfa, 0x80, 0xfa, 0x80, 0xfa, 0x80, 0xfa, 0x80, 0xfa,
    0x80, 0xfa, 0x80, 0xfa, 0x80, 0xfa, 0x80, 0xfa, 0x80, 0xfa, 0x80, 0xfa,
    0x80, 0xfa, 0x80, 0xfa, 0x80, 0xfa, 0x80, 0xfa, 0x80, 0xfa, 0x80, 0xfa,
    0x80, 0xfa, 0x80, 0xfa, 0x80, 0xfa, 0x80, 0xfa, 0x80, 0xfa, 0x80, 0xfa,
    0x80, 0xfa, 0x80, 0xfa, 0x80, 0xfa, 0x80, 0xfa, 0x80, 0xfa, 0x80, 0xfa,
    0x80, 0xfa, 0x80, 0xfa, 0x80, 0xfa, 0x80, 0xfa, 0x80, 0xfa, 0x80, 0xfa,
    0x80, 0xfa, 0x80, 0xfa, 0x80, 0xfa, 0x80, 0xfa, 0x80, 0xfa, 0x80, 0xfa,
    0x80, 0xfa, 0x80, 0xfa, 0x80, 0xfa, 0x80, 0xfa, 0x80, 0xfa, 0x80, 0xfa,
    0x80, 0xfa, 0x80, 0xfa, 0x80, 0xfa, 0x80, 0xfa, 0x80, 0xfa, 0x80, 0xfa,
    0x80, 0xfa, 0x80, 0xfa, 0x80, 0xfa, 0x80, 0xfa, 0x80, 0xfa, 0x80, 0xfa,
    0x80, 0xfa, 0x80, 0xfa, 0x80, 0xfa, 0x80, 0xfa, 0x80, 0xfa, 0x80, 0xfa,
    0x80, 0xfa, 0x80, 0xfa, 0x80, 0xfa, 0x80, 0xfa, 0x80, 0xfa, 0x80, 0xfa,
    0x80, 0xfa, 0x80, 0xfa, 0x80, 0xfa, 0x80, 0xfa, 0x80, 0xfa, 0x40, 0x20,
    0x00, 0x00, 0x00, 0x00, 0x00, 0x00, 0x00, 0x00, 0x00, 0x00, 0x00, 0x00,
    0x00, 0x00, 0x00, 0x00, 0x00, 0x00, 0x00, 0x00, 0x00, 0x00, 0x00, 0x00,
    0x00, 0x00, 0x00, 0x00, 0x00, 0x00, 0x00, 0x00, 0x00, 0x00, 0x00, 0x00,
    0x00, 0x00, 0x00, 0x00, 0x00, 0x00, 0x00, 0x00, 0x00, 0x00, 0x00, 0x00,
    0x00, 0x00, 0x00, 0x00, 0x00, 0x00, 0x00, 0x00, 0x00, 0x00, 0x00, 0x00,
    0x00, 0x00, 0x00, 0x00, 0x00, 0x00, 0x00, 0x00, 0x00, 0x00, 0x00, 0x00,
    0x00, 0x00, 0x00, 0x00, 0x00, 0x00, 0x00, 0x00, 0x00, 0x00, 0x00, 0x00,
    0x00, 0x00, 0x00, 0x00, 0x00, 0x00, 0x00, 0x00, 0x00, 0x00, 0x00, 0x00,
    0x00, 0x00, 0x00, 0x00, 0x00, 0x00, 0x00, 0x00, 0x00, 0x00, 0x00, 0x00,
    0x00, 0x00, 0x00, 0x00, 0x00, 0x00, 0x00, 0x00, 0x00, 0x00, 0x00, 0x00,
    0x00, 0x00, 0x00, 0x00, 0x00, 0x00, 0x00, 0x00, 0x00, 0x00, 0x00, 0x00,
    0x00, 0x00, 0x00, 0x00, 0x00, 0x00, 0x00, 0x00, 0x00, 0x00, 0x00, 0x00,
    0x00, 0x00, 0x00, 0x00, 0x00, 0x00, 0x00, 0x00, 0x00, 0x00, 0x00, 0x00,
    0x00, 0x00, 0x00, 0x00, 0x00, 0x00, 0x00, 0x00, 0x00, 0x00, 0x00, 0x00,
    0x00, 0x00, 0x00, 0x00, 0x00, 0x00, 0x00, 0x00, 0x00, 0x00, 0x00, 0x00,
    0x00, 0x00, 0x00, 0x00, 0x00, 0x00, 0x00, 0x00, 0x00, 0x00, 0x00, 0x00,
    0x00, 0x00, 0x00, 0x00, 0x00, 0x00, 0x00, 0x00, 0x00, 0x00, 0x00, 0x00,
    0x00, 0x00, 0x00, 0x00, 0x00, 0x00, 0x00, 0x00, 0x00, 0x00, 0x00, 0x00,
    0x00, 0x00, 0x00, 0x00, 0x00, 0x00, 0x00, 0x00, 0x00, 0x00, 0x00, 0x00,
    0x00, 0x00, 0x00, 0x00, 0x00, 0x00, 0x00, 0x00, 0x00, 0x00, 0x00, 0x00,
    0x00, 0x00, 0x00, 0x00, 0x00, 0x00, 0x00, 0x00, 0x00, 0x00, 0x00, 0x00,
    0x00, 0x00, 0x00, 0x00, 0x00, 0x00, 0x00, 0x00, 0x00, 0x00, 0x00, 0x00,
    0x00, 0x00, 0x00, 0x00, 0x00, 0x00, 0x00, 0x00, 0x00, 0x00, 0x00, 0x00,
    0x00, 0x00, 0x00, 0x00, 0x00, 0x00, 0x00, 0x00, 0x00, 0x00, 0x00, 0x00,
    0x00, 0x00, 0x00, 0x00, 0x00, 0x00, 0x00, 0x00, 0x00, 0x00, 0x00, 0x00,
    0x00, 0x00, 0x00, 0x00, 0x00, 0x00, 0x00, 0x00, 0x00, 0x00, 0x00, 0x00,
    0x00, 0x00, 0x00, 0x00, 0x00, 0x00, 0x00, 0x00, 0x00, 0x00, 0x00, 0x00,
    0x00, 0x00, 0x00, 0x00, 0x00, 0x00, 0x00, 0x00, 0x00, 0x00, 0x00, 0x00,
    0x00, 0x00, 0x00, 0x00, 0x00, 0x00, 0x00, 0x00, 0x00, 0x00, 0x00, 0x00,
    0x00, 0x00, 0x00, 0x00, 0x00, 0x00, 0x00, 0x00, 0x00, 0x00, 0x00, 0x00,
    0x00, 0x00, 0x00, 0x00, 0x00, 0x00, 0x00, 0x00, 0x00, 0x00, 0x00, 0x00,
    0x00, 0x00, 0x00, 0x00, 0x00, 0x00, 0x00, 0x00, 0x00, 0x00, 0x00, 0x00,
    0x00, 0x00, 0x00, 0x00, 0x00, 0x00, 0x00, 0x00, 0x00, 0x00, 0x00, 0x00,
    0x00, 0x00, 0x00, 0x00, 0x00, 0x00, 0x00, 0x00, 0x00, 0x00, 0x80, 0xfa,
    0x80, 0xfa, 0x80, 0xfa, 0x80, 0xfa, 0x80, 0xfa, 0x80, 0xfa, 0x80, 0xfa,
    0x80, 0xfa, 0x80, 0xfa, 0x80, 0xfa, 0x80, 0xfa, 0x80, 0xfa, 0x80, 0xfa,
    0x80, 0xfa, 0x80, 0xfa, 0x80, 0xfa, 0x80, 0xfa, 0x80, 0xfa, 0x80, 0xfa,
    0x80, 0xfa, 0x80, 0xfa, 0x80, 0xfa, 0x80, 0xfa, 0x80, 0xfa, 0x80, 0xfa,
    0x80, 0xfa, 0x80, 0xfa, 0x80, 0xfa, 0x80, 0xfa, 0x80, 0xfa, 0x80, 0xfa,
    0x80, 0xfa, 0x80, 0xfa, 0x80, 0xfa, 0x80, 0xfa, 0x80, 0xfa, 0x80, 0xfa,
    0x80, 0xfa, 0x80, 0xfa, 0x80, 0xfa, 0x80, 0xfa, 0x80, 0xfa, 0x80, 0xfa,
    0x80, 0xfa, 0x80, 0xfa, 0x80, 0xfa, 0x80, 0xfa, 0x80, 0xfa, 0x80, 0xfa,
    0x80, 0xfa, 0x80, 0xfa, 0x80, 0xfa, 0x80, 0xfa, 0x80, 0xfa, 0x80, 0xfa,
    0x80, 0xfa, 0x80, 0xfa, 0x80, 0xfa, 0x80, 0xfa, 0x80, 0xfa, 0x80, 0xfa,
    0x80, 0xfa, 0x80, 0xfa, 0x80, 0xfa, 0x80, 0xfa, 0x80, 0xfa, 0x80, 0xfa,
    0x80, 0xfa, 0x80, 0xfa, 0x80, 0xfa, 0x80, 0xfa, 0x80, 0xfa, 0x80, 0xfa,
    0x80, 0xfa, 0x80, 0xfa, 0x80, 0xfa, 0x80, 0xfa, 0x80, 0xfa, 0x80, 0xfa,
    0x80, 0xfa, 0x80, 0xfa, 0x80, 0xfa, 0x80, 0xfa, 0x80, 0xfa, 0x80, 0xfa,
    0x80, 0xfa, 0x80, 0xfa, 0x80, 0xfa, 0x80, 0xfa, 0x80, 0xfa, 0x80, 0xfa,
    0x80, 0xfa, 0x60, 0x20, 0x00, 0x00, 0x00, 0x00, 0x00, 0x00, 0x00, 0x00,
    0x00, 0x00, 0x00, 0x00, 0x00, 0x00, 0x00, 0x00, 0x00, 0x00, 0x00, 0x00,
    0x00, 0x00, 0x00, 0x00, 0x00, 0x00, 0x00, 0x00, 0x00, 0x00, 0x00, 0x00,
    0x00, 0x00, 0x00, 0x00, 0x00, 0x00, 0x00, 0x00, 0x00, 0x00, 0x00, 0x00,
    0x00, 0x00, 0x00, 0x00, 0x00, 0x00, 0x00, 0x00, 0x00, 0x00, 0x00, 0x00,
    0x00, 0x00, 0x00, 0x00, 0x00, 0x00, 0x00, 0x00, 0x00, 0x00, 0x00, 0x00,
    0x00, 0x00, 0x00, 0x00, 0x00, 0x00, 0x00, 0x00, 0x00, 0x00, 0x00, 0x00,
    0x00, 0x00, 0x00, 0x00, 0x00, 0x00, 0x00, 0x00, 0x00, 0x00, 0x00, 0x00,
    0x00, 0x00, 0x00, 0x00, 0x00, 0x00, 0x00, 0x00, 0x00, 0x00, 0x00, 0x00,
    0x00, 0x00, 0x00, 0x00, 0x00, 0x00, 0x00, 0x00, 0x00, 0x00, 0x00, 0x00,
    0x00, 0x00, 0x00, 0x00, 0x00, 0x00, 0x00, 0x00, 0x00, 0x00, 0x00, 0x00,
    0x00, 0x00, 0x00, 0x00, 0x00, 0x00, 0x00, 0x00, 0x00, 0x00, 0x00, 0x00,
    0x00, 0x00, 0x00, 0x00, 0x00, 0x00, 0x00, 0x00, 0x00, 0x00, 0x00, 0x00,
    0x00, 0x00, 0x00, 0x00, 0x00, 0x00, 0x00, 0x00, 0x00, 0x00, 0x00, 0x00,
    0x00, 0x00, 0x00, 0x00, 0x00, 0x00, 0x00, 0x00, 0x00, 0x00, 0x00, 0x00,
    0x00, 0x00, 0x00, 0x00, 0x00, 0x00, 0x00, 0x00, 0x00, 0x00, 0x00, 0x00,
    0x00, 0x00, 0x00, 0x00, 0x00, 0x00, 0x00, 0x00, 0x00, 0x00, 0x00, 0x00,
    0x00, 0x00, 0x00, 0x00, 0x00, 0x00, 0x00, 0x00, 0x00, 0x00, 0x00, 0x00,
    0x00, 0x00, 0x00, 0x00, 0x00, 0x00, 0x00, 0x00, 0x00, 0x00, 0x00, 0x00,
    0x00, 0x00, 0x00, 0x00, 0x00, 0x00, 0x00, 0x00, 0x00, 0x00, 0x00, 0x00,
    0x00, 0x00, 0x00, 0x00, 0x00, 0x00, 0x00, 0x00, 0x00, 0x00, 0x00, 0x00,
    0x00, 0x00, 0x00, 0x00, 0x00, 0x00, 0x00, 0x00, 0x00, 0x00, 0x00, 0x00,
    0x00, 0x00, 0x00, 0x00, 0x00, 0x00, 0x00, 0x00, 0x00, 0x00, 0x00, 0x00,
    0x00, 0x00, 0x00, 0x00, 0x00, 0x00, 0x00, 0x00, 0x00, 0x00, 0x00, 0x00,
    0x00, 0x00, 0x00, 0x00, 0x00, 0x00, 0x00, 0x00, 0x00, 0x00, 0x00, 0x00,
    0x00, 0x00, 0x00, 0x00, 0x00, 0x00, 0x00, 0x00, 0x00, 0x00, 0x00, 0x00,
    0x00, 0x00, 0x00, 0x00, 0x00, 0x00, 0x00, 0x00, 0x00, 0x00, 0x00, 0x00,
    0x00, 0x00, 0x00, 0x00, 0x00, 0x00, 0x00, 0x00, 0x00, 0x00, 0x00, 0x00,
    0x00, 0x00, 0x00, 0x00, 0x00, 0x00, 0x00, 0x00, 0x00, 0x00, 0x00, 0x00,
    0x00, 0x00, 0x00, 0x00, 0x00, 0x00, 0x00, 0x00, 0x00, 0x00, 0x00, 0x00,
    0x00, 0x00, 0x00, 0x00, 0x00, 0x00, 0x00, 0x00, 0x00, 0x00, 0x00, 0x00,
    0x00, 0x00, 0x00, 0x00, 0x00, 0x00, 0x00, 0x00, 0x00, 0x00, 0x00, 0x00,
    0x00, 0x00, 0x00, 0x00, 0x00, 0x00, 0x00, 0x00, 0x00, 0x00, 0x00, 0x00,
    0x00, 0x00, 0x00, 0x00, 0x00, 0x00, 0x00, 0x00, 0x00, 0x00, 0x00, 0x00,
    0x00, 0x00, 0x80, 0xfa, 0x80, 0xfa, 0x80, 0xfa, 0x80, 0xfa, 0x80, 0xfa,
    0x80, 0xfa, 0x80, 0xfa, 0x80, 0xfa, 0x80, 0xfa, 0x80, 0xfa, 0x80, 0xfa,
    0x80, 0xfa, 0x80, 0xfa, 0x80, 0xfa, 0x80, 0xfa, 0x80, 0xfa, 0x80, 0xfa,
    0x80, 0xfa, 0x80, 0xfa, 0x80, 0xfa, 0x80, 0xfa, 0x80, 0xfa, 0x80, 0xfa,
    0x80, 0xfa, 0x80, 0xfa, 0x80, 0xfa, 0x80, 0xfa, 0x80, 0xfa, 0x80, 0xfa,
    0x80, 0xfa, 0x80, 0xfa, 0x80, 0xfa, 0x80, 0xfa, 0x80, 0xfa, 0x80, 0xfa,
    0x80, 0xfa, 0x80, 0xfa, 0x80, 0xfa, 0x80, 0xfa, 0x80, 0xfa, 0x80, 0xfa,
    0x80, 0xfa, 0x80, 0xfa, 0x80, 0xfa, 0x80, 0xfa, 0x80, 0xfa, 0x80, 0xfa,
    0x80, 0xfa, 0x80, 0xfa, 0x80, 0xfa, 0x80, 0xfa, 0x80, 0xfa, 0x80, 0xfa,
    0x80, 0xfa, 0x80, 0xfa, 0x80, 0xfa, 0x80, 0xfa, 0x80, 0xfa, 0x80, 0xfa,
    0x80, 0xfa, 0x80, 0xfa, 0x80, 0xfa, 0x80, 0xfa, 0x80, 0xfa, 0x80, 0xfa,
    0x80, 0xfa, 0x80, 0xfa, 0x80, 0xfa, 0x80, 0xfa, 0x80, 0xfa, 0x80, 0xfa,
    0x80, 0xfa, 0x80, 0xfa, 0x80, 0xfa, 0x80, 0xfa, 0x80, 0xfa, 0x80, 0xfa,
    0x80, 0xfa, 0x80, 0xfa, 0x80, 0xfa, 0x80, 0xfa, 0x80, 0xfa, 0x80, 0xfa,
    0x80, 0xfa, 0x80, 0xfa, 0x80, 0xfa, 0x80, 0xfa, 0x80, 0xfa, 0x80, 0xfa,
    0x80, 0xfa, 0x80, 0xfa, 0x80, 0xfa, 0x40, 0x20, 0x00, 0x00, 0x00, 0x00,
    0x00, 0x00, 0x00, 0x00, 0x00, 0x00, 0x00, 0x00, 0x00, 0x00, 0x00, 0x00,
    0x00, 0x00, 0x00, 0x00, 0x00, 0x00, 0x00, 0x00, 0x00, 0x00, 0x00, 0x00,
    0x00, 0x00, 0x00, 0x00, 0x00, 0x00, 0x00, 0x00, 0x00, 0x00, 0x00, 0x00,
    0x00, 0x00, 0x00, 0x00, 0x00, 0x00, 0x00, 0x00, 0x00, 0x00, 0x00, 0x00,
    0x00, 0x00, 0x00, 0x00, 0x00, 0x00, 0x00, 0x00, 0x00, 0x00, 0x00, 0x00,
    0x00, 0x00, 0x00, 0x00, 0x00, 0x00, 0x00, 0x00, 0x00, 0x00, 0x00, 0x00,
    0x00, 0x00, 0x00, 0x00, 0x00, 0x00, 0x00, 0x00, 0x00, 0x00, 0x00, 0x00,
    0x00, 0x00, 0x00, 0x00, 0x00, 0x00, 0x00, 0x00, 0x00, 0x00, 0x00, 0x00,
    0x00, 0x00, 0x00, 0x00, 0x00, 0x00, 0x00, 0x00, 0x00, 0x00, 0x00, 0x00,
    0x00, 0x00, 0x00, 0x00, 0x00, 0x00, 0x00, 0x00, 0x00, 0x00, 0x00, 0x00,
    0x00, 0x00, 0x00, 0x00, 0x00, 0x00, 0x00, 0x00, 0x00, 0x00, 0x00, 0x00,
    0x00, 0x00, 0x00, 0x00, 0x00, 0x00, 0x00, 0x00, 0x00, 0x00, 0x00, 0x00,
    0x00, 0x00, 0x00, 0x00, 0x00, 0x00, 0x00, 0x00, 0x00, 0x00, 0x00, 0x00,
    0x00, 0x00, 0x00, 0x00, 0x00, 0x00, 0x00, 0x00, 0x00, 0x00, 0x00, 0x00,
    0x00, 0x00, 0x00, 0x00, 0x00, 0x00, 0x00, 0x00, 0x00, 0x00, 0x00, 0x00,
    0x00, 0x00, 0x00, 0x00, 0x00, 0x00, 0x00, 0x00, 0x00, 0x00, 0x00, 0x00,
    0x00, 0x00, 0x00, 0x00, 0x00, 0x00, 0x00, 0x00, 0x00, 0x00, 0x00, 0x00,
    0x00, 0x00, 0x00, 0x00, 0x00, 0x00, 0x00, 0x00, 0x00, 0x00, 0x00, 0x00,
    0x00, 0x00, 0x00, 0x00, 0x00, 0x00, 0x00, 0x00, 0x00, 0x00, 0x00, 0x00,
    0x00, 0x00, 0x00, 0x00, 0x00, 0x00, 0x00, 0x00, 0x00, 0x00, 0x00, 0x00,
    0x00, 0x00, 0x00, 0x00, 0x00, 0x00, 0x00, 0x00, 0x00, 0x00, 0x00, 0x00,
    0x00, 0x00, 0x00, 0x00, 0x00, 0x00, 0x00, 0x00, 0x00, 0x00, 0x00, 0x00,
    0x00, 0x00, 0x00, 0x00, 0x00, 0x00, 0x00, 0x00, 0x00, 0x00, 0x00, 0x00,
    0x00, 0x00, 0x00, 0x00, 0x00, 0x00, 0x00, 0x00, 0x00, 0x00, 0x00, 0x00,
    0x00, 0x00, 0x00, 0x00, 0x00, 0x00, 0x00, 0x00, 0x00, 0x00, 0x00, 0x00,
    0x00, 0x00, 0x00, 0x00, 0x00, 0x00, 0x00, 0x00, 0x00, 0x00, 0x00, 0x00,
    0x00, 0x00, 0x00, 0x00, 0x00, 0x00, 0x00, 0x00, 0x00, 0x00, 0x00, 0x00,
    0x00, 0x00, 0x00, 0x00, 0x00, 0x00, 0x00, 0x00, 0x00, 0x00, 0x00, 0x00,
    0x00, 0x00, 0x00, 0x00, 0x00, 0x00, 0x00, 0x00, 0x00, 0x00, 0x00, 0x00,
    0x00, 0x00, 0x00, 0x00, 0x00, 0x00, 0x00, 0x00, 0x00, 0x00, 0x00, 0x00,
    0x00, 0x00, 0x00, 0x00, 0x00, 0x00, 0x00, 0x00, 0x00, 0x00, 0x00, 0x00,
    0x00, 0x00, 0x00, 0x00, 0x00, 0x00, 0x00, 0x00, 0x00, 0x00, 0x00, 0x00,
    0x00, 0x00, 0x00, 0x00, 0x00, 0x00, 0x00, 0x00, 0x00, 0x00, 0x00, 0x00,
    0x00, 0x00, 0x00, 0x00, 0x00, 0x00, 0x80, 0xfa, 0x80, 0xfa, 0x80, 0xfa,
    0x80, 0xfa, 0x80, 0xfa, 0x80, 0xfa, 0x80, 0xfa, 0x80, 0xfa, 0x80, 0xfa,
    0x80, 0xfa, 0x80, 0xfa, 0x80, 0xfa, 0x80, 0xfa, 0x80, 0xfa, 0x80, 0xfa,
    0x80, 0xfa, 0x80, 0xfa, 0x80, 0xfa, 0x80, 0xfa, 0x80, 0xfa, 0x80, 0xfa,
    0x80, 0xfa, 0x80, 0xfa, 0x80, 0xfa, 0x80, 0xfa, 0x80, 0xfa, 0x80, 0xfa,
    0x80, 0xfa, 0x80, 0xfa, 0x80, 0xfa, 0x80, 0xfa, 0x80, 0xfa, 0x80, 0xfa,
    0x80, 0xfa, 0x80, 0xfa, 0x80, 0xfa, 0x80, 0xfa, 0x80, 0xfa, 0x80, 0xfa,
    0x80, 0xfa, 0x80, 0xfa, 0x80, 0xfa, 0x80, 0xfa, 0x80, 0xfa, 0x80, 0xfa,
    0x80, 0xfa, 0x80, 0xfa, 0x80, 0xfa, 0x80, 0xfa, 0x80, 0xfa, 0x80, 0xfa,
    0x80, 0xfa, 0x80, 0xfa, 0x80, 0xfa, 0x80, 0xfa, 0x80, 0xfa, 0x80, 0xfa,
    0x80, 0xfa, 0x80, 0xfa, 0x80, 0xfa, 0x80, 0xfa, 0x80, 0xfa, 0x80, 0xfa,
    0x80, 0xfa, 0x80, 0xfa, 0x80, 0xfa, 0x80, 0xfa, 0x80, 0xfa, 0x80, 0xfa,
    0x80, 0xfa, 0x80, 0xfa, 0x80, 0xfa, 0x80, 0xfa, 0x80, 0xfa, 0x80, 0xfa,
    0x80, 0xfa, 0x80, 0xfa, 0x80, 0xfa, 0x80, 0xfa, 0x80, 0xfa, 0x80, 0xfa,
    0x80, 0xfa, 0x80, 0xfa, 0x80, 0xfa, 0x80, 0xfa, 0x80, 0xfa, 0x80, 0xfa,
    0x80, 0xfa, 0x80, 0xfa, 0x80, 0xfa, 0x80, 0xfa, 0x80, 0xfa, 0x40, 0x20,
    0x00, 0x00, 0x00, 0x00, 0x00, 0x00, 0x00, 0x00, 0x00, 0x00, 0x00, 0x00,
    0x00, 0x00, 0x00, 0x00, 0x00, 0x00, 0x00, 0x00, 0x00, 0x00, 0x00, 0x00,
    0x00, 0x00, 0x00, 0x00, 0x00, 0x00, 0x00, 0x00, 0x00, 0x00, 0x00, 0x00,
    0x00, 0x00, 0x00, 0x00, 0x00, 0x00, 0x00, 0x00, 0x00, 0x00, 0x00, 0x00,
    0x00, 0x00, 0x00, 0x00, 0x00, 0x00, 0x00, 0x00, 0x00, 0x00, 0x00, 0x00,
    0x00, 0x00, 0x00, 0x00, 0x00, 0x00, 0x00, 0x00, 0x00, 0x00, 0x00, 0x00,
    0x00, 0x00, 0x00, 0x00, 0x00, 0x00, 0x00, 0x00, 0x00, 0x00, 0x00, 0x00,
    0x00, 0x00, 0x00, 0x00, 0x00, 0x00, 0x00, 0x00, 0x00, 0x00, 0x00, 0x00,
    0x00, 0x00, 0x00, 0x00, 0x00, 0x00, 0x00, 0x00, 0x00, 0x00, 0x00, 0x00,
    0x00, 0x00, 0x00, 0x00, 0x00, 0x00, 0x00, 0x00, 0x00, 0x00, 0x00, 0x00,
    0x00, 0x00, 0x00, 0x00, 0x00, 0x00, 0x00, 0x00, 0x00, 0x00, 0x00, 0x00,
    0x00, 0x00, 0x00, 0x00, 0x00, 0x00, 0x00, 0x00, 0x00, 0x00, 0x00, 0x00,
    0x00, 0x00, 0x00, 0x00, 0x00, 0x00, 0x00, 0x00, 0x00, 0x00, 0x00, 0x00,
    0x00, 0x00, 0x00, 0x00, 0x00, 0x00, 0x00, 0x00, 0x00, 0x00, 0x00, 0x00,
    0x00, 0x00, 0x00, 0x00, 0x00, 0x00, 0x00, 0x00, 0x00, 0x00, 0x00, 0x00,
    0x00, 0x00, 0x00, 0x00, 0x00, 0x00, 0x00, 0x00, 0x00, 0x00, 0x00, 0x00,
    0x00, 0x00, 0x00, 0x00, 0x00, 0x00, 0x00, 0x00, 0x00, 0x00, 0x00, 0x00,
    0x00, 0x00, 0x00, 0x00, 0x00, 0x00, 0x00, 0x00, 0x00, 0x00, 0x00, 0x00,
    0x00, 0x00, 0x00, 0x00, 0x00, 0x00, 0x00, 0x00, 0x00, 0x00, 0x00, 0x00,
    0x00, 0x00, 0x00, 0x00, 0x00, 0x00, 0x00, 0x00, 0x00, 0x00, 0x00, 0x00,
    0x00, 0x00, 0x00, 0x00, 0x00, 0x00, 0x00, 0x00, 0x00, 0x00, 0x00, 0x00,
    0x00, 0x00, 0x00, 0x00, 0x00, 0x00, 0x00, 0x00, 0x00, 0x00, 0x00, 0x00,
    0x00, 0x00, 0x00, 0x00, 0x00, 0x00, 0x00, 0x00, 0x00, 0x00, 0x00, 0x00,
    0x00, 0x00, 0x00, 0x00, 0x00, 0x00, 0x00, 0x00, 0x00, 0x00, 0x00, 0x00,
    0x00, 0x00, 0x00, 0x00, 0x00, 0x00, 0x00, 0x00, 0x00, 0x00, 0x00, 0x00,
    0x00, 0x00, 0x00, 0x00, 0x00, 0x00, 0x00, 0x00, 0x00, 0x00, 0x00, 0x00,
    0x00, 0x00, 0x00, 0x00, 0x00, 0x00, 0x00, 0x00, 0x00, 0x00, 0x00, 0x00,
    0x00, 0x00, 0x00, 0x00, 0x00, 0x00, 0x00, 0x00, 0x00, 0x00, 0x00, 0x00,
    0x00, 0x00, 0x00, 0x00, 0x00, 0x00, 0x00, 0x00, 0x00, 0x00, 0x00, 0x00,
    0x00, 0x00, 0x00, 0x00, 0x00, 0x00, 0x00, 0x00, 0x00, 0x00, 0x00, 0x00,
    0x00, 0x00, 0x00, 0x00, 0x00, 0x00, 0x00, 0x00, 0x00, 0x00, 0x00, 0x00,
    0x00, 0x00, 0x00, 0x00, 0x00, 0x00, 0x00, 0x00, 0x00, 0x00, 0x00, 0x00,
    0x00, 0x00, 0x00, 0x00, 0x00, 0x00, 0x00, 0x00, 0x00, 0x00, 0x00, 0x00,
    0x00, 0x00, 0x00, 0x00, 0x00, 0x00, 0x00, 0x00, 0x00, 0x00, 0x80, 0xfa,
    0x80, 0xfa, 0x80, 0xfa, 0x80, 0xfa, 0x80, 0xfa, 0x80, 0xfa, 0x80, 0xfa,
    0x80, 0xfa, 0x80, 0xfa, 0x80, 0xfa, 0x80, 0xfa, 0x80, 0xfa, 0x80, 0xfa,
    0x80, 0xfa, 0x80, 0xfa, 0x80, 0xfa, 0x80, 0xfa, 0x80, 0xfa, 0x80, 0xfa,
    0x80, 0xfa, 0x80, 0xfa, 0x80, 0xfa, 0x80, 0xfa, 0x80, 0xfa, 0x80, 0xfa,
    0x80, 0xfa, 0x80, 0xfa, 0x80, 0xfa, 0x80, 0xfa, 0x80, 0xfa, 0x80, 0xfa,
    0x80, 0xfa, 0x80, 0xfa, 0x80, 0xfa, 0x80, 0xfa, 0x80, 0xfa, 0x80, 0xfa,
    0x80, 0xfa, 0x80, 0xfa, 0x80, 0xfa, 0xe0, 0xc1, 0xc0, 0xb1, 0xc0, 0xb9,
    0xc0, 0xb1, 0xc0, 0xb1, 0xc0, 0xb9, 0xc0, 0xb1, 0xc0, 0xb1, 0xc0, 0xb9,
    0xc0, 0xb1, 0xc0, 0xb1, 0xc0, 0xb9, 0xc0, 0xb1, 0x20, 0xda, 0x80, 0xfa,
    0x80, 0xfa, 0x80, 0xfa, 0x80, 0xfa, 0x80, 0xfa, 0x80, 0xfa, 0x80, 0xfa,
    0x80, 0xfa, 0x80, 0xfa, 0x80, 0xfa, 0x80, 0xfa, 0x80, 0xfa, 0x80, 0xfa,
    0x80, 0xfa, 0x80, 0xfa, 0x80, 0xfa, 0x80, 0xfa, 0x80, 0xfa, 0x80, 0xfa,
    0x80, 0xfa, 0x80, 0xfa, 0x80, 0xfa, 0x80, 0xfa, 0x80, 0xfa, 0x80, 0xfa,
    0x80, 0xfa, 0x80, 0xfa, 0x80, 0xfa, 0x80, 0xfa, 0x80, 0xfa, 0x80, 0xfa,
    0x80, 0xfa, 0x80, 0xfa, 0x80, 0xfa, 0x80, 0xfa, 0x80, 0xfa, 0x80, 0xfa,
    0x80, 0xfa, 0x60, 0x20, 0x00, 0x00, 0x00, 0x00, 0x00, 0x00, 0x00, 0x00,
    0x00, 0x00, 0x00, 0x00, 0x00, 0x00, 0x00, 0x00, 0x00, 0x00, 0x00, 0x00,
    0x00, 0x00, 0x00, 0x00, 0x00, 0x00, 0x00, 0x00, 0x00, 0x00, 0x00, 0x00,
    0x00, 0x00, 0x00, 0x00, 0x00, 0x00, 0x00, 0x00, 0x00, 0x00, 0x00, 0x00,
    0x00, 0x00, 0x00, 0x00, 0x00, 0x00, 0x00, 0x00, 0x00, 0x00, 0x00, 0x00,
    0x00, 0x00, 0x00, 0x00, 0x00, 0x00, 0x00, 0x00, 0x00, 0x00, 0x00, 0x00,
    0x00, 0x00, 0x00, 0x00, 0x00, 0x00, 0x00, 0x00, 0x00, 0x00, 0x00, 0x00,
    0x00, 0x00, 0x00, 0x00, 0x00, 0x00, 0x00, 0x00, 0x00, 0x00, 0x00, 0x00,
    0x00, 0x00, 0x00, 0x00, 0x00, 0x00, 0x00, 0x00, 0x00, 0x00, 0x00, 0x00,
    0x00, 0x00, 0x00, 0x00, 0x00, 0x00, 0x00, 0x00, 0x00, 0x00, 0x00, 0x00,
    0x00, 0x00, 0x00, 0x00, 0x00, 0x00, 0x00, 0x00, 0x00, 0x00, 0x00, 0x00,
    0x00, 0x00, 0x00, 0x00, 0x00, 0x00, 0x00, 0x00, 0x00, 0x00, 0x00, 0x00,
    0x00, 0x00, 0x00, 0x00, 0x00, 0x00, 0x00, 0x00, 0x00, 0x00, 0x00, 0x00,
    0x00, 0x00, 0x00, 0x00, 0x00, 0x00, 0x00, 0x00, 0x00, 0x00, 0x00, 0x00,
    0x00, 0x00, 0x00, 0x00, 0x00, 0x00, 0x00, 0x00, 0x00, 0x00, 0x00, 0x00,
    0x00, 0x00, 0x00, 0x00, 0x00, 0x00, 0x00, 0x00, 0x00, 0x00, 0x00, 0x00,
    0x00, 0x00, 0x00, 0x00, 0x00, 0x00, 0x00, 0x00, 0x00, 0x00, 0x00, 0x00,
    0x00, 0x00, 0x00, 0x00, 0x00, 0x00, 0x00, 0x00, 0x00, 0x00, 0x00, 0x00,
    0x00, 0x00, 0x00, 0x00, 0x00, 0x00, 0x00, 0x00, 0x00, 0x00, 0x00, 0x00,
    0x00, 0x00, 0x00, 0x00, 0x00, 0x00, 0x00, 0x00, 0x00, 0x00, 0x00, 0x00,
    0x00, 0x00, 0x00, 0x00, 0x00, 0x00, 0x00, 0x00, 0x00, 0x00, 0x00, 0x00,
    0x00, 0x00, 0x00, 0x00, 0x00, 0x00, 0x00, 0x00, 0x00, 0x00, 0x00, 0x00,
    0x00, 0x00, 0x00, 0x00, 0x00, 0x00, 0x00, 0x00, 0x00, 0x00, 0x00, 0x00,
    0x00, 0x00, 0x00, 0x00, 0x00, 0x00, 0x00, 0x00, 0x00, 0x00, 0x00, 0x00,
    0x00, 0x00, 0x00, 0x00, 0x00, 0x00, 0x00, 0x00, 0x00, 0x00, 0x00, 0x00,
    0x00, 0x00, 0x00, 0x00, 0x00, 0x00, 0x00, 0x00, 0x00, 0x00, 0x00, 0x00,
    0x00, 0x00, 0x00, 0x00, 0x00, 0x00, 0x00, 0x00, 0x00, 0x00, 0x00, 0x00,
    0x00, 0x00, 0x00, 0x00, 0x00, 0x00, 0x00, 0x00, 0x00, 0x00, 0x00, 0x00,
    0x00, 0x00, 0x00, 0x00, 0x00, 0x00, 0x00, 0x00, 0x00, 0x00, 0x00, 0x00,
    0x00, 0x00, 0x00, 0x00, 0x00, 0x00, 0x00, 0x00, 0x00, 0x00, 0x00, 0x00,
    0x00, 0x00, 0x00, 0x00, 0x00, 0x00, 0x00, 0x00, 0x00, 0x00, 0x00, 0x00,
    0x00, 0x00, 0x00, 0x00, 0x00, 0x00, 0x00, 0x00, 0x00, 0x00, 0x00, 0x00,
    0x00, 0x00, 0x00, 0x00, 0x00, 0x00, 0x00, 0x00, 0x00, 0x00, 0x00, 0x00,
    0x00, 0x00, 0x00, 0x00, 0x00, 0x00, 0x00, 0x00, 0x00, 0x00, 0x00, 0x00,
    0x00, 0x00, 0x80, 0xfa, 0x80, 0xfa, 0x80, 0xfa, 0x80, 0xfa, 0x80, 0xfa,
    0x80, 0xfa, 0x80, 0xfa, 0x80, 0xfa, 0x80, 0xfa, 0x80, 0xfa, 0x80, 0xfa,
    0x80, 0xfa, 0x80, 0xfa, 0x80, 0xfa, 0x80, 0xfa, 0x80, 0xfa, 0x80, 0xfa,
    0x80, 0xfa, 0x80, 0xfa, 0x80, 0xfa, 0x80, 0xfa, 0x80, 0xfa, 0x80, 0xfa,
    0x80, 0xfa, 0x80, 0xfa, 0x80, 0xfa, 0x80, 0xfa, 0x80, 0xfa, 0x80, 0xfa,
    0x80, 0xfa, 0x80, 0xfa, 0x80, 0xfa, 0x80, 0xfa, 0x80, 0xfa, 0x80, 0xfa,
    0x80, 0xfa, 0x80, 0xfa, 0x80, 0xfa, 0x80, 0xfa, 0x80, 0xfa, 0xc0, 0x58,
    0x40, 0x18, 0x40, 0x18, 0x40, 0x20, 0x40, 0x18, 0x40, 0x18, 0x40, 0x20,
    0x40, 0x18, 0x40, 0x18, 0x40, 0x20, 0x40, 0x18, 0x40, 0x18, 0x40, 0x18,
    0x40, 0x81, 0x60, 0xf2, 0x80, 0xfa, 0x80, 0xfa, 0x80, 0xfa, 0x80, 0xfa,
    0x80, 0xfa, 0x80, 0xfa, 0x80, 0xfa, 0x80, 0xfa, 0x80, 0xfa, 0x80, 0xfa,
    0x80, 0xfa, 0x80, 0xfa, 0x80, 0xfa, 0x80, 0xfa, 0x80, 0xfa, 0x80, 0xfa,
    0x80, 0xfa, 0x80, 0xfa, 0x80, 0xfa, 0x80, 0xfa, 0x80, 0xfa, 0x80, 0xfa,
    0x80, 0xfa, 0x80, 0xfa, 0x80, 0xfa, 0x80, 0xfa, 0x80, 0xfa, 0x80, 0xfa,
    0x80, 0xfa, 0x80, 0xfa, 0x80, 0xfa, 0x80, 0xfa, 0x80, 0xfa, 0x80, 0xfa,
    0x80, 0xfa, 0x80, 0xfa, 0x80, 0xfa, 0x40, 0x20, 0x00, 0x00, 0x00, 0x00,
    0x00, 0x00, 0x00, 0x00, 0x00, 0x00, 0x00, 0x00, 0x00, 0x00, 0x00, 0x00,
    0x00, 0x00, 0x00, 0x00, 0x00, 0x00, 0x00, 0x00, 0x00, 0x00, 0x00, 0x00,
    0x00, 0x00, 0x00, 0x00, 0x00, 0x00, 0x00, 0x00, 0x00, 0x00, 0x00, 0x00,
    0x00, 0x00, 0x00, 0x00, 0x00, 0x00, 0x00, 0x00, 0x00, 0x00, 0x00, 0x00,
    0x00, 0x00, 0x00, 0x00, 0x00, 0x00, 0x00, 0x00, 0x00, 0x00, 0x00, 0x00,
    0x00, 0x00, 0x00, 0x00, 0x00, 0x00, 0x00, 0x00, 0x00, 0x00, 0x00, 0x00,
    0x00, 0x00, 0x00, 0x00, 0x00, 0x00, 0x00, 0x00, 0x00, 0x00, 0x00, 0x00,
    0x00, 0x00, 0x00, 0x00, 0x00, 0x00, 0x00, 0x00, 0x00, 0x00, 0x00, 0x00,
    0x00, 0x00, 0x00, 0x00, 0x00, 0x00, 0x00, 0x00, 0x00, 0x00, 0x00, 0x00,
    0x00, 0x00, 0x00, 0x00, 0x00, 0x00, 0x00, 0x00, 0x00, 0x00, 0x00, 0x00,
    0x00, 0x00, 0x00, 0x00, 0x00, 0x00, 0x00, 0x00, 0x00, 0x00, 0x00, 0x00,
    0x00, 0x00, 0x00, 0x00, 0x00, 0x00, 0x00, 0x00, 0x00, 0x00, 0x00, 0x00,
    0x00, 0x00, 0x00, 0x00, 0x00, 0x00, 0x00, 0x00, 0x00, 0x00, 0x00, 0x00,
    0x00, 0x00, 0x00, 0x00, 0x00, 0x00, 0x00, 0x00, 0x00, 0x00, 0x00, 0x00,
    0x00, 0x00, 0x00, 0x00, 0x00, 0x00, 0x00, 0x00, 0x00, 0x00, 0x00, 0x00,
    0x00, 0x00, 0x00, 0x00, 0x00, 0x00, 0x00, 0x00, 0x00, 0x00, 0x00, 0x00,
    0x00, 0x00, 0x00, 0x00, 0x00, 0x00, 0x00, 0x00, 0x00, 0x00, 0x00, 0x00,
    0x00, 0x00, 0x00, 0x00, 0x00, 0x00, 0x00, 0x00, 0x00, 0x00, 0x00, 0x00,
    0x00, 0x00, 0x00, 0x00, 0x00, 0x00, 0x00, 0x00, 0x00, 0x00, 0x00, 0x00,
    0x00, 0x00, 0x00, 0x00, 0x00, 0x00, 0x00, 0x00, 0x00, 0x00, 0x00, 0x00,
    0x00, 0x00, 0x00, 0x00, 0x00, 0x00, 0x00, 0x00, 0x00, 0x00, 0x00, 0x00,
    0x00, 0x00, 0x00, 0x00, 0x00, 0x00, 0x00, 0x00, 0x00, 0x00, 0x00, 0x00,
    0x00, 0x00, 0x00, 0x00, 0x00, 0x00, 0x00, 0x00, 0x00, 0x00, 0x00, 0x00,
    0x00, 0x00, 0x00, 0x00, 0x00, 0x00, 0x00, 0x00, 0x00, 0x00, 0x00, 0x00,
    0x00, 0x00, 0x00, 0x00, 0x00, 0x00, 0x00, 0x00, 0x00, 0x00, 0x00, 0x00,
    0x00, 0x00, 0x00, 0x00, 0x00, 0x00, 0x00, 0x00, 0x00, 0x00, 0x00, 0x00,
    0x00, 0x00, 0x00, 0x00, 0x00, 0x00, 0x00, 0x00, 0x00, 0x00, 0x00, 0x00,
    0x00, 0x00, 0x00, 0x00, 0x00, 0x00, 0x00, 0x00, 0x00, 0x00, 0x00, 0x00,
    0x00, 0x00, 0x00, 0x00, 0x00, 0x00, 0x00, 0x00, 0x00, 0x00, 0x00, 0x00,
    0x00, 0x00, 0x00, 0x00, 0x00, 0x00, 0x00, 0x00, 0x00, 0x00, 0x00, 0x00,
    0x00, 0x00, 0x00, 0x00, 0x00, 0x00, 0x00, 0x00, 0x00, 0x00, 0x00, 0x00,
    0x00, 0x00, 0x00, 0x00, 0x00, 0x00, 0x00, 0x00, 0x00, 0x00, 0x00, 0x00,
    0x00, 0x00, 0x00, 0x00, 0x00, 0x00, 0x00, 0x00, 0x00, 0x00, 0x00, 0x00,
    0x00, 0x00, 0x00, 0x00, 0x00, 0x00, 0x80, 0xfa, 0x80, 0xfa, 0x80, 0xfa,
    0x80, 0xfa, 0x80, 0xfa, 0x80, 0xfa, 0x80, 0xfa, 0x80, 0xfa, 0x80, 0xfa,
    0x80, 0xfa, 0x80, 0xfa, 0x80, 0xfa, 0x80, 0xfa, 0x80, 0xfa, 0x80, 0xfa,
    0x80, 0xfa, 0x80, 0xfa, 0x80, 0xfa, 0x80, 0xfa, 0x80, 0xfa, 0x80, 0xfa,
    0x80, 0xfa, 0x80, 0xfa, 0x80, 0xfa, 0x80, 0xfa, 0x80, 0xfa, 0x80, 0xfa,
    0x80, 0xfa, 0x80, 0xfa, 0x80, 0xfa, 0x80, 0xfa, 0x80, 0xfa, 0x80, 0xfa,
    0x80, 0xfa, 0x80, 0xfa, 0x80, 0xfa, 0x80, 0xfa, 0x80, 0xfa, 0x80, 0xfa,
    0x80, 0xfa, 0xa0, 0x40, 0x00, 0x00, 0x00, 0x00, 0x00, 0x00, 0x00, 0x00,
    0x00, 0x00, 0x00, 0x00, 0x00, 0x00, 0x00, 0x00, 0x00, 0x00, 0x00, 0x00,
    0x00, 0x00, 0x00, 0x00, 0x20, 0x71, 0x60, 0xf2, 0x80, 0xfa, 0x80, 0xfa,
    0x80, 0xfa, 0x80, 0xfa, 0x80, 0xfa, 0x80, 0xfa, 0x80, 0xfa, 0x80, 0xfa,
    0x80, 0xfa, 0x80, 0xfa, 0x80, 0xfa, 0x80, 0xfa, 0x80, 0xfa, 0x80, 0xfa,
    0x80, 0xfa, 0x80, 0xfa, 0x80, 0xfa, 0x80, 0xfa, 0x80, 0xfa, 0x80, 0xfa,
    0x80, 0xfa, 0x80, 0xfa, 0x80, 0xfa, 0x80, 0xfa, 0x80, 0xfa, 0x80, 0xfa,
    0x80, 0xfa, 0x80, 0xfa, 0x80, 0xfa, 0x80, 0xfa, 0x80, 0xfa, 0x80, 0xfa,
    0x80, 0xfa, 0x80, 0xfa, 0x80, 0xfa, 0x80, 0xfa, 0x80, 0xfa, 0x60, 0x20,
    0x00, 0x00, 0x00, 0x00, 0x00, 0x00, 0x00, 0x00, 0x00, 0x00, 0x00, 0x00,
    0x00, 0x00, 0x00, 0x00, 0x00, 0x00, 0x00, 0x00, 0x00, 0x00, 0x00, 0x00,
    0x00, 0x00, 0x00, 0x00, 0x00, 0x00, 0x00, 0x00, 0x00, 0x00, 0x00, 0x00,
    0x00, 0x00, 0x00, 0x00, 0x00, 0x00, 0x00, 0x00, 0x00, 0x00, 0x00, 0x00,
    0x00, 0x00, 0x00, 0x00, 0x00, 0x00, 0x00, 0x00, 0x00, 0x00, 0x00, 0x00,
    0x00, 0x00, 0x00, 0x00, 0x00, 0x00, 0x00, 0x00, 0x00, 0x00, 0x00, 0x00,
    0x00, 0x00, 0x00, 0x00, 0x00, 0x00, 0x00, 0x00, 0x00, 0x00, 0x00, 0x00,
    0x00, 0x00, 0x00, 0x00, 0x00, 0x00, 0x00, 0x00, 0x00, 0x00, 0x00, 0x00,
    0x00, 0x00, 0x00, 0x00, 0x00, 0x00, 0x00, 0x00, 0x00, 0x00, 0x00, 0x00,
    0x00, 0x00, 0x00, 0x00, 0x00, 0x00, 0x00, 0x00, 0x00, 0x00, 0x00, 0x00,
    0x00, 0x00, 0x00, 0x00, 0x00, 0x00, 0x00, 0x00, 0x00, 0x00, 0x00, 0x00,
    0x00, 0x00, 0x00, 0x00, 0x00, 0x00, 0x00, 0x00, 0x00, 0x00, 0x00, 0x00,
    0x00, 0x00, 0x00, 0x00, 0x00, 0x00, 0x00, 0x00, 0x00, 0x00, 0x00, 0x00,
    0x00, 0x00, 0x00, 0x00, 0x00, 0x00, 0x00, 0x00, 0x00, 0x00, 0x00, 0x00,
    0x00, 0x00, 0x00, 0x00, 0x00, 0x00, 0x00, 0x00, 0x00, 0x00, 0x00, 0x00,
    0x00, 0x00, 0x00, 0x00, 0x00, 0x00, 0x00, 0x00, 0x00, 0x00, 0x00, 0x00,
    0x00, 0x00, 0x00, 0x00, 0x00, 0x00, 0x00, 0x00, 0x00, 0x00, 0x00, 0x00,
    0x00, 0x00, 0x00, 0x00, 0x00, 0x00, 0x00, 0x00, 0x00, 0x00, 0x00, 0x00,
    0x00, 0x00, 0x00, 0x00, 0x00, 0x00, 0x00, 0x00, 0x00, 0x00, 0x00, 0x00,
    0x00, 0x00, 0x00, 0x00, 0x00, 0x00, 0x00, 0x00, 0x00, 0x00, 0x00, 0x00,
    0x00, 0x00, 0x00, 0x00, 0x00, 0x00, 0x00, 0x00, 0x00, 0x00, 0x00, 0x00,
    0x00, 0x00, 0x00, 0x00, 0x00, 0x00, 0x00, 0x00, 0x00, 0x00, 0x00, 0x00,
    0x00, 0x00, 0x00, 0x00, 0x00, 0x00, 0x00, 0x00, 0x00, 0x00, 0x00, 0x00,
    0x00, 0x00, 0x00, 0x00, 0x00, 0x00, 0x00, 0x00, 0x00, 0x00, 0x00, 0x00,
    0x00, 0x00, 0x00, 0x00, 0x00, 0x00, 0x00, 0x00, 0x00, 0x00, 0x00, 0x00,
    0x00, 0x00, 0x00, 0x00, 0x00, 0x00, 0x00, 0x00, 0x00, 0x00, 0x00, 0x00,
    0x00, 0x00, 0x00, 0x00, 0x00, 0x00, 0x00, 0x00, 0x00, 0x00, 0x00, 0x00,
    0x00, 0x00, 0x00, 0x00, 0x00, 0x00, 0x00, 0x00, 0x00, 0x00, 0x00, 0x00,
    0x00, 0x00, 0x00, 0x00, 0x00, 0x00, 0x00, 0x00, 0x00, 0x00, 0x00, 0x00,
    0x00, 0x00, 0x00, 0x00, 0x00, 0x00, 0x00, 0x00, 0x00, 0x00, 0x00, 0x00,
    0x00, 0x00, 0x00, 0x00, 0x00, 0x00, 0x00, 0x00, 0x00, 0x00, 0x00, 0x00,
    0x00, 0x00, 0x00, 0x00, 0x00, 0x00, 0x00, 0x00, 0x00, 0x00, 0x00, 0x00,
    0x00, 0x00, 0x00, 0x00, 0x00, 0x00, 0x00, 0x00, 0x00, 0x00, 0x00, 0x00,
    0x00, 0x00, 0x00, 0x00, 0x00, 0x00, 0x00, 0x00, 0x00, 0x00, 0x80, 0xfa,
    0x80, 0xfa, 0x80, 0xfa, 0x80, 0xfa, 0x80, 0xfa, 0x80, 0xfa, 0x80, 0xfa,
    0x80, 0xfa, 0x80, 0xfa, 0x80, 0xfa, 0x80, 0xfa, 0x80, 0xfa, 0x80, 0xfa,
    0x80, 0xfa, 0x80, 0xfa, 0x80, 0xfa, 0x80, 0xfa, 0x80, 0xfa, 0x80, 0xfa,
    0x80, 0xfa, 0x80, 0xfa, 0x80, 0xfa, 0x80, 0xfa, 0x80, 0xfa, 0x80, 0xfa,
    0x80, 0xfa, 0x80, 0xfa, 0x80, 0xfa, 0x80, 0xfa, 0x80, 0xfa, 0x80, 0xfa,
    0x80, 0xfa, 0x80, 0xfa, 0x80, 0xfa, 0x80, 0xfa, 0x80, 0xfa, 0x80, 0xfa,
    0x80, 0xfa, 0x80, 0xfa, 0x80, 0xfa, 0xc0, 0x58, 0x40, 0x18, 0x40, 0x18,
    0x40, 0x20, 0x40, 0x18, 0x40, 0x18, 0x40, 0x20, 0x40, 0x18, 0x40, 0x20,
    0x40, 0x18, 0x40, 0x20, 0x40, 0x20, 0x40, 0x18, 0x40, 0x81, 0x60, 0xfa,
    0x80, 0xfa, 0x80, 0xfa, 0x80, 0xfa, 0x80, 0xfa, 0x80, 0xfa, 0x80, 0xfa,
    0x80, 0xfa, 0x80, 0xfa, 0x80, 0xfa, 0x80, 0xfa, 0x80, 0xfa, 0x80, 0xfa,
    0x80, 0xfa, 0x80, 0xfa, 0x80, 0xfa, 0x80, 0xfa, 0x80, 0xfa, 0x80, 0xfa,
    0x80, 0xfa, 0x80, 0xfa, 0x80, 0xfa, 0x80, 0xfa, 0x80, 0xfa, 0x80, 0xfa,
    0x80, 0xfa, 0x80, 0xfa, 0x80, 0xfa, 0x80, 0xfa, 0x80, 0xfa, 0x80, 0xfa,
    0x80, 0xfa, 0x80, 0xfa, 0x80, 0xfa, 0x80, 0xfa, 0x80, 0xfa, 0x80, 0xfa,
    0x80, 0xfa, 0x40, 0x20, 0x00, 0x00, 0x00, 0x00, 0x00, 0x00, 0x00, 0x00,
    0x00, 0x00, 0x00, 0x00, 0x00, 0x00, 0x00, 0x00, 0x00, 0x00, 0x00, 0x00,
    0x00, 0x00, 0x00, 0x00, 0x00, 0x00, 0x00, 0x00, 0x00, 0x00, 0x00, 0x00,
    0x00, 0x00, 0x00, 0x00, 0x00, 0x00, 0x00, 0x00, 0x00, 0x00, 0x00, 0x00,
    0x00, 0x00, 0x00, 0x00, 0x00, 0x00, 0x00, 0x00, 0x00, 0x00, 0x00, 0x00,
    0x00, 0x00, 0x00, 0x00, 0x00, 0x00, 0x00, 0x00, 0x00, 0x00, 0x00, 0x00,
    0x00, 0x00, 0x00, 0x00, 0x00, 0x00, 0x00, 0x00, 0x00, 0x00, 0x00, 0x00,
    0x00, 0x00, 0x00, 0x00, 0x00, 0x00, 0x00, 0x00, 0x00, 0x00, 0x00, 0x00,
    0x00, 0x00, 0x00, 0x00, 0x00, 0x00, 0x00, 0x00, 0x00, 0x00, 0x00, 0x00,
    0x00, 0x00, 0x00, 0x00, 0x00, 0x00, 0x00, 0x00, 0x00, 0x00, 0x00, 0x00,
    0x00, 0x00, 0x00, 0x00, 0x00, 0x00, 0x00, 0x00, 0x00, 0x00, 0x00, 0x00,
    0x00, 0x00, 0x00, 0x00, 0x00, 0x00, 0x00, 0x00, 0x00, 0x00, 0x00, 0x00,
    0x00, 0x00, 0x00, 0x00, 0x00, 0x00, 0x00, 0x00, 0x00, 0x00, 0x00, 0x00,
    0x00, 0x00, 0x00, 0x00, 0x00, 0x00, 0x00, 0x00, 0x00, 0x00, 0x00, 0x00,
    0x00, 0x00, 0x00, 0x00, 0x00, 0x00, 0x00, 0x00, 0x00, 0x00, 0x00, 0x00,
    0x00, 0x00, 0x00, 0x00, 0x00, 0x00, 0x00, 0x00, 0x00, 0x00, 0x00, 0x00,
    0x00, 0x00, 0x00, 0x00, 0x00, 0x00, 0x00, 0x00, 0x00, 0x00, 0x00, 0x00,
    0x00, 0x00, 0x00, 0x00, 0x00, 0x00, 0x00, 0x00, 0x00, 0x00, 0x00, 0x00,
    0x00, 0x00, 0x00, 0x00, 0x00, 0x00, 0x00, 0x00, 0x00, 0x00, 0x00, 0x00,
    0x00, 0x00, 0x00, 0x00, 0x00, 0x00, 0x00, 0x00, 0x00, 0x00, 0x00, 0x00,
    0x00, 0x00, 0x00, 0x00, 0x00, 0x00, 0x00, 0x00, 0x00, 0x00, 0x00, 0x00,
    0x00, 0x00, 0x00, 0x00, 0x00, 0x00, 0x00, 0x00, 0x00, 0x00, 0x00, 0x00,
    0x00, 0x00, 0x00, 0x00, 0x00, 0x00, 0x00, 0x00, 0x00, 0x00, 0x00, 0x00,
    0x00, 0x00, 0x00, 0x00, 0x00, 0x00, 0x00, 0x00, 0x00, 0x00, 0x00, 0x00,
    0x00, 0x00, 0x00, 0x00, 0x00, 0x00, 0x00, 0x00, 0x00, 0x00, 0x00, 0x00,
    0x00, 0x00, 0x00, 0x00, 0x00, 0x00, 0x00, 0x00, 0x00, 0x00, 0x00, 0x00,
    0x00, 0x00, 0x00, 0x00, 0x00, 0x00, 0x00, 0x00, 0x00, 0x00, 0x00, 0x00,
    0x00, 0x00, 0x00, 0x00, 0x00, 0x00, 0x00, 0x00, 0x00, 0x00, 0x00, 0x00,
    0x00, 0x00, 0x00, 0x00, 0x00, 0x00, 0x00, 0x00, 0x00, 0x00, 0x00, 0x00,
    0x00, 0x00, 0x00, 0x00, 0x00, 0x00, 0x00, 0x00, 0x00, 0x00, 0x00, 0x00,
    0x00, 0x00, 0x00, 0x00, 0x00, 0x00, 0x00, 0x00, 0x00, 0x00, 0x00, 0x00,
    0x00, 0x00, 0x00, 0x00, 0x00, 0x00, 0x00, 0x00, 0x00, 0x00, 0x00, 0x00,
    0x00, 0x00, 0x00, 0x00, 0x00, 0x00, 0x00, 0x00, 0x00, 0x00, 0x00, 0x00,
    0x00, 0x00, 0x00, 0x00, 0x00, 0x00, 0x00, 0x00, 0x00, 0x00, 0x00, 0x00,
    0x00, 0x00, 0x80, 0xfa, 0x80, 0xfa, 0x80, 0xfa, 0x80, 0xfa, 0x80, 0xfa,
    0x80, 0xfa, 0x80, 0xfa, 0x80, 0xfa, 0x80, 0xfa, 0x80, 0xfa, 0x80, 0xfa,
    0x80, 0xfa, 0x80, 0xfa, 0x80, 0xfa, 0x80, 0xfa, 0x80, 0xfa, 0x80, 0xfa,
    0x80, 0xfa, 0x80, 0xfa, 0x80, 0xfa, 0x80, 0xfa, 0x80, 0xfa, 0x80, 0xfa,
    0x80, 0xfa, 0x80, 0xfa, 0x80, 0xfa, 0x80, 0xfa, 0x80, 0xfa, 0x80, 0xfa,
    0x80, 0xfa, 0x80, 0xfa, 0x80, 0xfa, 0x80, 0xfa, 0x80, 0xfa, 0x80, 0xfa,
    0x80, 0xfa, 0x80, 0xfa, 0x80, 0xfa, 0x80, 0xfa, 0x80, 0xfa, 0x00, 0xd2,
    0xc0, 0xb1, 0xc0, 0xb9, 0xc0, 0xb9, 0xc0, 0xb9, 0xc0, 0xb9, 0xc0, 0xb1,
    0xc0, 0xb9, 0xc0, 0xb1, 0xc0, 0xb9, 0xc0, 0xb1, 0xc0, 0xb9, 0xc0, 0xb1,
    0x20, 0xda, 0x60, 0xfa, 0x80, 0xfa, 0x80, 0xfa, 0x80, 0xfa, 0x80, 0xfa,
    0x80, 0xfa, 0x80, 0xfa, 0x80, 0xfa, 0x80, 0xfa, 0x80, 0xfa, 0x80, 0xfa,
    0x80, 0xfa, 0x80, 0xfa, 0x80, 0xfa, 0x80, 0xfa, 0x80, 0xfa, 0x80, 0xfa,
    0x80, 0xfa, 0x80, 0xfa, 0x80, 0xfa, 0x80, 0xfa, 0x80, 0xfa, 0x80, 0xfa,
    0x80, 0xfa, 0x80, 0xfa, 0x80, 0xfa, 0x80, 0xfa, 0x80, 0xfa, 0x80, 0xfa,
    0x80, 0xfa, 0x80, 0xfa, 0x80, 0xfa, 0x80, 0xfa, 0x80, 0xfa, 0x80, 0xfa,
    0x80, 0xfa, 0x80, 0xfa, 0x80, 0xfa, 0x60, 0x20, 0x00, 0x00, 0x00, 0x00,
    0x00, 0x00, 0x00, 0x00, 0x00, 0x00, 0x00, 0x00, 0x00, 0x00, 0x00, 0x00,
    0x00, 0x00, 0x00, 0x00, 0x00, 0x00, 0x00, 0x00, 0x00, 0x00, 0x00, 0x00,
    0x00, 0x00, 0x00, 0x00, 0x00, 0x00, 0x00, 0x00, 0x00, 0x00, 0x00, 0x00,
    0x00, 0x00, 0x00, 0x00, 0x00, 0x00, 0x00, 0x00, 0x00, 0x00, 0x00, 0x00,
    0x00, 0x00, 0x00, 0x00, 0x00, 0x00, 0x00, 0x00, 0x00, 0x00, 0x00, 0x00,
    0x00, 0x00, 0x00, 0x00, 0x00, 0x00, 0x00, 0x00, 0x00, 0x00, 0x00, 0x00,
    0x00, 0x00, 0x00, 0x00, 0x00, 0x00, 0x00, 0x00, 0x00, 0x00, 0x00, 0x00,
    0x00, 0x00, 0x00, 0x00, 0x00, 0x00, 0x00, 0x00, 0x00, 0x00, 0x00, 0x00,
    0x00, 0x00, 0x00, 0x00, 0x00, 0x00, 0x00, 0x00, 0x00, 0x00, 0x00, 0x00,
    0x00, 0x00, 0x00, 0x00, 0x00, 0x00, 0x00, 0x00, 0x00, 0x00, 0x00, 0x00,
    0x00, 0x00, 0x00, 0x00, 0x00, 0x00, 0x00, 0x00, 0x00, 0x00, 0x00, 0x00,
    0x00, 0x00, 0x00, 0x00, 0x00, 0x00, 0x00, 0x00, 0x00, 0x00, 0x00, 0x00,
    0x00, 0x00, 0x00, 0x00, 0x00, 0x00, 0x00, 0x00, 0x00, 0x00, 0x00, 0x00,
    0x00, 0x00, 0x00, 0x00, 0x00, 0x00, 0x00, 0x00, 0x00, 0x00, 0x00, 0x00,
    0x00, 0x00, 0x00, 0x00, 0x00, 0x00, 0x00, 0x00, 0x00, 0x00, 0x00, 0x00,
    0x00, 0x00, 0x00, 0x00, 0x00, 0x00, 0x00, 0x00, 0x00, 0x00, 0x00, 0x00,
    0x00, 0x00, 0x00, 0x00, 0x00, 0x00, 0x00, 0x00, 0x00, 0x00, 0x00, 0x00,
    0x00, 0x00, 0x00, 0x00, 0x00, 0x00, 0x00, 0x00, 0x00, 0x00, 0x00, 0x00,
    0x00, 0x00, 0x00, 0x00, 0x00, 0x00, 0x00, 0x00, 0x00, 0x00, 0x00, 0x00,
    0x00, 0x00, 0x00, 0x00, 0x00, 0x00, 0x00, 0x00, 0x00, 0x00, 0x00, 0x00,
    0x00, 0x00, 0x00, 0x00, 0x00, 0x00, 0x00, 0x00, 0x00, 0x00, 0x00, 0x00,
    0x00, 0x00, 0x00, 0x00, 0x00, 0x00, 0x00, 0x00, 0x00, 0x00, 0x00, 0x00,
    0x00, 0x00, 0x00, 0x00, 0x00, 0x00, 0x00, 0x00, 0x00, 0x00, 0x00, 0x00,
    0x00, 0x00, 0x00, 0x00, 0x00, 0x00, 0x00, 0x00, 0x00, 0x00, 0x00, 0x00,
    0x00, 0x00, 0x00, 0x00, 0x00, 0x00, 0x00, 0x00, 0x00, 0x00, 0x00, 0x00,
    0x00, 0x00, 0x00, 0x00, 0x00, 0x00, 0x00, 0x00, 0x00, 0x00, 0x00, 0x00,
    0x00, 0x00, 0x00, 0x00, 0x00, 0x00, 0x00, 0x00, 0x00, 0x00, 0x00, 0x00,
    0x00, 0x00, 0x00, 0x00, 0x00, 0x00, 0x00, 0x00, 0x00, 0x00, 0x00, 0x00,
    0x00, 0x00, 0x00, 0x00, 0x00, 0x00, 0x00, 0x00, 0x00, 0x00, 0x00, 0x00,
    0x00, 0x00, 0x00, 0x00, 0x00, 0x00, 0x00, 0x00, 0x00, 0x00, 0x00, 0x00,
    0x00, 0x00, 0x00, 0x00, 0x00, 0x00, 0x00, 0x00, 0x00, 0x00, 0x00, 0x00,
    0x00, 0x00, 0x00, 0x00, 0x00, 0x00, 0x00, 0x00, 0x00, 0x00, 0x00, 0x00,
    0x00, 0x00, 0x00, 0x00, 0x00, 0x00, 0x00, 0x00, 0x00, 0x00, 0x00, 0x00,
    0x00, 0x00, 0x00, 0x00, 0x00, 0x00, 0x80, 0xfa, 0x80, 0xfa, 0x80, 0xfa,
    0x80, 0xfa, 0x80, 0xfa, 0x80, 0xfa, 0x80, 0xfa, 0x80, 0xfa, 0x80, 0xfa,
    0x80, 0xfa, 0x80, 0xfa, 0x80, 0xfa, 0x80, 0xfa, 0x80, 0xfa, 0x80, 0xfa,
    0x80, 0xfa, 0x80, 0xfa, 0x80, 0xfa, 0x80, 0xfa, 0x80, 0xfa, 0x80, 0xfa,
    0x80, 0xfa, 0x80, 0xfa, 0x80, 0xfa, 0x80, 0xfa, 0x80, 0xfa, 0x80, 0xfa,
    0x80, 0xfa, 0x80, 0xfa, 0x80, 0xfa, 0x80, 0xfa, 0x80, 0xfa, 0x80, 0xfa,
    0x80, 0xfa, 0x80, 0xfa, 0x80, 0xfa, 0x80, 0xfa, 0x80, 0xfa, 0x80, 0xfa,
    0x80, 0xfa, 0x80, 0xfa, 0x80, 0xfa, 0x20, 0xe2, 0xe0, 0xb9, 0x60, 0x99,
    0x40, 0x89, 0x60, 0x89, 0x40, 0x89, 0x60, 0x89, 0x60, 0x91, 0xc0, 0xb9,
    0x20, 0xda, 0x60, 0xfa, 0x80, 0xfa, 0x80, 0xfa, 0x80, 0xfa, 0x80, 0xfa,
    0x80, 0xfa, 0x80, 0xfa, 0x20, 0xda, 0x60, 0x91, 0x60, 0xfa, 0x80, 0xfa,
    0x80, 0xfa, 0x80, 0xfa, 0x80, 0xfa, 0x80, 0xfa, 0x80, 0xfa, 0x80, 0xfa,
    0x80, 0xfa, 0x80, 0xfa, 0x80, 0xfa, 0x80, 0xfa, 0x80, 0xfa, 0x80, 0xfa,
    0x80, 0xfa, 0x80, 0xfa, 0x80, 0xfa, 0x80, 0xfa, 0x80, 0xfa, 0x80, 0xfa,
    0x80, 0xfa, 0x80, 0xfa, 0x80, 0xfa, 0x80, 0xfa, 0x80, 0xfa, 0x80, 0xfa,
    0x80, 0xfa, 0x80, 0xfa, 0x80, 0xfa, 0x80, 0xfa, 0x80, 0xfa, 0x40, 0x20,
    0x00, 0x00, 0x00, 0x00, 0x00, 0x00, 0x00, 0x00, 0x00, 0x00, 0x00, 0x00,
    0x00, 0x00, 0x00, 0x00, 0x00, 0x00, 0x00, 0x00, 0x00, 0x00, 0x00, 0x00,
    0x00, 0x00, 0x00, 0x00, 0x00, 0x00, 0x00, 0x00, 0x00, 0x00, 0x00, 0x00,
    0x00, 0x00, 0x00, 0x00, 0x00, 0x00, 0x00, 0x00, 0x00, 0x00, 0x00, 0x00,
    0x00, 0x00, 0x00, 0x00, 0x00, 0x00, 0x00, 0x00, 0x00, 0x00, 0x00, 0x00,
    0x00, 0x00, 0x00, 0x00, 0x00, 0x00, 0x00, 0x00, 0x00, 0x00, 0x00, 0x00,
    0x00, 0x00, 0x00, 0x00, 0x00, 0x00, 0x00, 0x00, 0x00, 0x00, 0x00, 0x00,
    0x00, 0x00, 0x00, 0x00, 0x00, 0x00, 0x00, 0x00, 0x00, 0x00, 0x00, 0x00,
    0x00, 0x00, 0x00, 0x00, 0x00, 0x00, 0x00, 0x00, 0x00, 0x00, 0x00, 0x00,
    0x00, 0x00, 0x00, 0x00, 0x00, 0x00, 0x00, 0x00, 0x00, 0x00, 0x00, 0x00,
    0x00, 0x00, 0x00, 0x00, 0x00, 0x00, 0x00, 0x00, 0x00, 0x00, 0x00, 0x00,
    0x00, 0x00, 0x00, 0x00, 0x00, 0x00, 0x00, 0x00, 0x00, 0x00, 0x00, 0x00,
    0x00, 0x00, 0x00, 0x00, 0x00, 0x00, 0x00, 0x00, 0x00, 0x00, 0x00, 0x00,
    0x00, 0x00, 0x00, 0x00, 0x00, 0x00, 0x00, 0x00, 0x00, 0x00, 0x00, 0x00,
    0x00, 0x00, 0x00, 0x00, 0x00, 0x00, 0x00, 0x00, 0x00, 0x00, 0x00, 0x00,
    0x00, 0x00, 0x00, 0x00, 0x00, 0x00, 0x00, 0x00, 0x00, 0x00, 0x00, 0x00,
    0x00, 0x00, 0x00, 0x00, 0x00, 0x00, 0x00, 0x00, 0x00, 0x00, 0x00, 0x00,
    0x00, 0x00, 0x00, 0x00, 0x00, 0x00, 0x00, 0x00, 0x00, 0x00, 0x00, 0x00,
    0x00, 0x00, 0x00, 0x00, 0x00, 0x00, 0x00, 0x00, 0x00, 0x00, 0x00, 0x00,
    0x00, 0x00, 0x00, 0x00, 0x00, 0x00, 0x00, 0x00, 0x00, 0x00, 0x00, 0x00,
    0x00, 0x00, 0x00, 0x00, 0x00, 0x00, 0x00, 0x00, 0x00, 0x00, 0x00, 0x00,
    0x00, 0x00, 0x00, 0x00, 0x00, 0x00, 0x00, 0x00, 0x00, 0x00, 0x00, 0x00,
    0x00, 0x00, 0x00, 0x00, 0x00, 0x00, 0x00, 0x00, 0x00, 0x00, 0x00, 0x00,
    0x00, 0x00, 0x00, 0x00, 0x00, 0x00, 0x00, 0x00, 0x00, 0x00, 0x00, 0x00,
    0x00, 0x00, 0x00, 0x00, 0x00, 0x00, 0x00, 0x00, 0x00, 0x00, 0x00, 0x00,
    0x00, 0x00, 0x00, 0x00, 0x00, 0x00, 0x00, 0x00, 0x00, 0x00, 0x00, 0x00,
    0x00, 0x00, 0x00, 0x00, 0x00, 0x00, 0x00, 0x00, 0x00, 0x00, 0x00, 0x00,
    0x00, 0x00, 0x00, 0x00, 0x00, 0x00, 0x00, 0x00, 0x00, 0x00, 0x00, 0x00,
    0x00, 0x00, 0x00, 0x00, 0x00, 0x00, 0x00, 0x00, 0x00, 0x00, 0x00, 0x00,
    0x00, 0x00, 0x00, 0x00, 0x00, 0x00, 0x00, 0x00, 0x00, 0x00, 0x00, 0x00,
    0x00, 0x00, 0x00, 0x00, 0x00, 0x00, 0x00, 0x00, 0x00, 0x00, 0x00, 0x00,
    0x00, 0x00, 0x00, 0x00, 0x00, 0x00, 0x00, 0x00, 0x00, 0x00, 0x00, 0x00,
    0x00, 0x00, 0x00, 0x00, 0x00, 0x00, 0x00, 0x00, 0x00, 0x00, 0x00, 0x00,
    0x00, 0x00, 0x00, 0x00, 0x00, 0x00, 0x00, 0x00, 0x00, 0x00, 0x80, 0xfa,
    0x80, 0xfa, 0x80, 0xfa, 0x80, 0xfa, 0x80, 0xfa, 0x80, 0xfa, 0x80, 0xfa,
    0x80, 0xfa, 0x80, 0xfa, 0x80, 0xfa, 0x80, 0xfa, 0x80, 0xfa, 0x80, 0xfa,
    0x80, 0xfa, 0x80, 0xfa, 0x80, 0xfa, 0x80, 0xfa, 0x80, 0xfa, 0x80, 0xfa,
    0x80, 0xfa, 0x80, 0xfa, 0x80, 0xfa, 0x80, 0xfa, 0x80, 0xfa, 0x80, 0xfa,
    0x80, 0xfa, 0x80, 0xfa, 0x80, 0xfa, 0x80, 0xfa, 0x80, 0xfa, 0x80, 0xfa,
    0x80, 0xfa, 0x80, 0xfa, 0x80, 0xfa, 0x80, 0xfa, 0x80, 0xfa, 0x80, 0xfa,
    0x80, 0xfa, 0x60, 0xf2, 0xe0, 0xc1, 0x20, 0x79, 0xc0, 0x48, 0x80, 0x30,
    0x60, 0x20, 0x40, 0x10, 0x20, 0x10, 0x20, 0x10, 0x20, 0x10, 0x20, 0x10,
    0x40, 0x10, 0x60, 0x20, 0x80, 0x30, 0xa0, 0x40, 0x00, 0x69, 0xa0, 0xa9,
    0x40, 0xea, 0x80, 0xfa, 0x80, 0xfa, 0x80, 0xfa, 0xe0, 0x60, 0x20, 0x10,
    0xe0, 0x60, 0x20, 0xda, 0x80, 0xfa, 0x80, 0xfa, 0x80, 0xfa, 0x80, 0xfa,
    0x80, 0xfa, 0x80, 0xfa, 0x80, 0xfa, 0x80, 0xfa, 0x80, 0xfa, 0x80, 0xfa,
    0x80, 0xfa, 0x80, 0xfa, 0x80, 0xfa, 0x80, 0xfa, 0x80, 0xfa, 0x80, 0xfa,
    0x80, 0xfa, 0x80, 0xfa, 0x80, 0xfa, 0x80, 0xfa, 0x80, 0xfa, 0x80, 0xfa,
    0x80, 0xfa, 0x80, 0xfa, 0x80, 0xfa, 0x80, 0xfa, 0x80, 0xfa, 0x80, 0xfa,
    0x80, 0xfa, 0x40, 0x20, 0x00, 0x00, 0x00, 0x00, 0x00, 0x00, 0x00, 0x00,
    0x00, 0x00, 0x00, 0x00, 0x00, 0x00, 0x00, 0x00, 0x00, 0x00, 0x00, 0x00,
    0x00, 0x00, 0x00, 0x00, 0x00, 0x00, 0x00, 0x00, 0x00, 0x00, 0x00, 0x00,
    0x00, 0x00, 0x00, 0x00, 0x00, 0x00, 0x00, 0x00, 0x00, 0x00, 0x00, 0x00,
    0x00, 0x00, 0x00, 0x00, 0x00, 0x00, 0x00, 0x00, 0x00, 0x00, 0x00, 0x00,
    0x00, 0x00, 0x00, 0x00, 0x00, 0x00, 0x00, 0x00, 0x00, 0x00, 0x00, 0x00,
    0x00, 0x00, 0x00, 0x00, 0x00, 0x00, 0x00, 0x00, 0x00, 0x00, 0x00, 0x00,
    0x00, 0x00, 0x00, 0x00, 0x00, 0x00, 0x00, 0x00, 0x00, 0x00, 0x00, 0x00,
    0x00, 0x00, 0x00, 0x00, 0x00, 0x00, 0x00, 0x00, 0x00, 0x00, 0x00, 0x00,
    0x00, 0x00, 0x00, 0x00, 0x00, 0x00, 0x00, 0x00, 0x00, 0x00, 0x00, 0x00,
    0x00, 0x00, 0x00, 0x00, 0x00, 0x00, 0x00, 0x00, 0x00, 0x00, 0x00, 0x00,
    0x00, 0x00, 0x00, 0x00, 0x00, 0x00, 0x00, 0x00, 0x00, 0x00, 0x00, 0x00,
    0x00, 0x00, 0x00, 0x00, 0x00, 0x00, 0x00, 0x00, 0x00, 0x00, 0x00, 0x00,
    0x00, 0x00, 0x00, 0x00, 0x00, 0x00, 0x00, 0x00, 0x00, 0x00, 0x00, 0x00,
    0x00, 0x00, 0x00, 0x00, 0x00, 0x00, 0x00, 0x00, 0x00, 0x00, 0x00, 0x00,
    0x00, 0x00, 0x00, 0x00, 0x00, 0x00, 0x00, 0x00, 0x00, 0x00, 0x00, 0x00,
    0x00, 0x00, 0x00, 0x00, 0x00, 0x00, 0x00, 0x00, 0x00, 0x00, 0x00, 0x00,
    0x00, 0x00, 0x00, 0x00, 0x00, 0x00, 0x00, 0x00, 0x00, 0x00, 0x00, 0x00,
    0x00, 0x00, 0x00, 0x00, 0x00, 0x00, 0x00, 0x00, 0x00, 0x00, 0x00, 0x00,
    0x00, 0x00, 0x00, 0x00, 0x00, 0x00, 0x00, 0x00, 0x00, 0x00, 0x00, 0x00,
    0x00, 0x00, 0x00, 0x00, 0x00, 0x00, 0x00, 0x00, 0x00, 0x00, 0x00, 0x00,
    0x00, 0x00, 0x00, 0x00, 0x00, 0x00, 0x00, 0x00, 0x00, 0x00, 0x00, 0x00,
    0x00, 0x00, 0x00, 0x00, 0x00, 0x00, 0x00, 0x00, 0x00, 0x00, 0x00, 0x00,
    0x00, 0x00, 0x00, 0x00, 0x00, 0x00, 0x00, 0x00, 0x00, 0x00, 0x00, 0x00,
    0x00, 0x00, 0x00, 0x00, 0x00, 0x00, 0x00, 0x00, 0x00, 0x00, 0x00, 0x00,
    0x00, 0x00, 0x00, 0x00, 0x00, 0x00, 0x00, 0x00, 0x00, 0x00, 0x00, 0x00,
    0x00, 0x00, 0x00, 0x00, 0x00, 0x00, 0x00, 0x00, 0x00, 0x00, 0x00, 0x00,
    0x00, 0x00, 0x00, 0x00, 0x00, 0x00, 0x00, 0x00, 0x00, 0x00, 0x00, 0x00,
    0x00, 0x00, 0x00, 0x00, 0x00, 0x00, 0x00, 0x00, 0x00, 0x00, 0x00, 0x00,
    0x00, 0x00, 0x00, 0x00, 0x00, 0x00, 0x00, 0x00, 0x00, 0x00, 0x00, 0x00,
    0x00, 0x00, 0x00, 0x00, 0x00, 0x00, 0x00, 0x00, 0x00, 0x00, 0x00, 0x00,
    0x00, 0x00, 0x00, 0x00, 0x00, 0x00, 0x00, 0x00, 0x00, 0x00, 0x00, 0x00,
    0x00, 0x00, 0x00, 0x00, 0x00, 0x00, 0x00, 0x00, 0x00, 0x00, 0x00, 0x00,
    0x00, 0x00, 0x00, 0x00, 0x00, 0x00, 0x00, 0x00, 0x00, 0x00, 0x00, 0x00,
    0x00, 0x00, 0x80, 0xfa, 0x80, 0xfa, 0x80, 0xfa, 0x80, 0xfa, 0x80, 0xfa,
    0x80, 0xfa, 0x80, 0xfa, 0x80, 0xfa, 0x80, 0xfa, 0x80, 0xfa, 0x80, 0xfa,
    0x80, 0xfa, 0x80, 0xfa, 0x80, 0xfa, 0x80, 0xfa, 0x80, 0xfa, 0x80, 0xfa,
    0x80, 0xfa, 0x80, 0xfa, 0x80, 0xfa, 0x80, 0xfa, 0x80, 0xfa, 0x80, 0xfa,
    0x80, 0xfa, 0x80, 0xfa, 0x80, 0xfa, 0x80, 0xfa, 0x80, 0xfa, 0x80, 0xfa,
    0x80, 0xfa, 0x80, 0xfa, 0x80, 0xfa, 0x80, 0xfa, 0x80, 0xfa, 0x80, 0xfa,
    0x80, 0xfa, 0x40, 0xe2, 0x80, 0xa1, 0xc0, 0x48, 0x60, 0x28, 0x20, 0x10,
    0x00, 0x00, 0x00, 0x00, 0x00, 0x00, 0x00, 0x00, 0x00, 0x00, 0x00, 0x00,
    0x00, 0x00, 0x00, 0x00, 0x00, 0x00, 0x00, 0x00, 0x00, 0x00, 0x00, 0x00,
    0x20, 0x10, 0x60, 0x28, 0xa0, 0x40, 0x60, 0x91, 0x20, 0xe2, 0x80, 0xfa,
    0x80, 0xa1, 0x40, 0x18, 0x20, 0x10, 0xa0, 0x40, 0xe0, 0xc1, 0x80, 0xfa,
    0x80, 0xfa, 0x80, 0xfa, 0x80, 0xfa, 0x80, 0xfa, 0x80, 0xfa, 0x80, 0xfa,
    0x80, 0xfa, 0x80, 0xfa, 0x80, 0xfa, 0x80, 0xfa, 0x80, 0xfa, 0x80, 0xfa,
    0x80, 0xfa, 0x80, 0xfa, 0x80, 0xfa, 0x80, 0xfa, 0x80, 0xfa, 0x80, 0xfa,
    0x80, 0xfa, 0x80, 0xfa, 0x80, 0xfa, 0x80, 0xfa, 0x80, 0xfa, 0x80, 0xfa,
    0x80, 0xfa, 0x80, 0xfa, 0x80, 0xfa, 0x60, 0x20, 0x00, 0x00, 0x00, 0x00,
    0x00, 0x00, 0x00, 0x00, 0x00, 0x00, 0x00, 0x00, 0x00, 0x00, 0x00, 0x00,
    0x00, 0x00, 0x00, 0x00, 0x00, 0x00, 0x00, 0x00, 0x00, 0x00, 0x00, 0x00,
    0x00, 0x00, 0x00, 0x00, 0x00, 0x00, 0x00, 0x00, 0x00, 0x00, 0x00, 0x00,
    0x00, 0x00, 0x00, 0x00, 0x00, 0x00, 0x00, 0x00, 0x00, 0x00, 0x00, 0x00,
    0x00, 0x00, 0x00, 0x00, 0x00, 0x00, 0x00, 0x00, 0x00, 0x00, 0x00, 0x00,
    0x00, 0x00, 0x00, 0x00, 0x00, 0x00, 0x00, 0x00, 0x00, 0x00, 0x00, 0x00,
    0x00, 0x00, 0x00, 0x00, 0x00, 0x00, 0x00, 0x00, 0x00, 0x00, 0x00, 0x00,
    0x00, 0x00, 0x00, 0x00, 0x00, 0x00, 0x00, 0x00, 0x00, 0x00, 0x00, 0x00,
    0x00, 0x00, 0x00, 0x00, 0x00, 0x00, 0x00, 0x00, 0x00, 0x00, 0x00, 0x00,
    0x00, 0x00, 0x00, 0x00, 0x00, 0x00, 0x00, 0x00, 0x00, 0x00, 0x00, 0x00,
    0x00, 0x00, 0x00, 0x00, 0x00, 0x00, 0x00, 0x00, 0x00, 0x00, 0x00, 0x00,
    0x00, 0x00, 0x00, 0x00, 0x00, 0x00, 0x00, 0x00, 0x00, 0x00, 0x00, 0x00,
    0x00, 0x00, 0x00, 0x00, 0x00, 0x00, 0x00, 0x00, 0x00, 0x00, 0x00, 0x00,
    0x00, 0x00, 0x00, 0x00, 0x00, 0x00, 0x00, 0x00, 0x00, 0x00, 0x00, 0x00,
    0x00, 0x00, 0x00, 0x00, 0x00, 0x00, 0x00, 0x00, 0x00, 0x00, 0x00, 0x00,
    0x00, 0x00, 0x00, 0x00, 0x00, 0x00, 0x00, 0x00, 0x00, 0x00, 0x00, 0x00,
    0x00, 0x00, 0x00, 0x00, 0x00, 0x00, 0x00, 0x00, 0x00, 0x00, 0x00, 0x00,
    0x00, 0x00, 0x00, 0x00, 0x00, 0x00, 0x00, 0x00, 0x00, 0x00, 0x00, 0x00,
    0x00, 0x00, 0x00, 0x00, 0x00, 0x00, 0x00, 0x00, 0x00, 0x00, 0x00, 0x00,
    0x00, 0x00, 0x00, 0x00, 0x00, 0x00, 0x00, 0x00, 0x00, 0x00, 0x00, 0x00,
    0x00, 0x00, 0x00, 0x00, 0x00, 0x00, 0x00, 0x00, 0x00, 0x00, 0x00, 0x00,
    0x00, 0x00, 0x00, 0x00, 0x00, 0x00, 0x00, 0x00, 0x00, 0x00, 0x00, 0x00,
    0x00, 0x00, 0x00, 0x00, 0x00, 0x00, 0x00, 0x00, 0x00, 0x00, 0x00, 0x00,
    0x00, 0x00, 0x00, 0x00, 0x00, 0x00, 0x00, 0x00, 0x00, 0x00, 0x00, 0x00,
    0x00, 0x00, 0x00, 0x00, 0x00, 0x00, 0x00, 0x00, 0x00, 0x00, 0x00, 0x00,
    0x00, 0x00, 0x00, 0x00, 0x00, 0x00, 0x00, 0x00, 0x00, 0x00, 0x00, 0x00,
    0x00, 0x00, 0x00, 0x00, 0x00, 0x00, 0x00, 0x00, 0x00, 0x00, 0x00, 0x00,
    0x00, 0x00, 0x00, 0x00, 0x00, 0x00, 0x00, 0x00, 0x00, 0x00, 0x00, 0x00,
    0x00, 0x00, 0x00, 0x00, 0x00, 0x00, 0x00, 0x00, 0x00, 0x00, 0x00, 0x00,
    0x00, 0x00, 0x00, 0x00, 0x00, 0x00, 0x00, 0x00, 0x00, 0x00, 0x00, 0x00,
    0x00, 0x00, 0x00, 0x00, 0x00, 0x00, 0x00, 0x00, 0x00, 0x00, 0x00, 0x00,
    0x00, 0x00, 0x00, 0x00, 0x00, 0x00, 0x00, 0x00, 0x00, 0x00, 0x00, 0x00,
    0x00, 0x00, 0x00, 0x00, 0x00, 0x00, 0x00, 0x00, 0x00, 0x00, 0x00, 0x00,
    0x00, 0x00, 0x00, 0x00, 0x00, 0x00, 0x80, 0xfa, 0x80, 0xfa, 0x80, 0xfa,
    0x80, 0xfa, 0x80, 0xfa, 0x80, 0xfa, 0x80, 0xfa, 0x80, 0xfa, 0x80, 0xfa,
    0x80, 0xfa, 0x80, 0xfa, 0x80, 0xfa, 0x80, 0xfa, 0x80, 0xfa, 0x80, 0xfa,
    0x80, 0xfa, 0x80, 0xfa, 0x80, 0xfa, 0x80, 0xfa, 0x80, 0xfa, 0x80, 0xfa,
    0x80, 0xfa, 0x80, 0xfa, 0x80, 0xfa, 0x80, 0xfa, 0x80, 0xfa, 0x80, 0xfa,
    0x80, 0xfa, 0x80, 0xfa, 0x80, 0xfa, 0x80, 0xfa, 0x80, 0xfa, 0x80, 0xfa,
    0x80, 0xfa, 0x60, 0xf2, 0xa0, 0xa9, 0x80, 0x30, 0x20, 0x10, 0x00, 0x08,
    0x00, 0x00, 0x00, 0x00, 0x00, 0x00, 0x00, 0x00, 0x00, 0x00, 0x00, 0x00,
    0x00, 0x00, 0x00, 0x00, 0x00, 0x00, 0x00, 0x00, 0x00, 0x00, 0x00, 0x00,
    0x00, 0x00, 0x00, 0x00, 0x00, 0x00, 0x00, 0x00, 0x00, 0x00, 0x20, 0x08,
    0x60, 0x20, 0x60, 0x91, 0x40, 0xea, 0x20, 0xda, 0xa0, 0x40, 0x00, 0x00,
    0x60, 0x28, 0x60, 0x91, 0x60, 0xf2, 0x80, 0xfa, 0x80, 0xfa, 0x80, 0xfa,
    0x80, 0xfa, 0x80, 0xfa, 0x80, 0xfa, 0x80, 0xfa, 0x80, 0xfa, 0x80, 0xfa,
    0x80, 0xfa, 0x80, 0xfa, 0x80, 0xfa, 0x80, 0xfa, 0x80, 0xfa, 0x80, 0xfa,
    0x80, 0xfa, 0x80, 0xfa, 0x80, 0xfa, 0x80, 0xfa, 0x80, 0xfa, 0x80, 0xfa,
    0x80, 0xfa, 0x80, 0xfa, 0x80, 0xfa, 0x80, 0xfa, 0x80, 0xfa, 0x60, 0x20,
    0x00, 0x00, 0x00, 0x00, 0x00, 0x00, 0x00, 0x00, 0x00, 0x00, 0x00, 0x00,
    0x00, 0x00, 0x00, 0x00, 0x00, 0x00, 0x00, 0x00, 0x00, 0x00, 0x00, 0x00,
    0x00, 0x00, 0x00, 0x00, 0x00, 0x00, 0x00, 0x00, 0x00, 0x00, 0x00, 0x00,
    0x00, 0x00, 0x00, 0x00, 0x00, 0x00, 0x00, 0x00, 0x00, 0x00, 0x00, 0x00,
    0x00, 0x00, 0x00, 0x00, 0x00, 0x00, 0x00, 0x00, 0x00, 0x00, 0x00, 0x00,
    0x00, 0x00, 0x00, 0x00, 0x00, 0x00, 0x00, 0x00, 0x00, 0x00, 0x00, 0x00,
    0x00, 0x00, 0x00, 0x00, 0x00, 0x00, 0x00, 0x00, 0x00, 0x00, 0x00, 0x00,
    0x00, 0x00, 0x00, 0x00, 0x00, 0x00, 0x00, 0x00, 0x00, 0x00, 0x00, 0x00,
    0x00, 0x00, 0x00, 0x00, 0x00, 0x00, 0x00, 0x00, 0x00, 0x00, 0x00, 0x00,
    0x00, 0x00, 0x00, 0x00, 0x00, 0x00, 0x00, 0x00, 0x00, 0x00, 0x00, 0x00,
    0x00, 0x00, 0x00, 0x00, 0x00, 0x00, 0x00, 0x00, 0x00, 0x00, 0x00, 0x00,
    0x00, 0x00, 0x00, 0x00, 0x00, 0x00, 0x00, 0x00, 0x00, 0x00, 0x00, 0x00,
    0x00, 0x00, 0x00, 0x00, 0x00, 0x00, 0x00, 0x00, 0x00, 0x00, 0x00, 0x00,
    0x00, 0x00, 0x00, 0x00, 0x00, 0x00, 0x00, 0x00, 0x00, 0x00, 0x00, 0x00,
    0x00, 0x00, 0x00, 0x00, 0x00, 0x00, 0x00, 0x00, 0x00, 0x00, 0x00, 0x00,
    0x00, 0x00, 0x00, 0x00, 0x00, 0x00, 0x00, 0x00, 0x00, 0x00, 0x00, 0x00,
    0x00, 0x00, 0x00, 0x00, 0x00, 0x00, 0x00, 0x00, 0x00, 0x00, 0x00, 0x00,
    0x00, 0x00, 0x00, 0x00, 0x00, 0x00, 0x00, 0x00, 0x00, 0x00, 0x00, 0x00,
    0x00, 0x00, 0x00, 0x00, 0x00, 0x00, 0x00, 0x00, 0x00, 0x00, 0x00, 0x00,
    0x00, 0x00, 0x00, 0x00, 0x00, 0x00, 0x00, 0x00, 0x00, 0x00, 0x00, 0x00,
    0x00, 0x00, 0x00, 0x00, 0x00, 0x00, 0x00, 0x00, 0x00, 0x00, 0x00, 0x00,
    0x00, 0x00, 0x00, 0x00, 0x00, 0x00, 0x00, 0x00, 0x00, 0x00, 0x00, 0x00,
    0x00, 0x00, 0x00, 0x00, 0x00, 0x00, 0x00, 0x00, 0x00, 0x00, 0x00, 0x00,
    0x00, 0x00, 0x00, 0x00, 0x00, 0x00, 0x00, 0x00, 0x00, 0x00, 0x00, 0x00,
    0x00, 0x00, 0x00, 0x00, 0x00, 0x00, 0x00, 0x00, 0x00, 0x00, 0x00, 0x00,
    0x00, 0x00, 0x00, 0x00, 0x00, 0x00, 0x00, 0x00, 0x00, 0x00, 0x00, 0x00,
    0x00, 0x00, 0x00, 0x00, 0x00, 0x00, 0x00, 0x00, 0x00, 0x00, 0x00, 0x00,
    0x00, 0x00, 0x00, 0x00, 0x00, 0x00, 0x00, 0x00, 0x00, 0x00, 0x00, 0x00,
    0x00, 0x00, 0x00, 0x00, 0x00, 0x00, 0x00, 0x00, 0x00, 0x00, 0x00, 0x00,
    0xe4, 0x20, 0xcf, 0x7b, 0x55, 0xad, 0x55, 0xad, 0x55, 0xad, 0xd3, 0x9c,
    0x86, 0x31, 0x0c, 0x63, 0x4d, 0x6b, 0xa2, 0x10, 0x00, 0x00, 0x00, 0x00,
    0x00, 0x00, 0x00, 0x00, 0x00, 0x00, 0x00, 0x00, 0x00, 0x00, 0x00, 0x00,
    0x00, 0x00, 0x00, 0x00, 0x00, 0x00, 0x00, 0x00, 0x00, 0x00, 0x00, 0x00,
    0x00, 0x00, 0x00, 0x00, 0x00, 0x00, 0x00, 0x00, 0x00, 0x00, 0x80, 0xfa,
    0x80, 0xfa, 0x80, 0xfa, 0x80, 0xfa, 0x80, 0xfa, 0x80, 0xfa, 0x80, 0xfa,
    0x80, 0xfa, 0x80, 0xfa, 0x80, 0xfa, 0x80, 0xfa, 0x80, 0xfa, 0x80, 0xfa,
    0x80, 0xfa, 0x80, 0xfa, 0x80, 0xfa, 0x80, 0xfa, 0x80, 0xfa, 0x80, 0xfa,
    0x80, 0xfa, 0x80, 0xfa, 0x80, 0xfa, 0x80, 0xfa, 0x80, 0xfa, 0x80, 0xfa,
    0x80, 0xfa, 0x80, 0xfa, 0x80, 0xfa, 0x80, 0xfa, 0x80, 0xfa, 0x80, 0xfa,
    0x80, 0xfa, 0x80, 0xfa, 0x20, 0xe2, 0xe0, 0x60, 0x20, 0x10, 0x00, 0x08,
    0x00, 0x00, 0x00, 0x00, 0x00, 0x00, 0x00, 0x00, 0x00, 0x00, 0x00, 0x00,
    0x00, 0x00, 0x00, 0x00, 0x00, 0x00, 0x00, 0x00, 0x00, 0x00, 0x00, 0x00,
    0x00, 0x00, 0x00, 0x00, 0x00, 0x00, 0x00, 0x00, 0x00, 0x00, 0x00, 0x00,
    0x00, 0x00, 0x00, 0x00, 0x00, 0x00, 0x40, 0x18, 0xc0, 0x48, 0x40, 0xea,
    0x40, 0xe2, 0x40, 0x81, 0x20, 0x08, 0x40, 0x18, 0x40, 0x89, 0x80, 0xfa,
    0x80, 0xfa, 0x80, 0xfa, 0x80, 0xfa, 0x80, 0xfa, 0x80, 0xfa, 0x80, 0xfa,
    0x80, 0xfa, 0x80, 0xfa, 0x80, 0xfa, 0x80, 0xfa, 0x80, 0xfa, 0x80, 0xfa,
    0x80, 0xfa, 0x80, 0xfa, 0x80, 0xfa, 0x80, 0xfa, 0x80, 0xfa, 0x80, 0xfa,
    0x80, 0xfa, 0x80, 0xfa, 0x80, 0xfa, 0x80, 0xfa, 0x80, 0xfa, 0x80, 0xfa,
    0x80, 0xfa, 0x40, 0x20, 0x00, 0x00, 0x00, 0x00, 0x00, 0x00, 0x00, 0x00,
    0x00, 0x00, 0x00, 0x00, 0x00, 0x00, 0x00, 0x00, 0x00, 0x00, 0x00, 0x00,
    0x00, 0x00, 0x00, 0x00, 0x00, 0x00, 0x00, 0x00, 0x00, 0x00, 0x00, 0x00,
    0x00, 0x00, 0x00, 0x00, 0x00, 0x00, 0x00, 0x00, 0x00, 0x00, 0x00, 0x00,
    0x00, 0x00, 0x00, 0x00, 0x00, 0x00, 0x00, 0x00, 0x00, 0x00, 0x00, 0x00,
    0x00, 0x00, 0x00, 0x00, 0x00, 0x00, 0x00, 0x00, 0x00, 0x00, 0x00, 0x00,
    0x00, 0x00, 0x00, 0x00, 0x00, 0x00, 0x00, 0x00, 0x00, 0x00, 0x00, 0x00,
    0x00, 0x00, 0x00, 0x00, 0x00, 0x00, 0x00, 0x00, 0x00, 0x00, 0x00, 0x00,
    0x00, 0x00, 0x00, 0x00, 0x00, 0x00, 0x00, 0x00, 0x00, 0x00, 0x00, 0x00,
    0x00, 0x00, 0x00, 0x00, 0x00, 0x00, 0x00, 0x00, 0x00, 0x00, 0x00, 0x00,
    0x00, 0x00, 0x00, 0x00, 0x00, 0x00, 0x00, 0x00, 0x00, 0x00, 0x00, 0x00,
    0x00, 0x00, 0x00, 0x00, 0x00, 0x00, 0x00, 0x00, 0x00, 0x00, 0x00, 0x00,
    0x00, 0x00, 0x00, 0x00, 0x00, 0x00, 0x00, 0x00, 0x00, 0x00, 0x00, 0x00,
    0x00, 0x00, 0x00, 0x00, 0x00, 0x00, 0x00, 0x00, 0x00, 0x00, 0x00, 0x00,
    0x00, 0x00, 0x00, 0x00, 0x00, 0x00, 0x00, 0x00, 0x00, 0x00, 0x00, 0x00,
    0x00, 0x00, 0x00, 0x00, 0x00, 0x00, 0x00, 0x00, 0x00, 0x00, 0x00, 0x00,
    0x00, 0x00, 0x00, 0x00, 0x00, 0x00, 0x00, 0x00, 0x00, 0x00, 0x00, 0x00,
    0x00, 0x00, 0x00, 0x00, 0x00, 0x00, 0x00, 0x00, 0x00, 0x00, 0x00, 0x00,
    0x00, 0x00, 0x00, 0x00, 0x00, 0x00, 0x00, 0x00, 0x00, 0x00, 0x00, 0x00,
    0x00, 0x00, 0x00, 0x00, 0x00, 0x00, 0x00, 0x00, 0x00, 0x00, 0x00, 0x00,
    0x00, 0x00, 0x00, 0x00, 0x00, 0x00, 0x00, 0x00, 0x00, 0x00, 0x00, 0x00,
    0x00, 0x00, 0x00, 0x00, 0x00, 0x00, 0x00, 0x00, 0x00, 0x00, 0x00, 0x00,
    0x00, 0x00, 0x00, 0x00, 0x00, 0x00, 0x00, 0x00, 0x00, 0x00, 0x00, 0x00,
    0x00, 0x00, 0x00, 0x00, 0x00, 0x00, 0x00, 0x00, 0x00, 0x00, 0x00, 0x00,
    0x00, 0x00, 0x00, 0x00, 0x00, 0x00, 0x00, 0x00, 0x00, 0x00, 0x00, 0x00,
    0x00, 0x00, 0x00, 0x00, 0x00, 0x00, 0x00, 0x00, 0x00, 0x00, 0x00, 0x00,
    0x00, 0x00, 0x00, 0x00, 0x00, 0x00, 0x00, 0x00, 0x00, 0x00, 0x00, 0x00,
    0x00, 0x00, 0x00, 0x00, 0x00, 0x00, 0x00, 0x00, 0x00, 0x00, 0x00, 0x00,
    0x00, 0x00, 0x00, 0x00, 0x00, 0x00, 0x00, 0x00, 0x00, 0x00, 0x00, 0x00,
    0x00, 0x00, 0x00, 0x00, 0x41, 0x08, 0xc7, 0x39, 0x8e, 0x73, 0xd7, 0xbd,
    0x51, 0x8c, 0x29, 0x4a, 0xc3, 0x18, 0x92, 0x94, 0x3d, 0xef, 0x29, 0x4a,
    0xa3, 0x18, 0x00, 0x00, 0x00, 0x00, 0x00, 0x00, 0x00, 0x00, 0x00, 0x00,
    0x00, 0x00, 0x00, 0x00, 0x00, 0x00, 0x00, 0x00, 0x00, 0x00, 0x00, 0x00,
    0x00, 0x00, 0x00, 0x00, 0x00, 0x00, 0x00, 0x00, 0x00, 0x00, 0x00, 0x00,
    0x00, 0x00, 0x80, 0xfa, 0x80, 0xfa, 0x80, 0xfa, 0x80, 0xfa, 0x80, 0xfa,
    0x80, 0xfa, 0x80, 0xfa, 0x80, 0xfa, 0x80, 0xfa, 0x80, 0xfa, 0x80, 0xfa,
    0x80, 0xfa, 0x80, 0xfa, 0x80, 0xfa, 0x80, 0xfa, 0x80, 0xfa, 0x80, 0xfa,
    0x80, 0xfa, 0x80, 0xfa, 0x80, 0xfa, 0x80, 0xfa, 0x80, 0xfa, 0x80, 0xfa,
    0x80, 0xfa, 0x80, 0xfa, 0x80, 0xfa, 0x80, 0xfa, 0x80, 0xfa, 0x80, 0xfa,
    0x80, 0xfa, 0x80, 0xfa, 0x80, 0xfa, 0xc0, 0xb9, 0x60, 0x28, 0x00, 0x00,
    0x00, 0x00, 0x00, 0x00, 0x00, 0x00, 0x00, 0x00, 0x00, 0x00, 0x00, 0x00,
    0x00, 0x00, 0x00, 0x00, 0x00, 0x00, 0x00, 0x00, 0x00, 0x00, 0x00, 0x00,
    0x00, 0x00, 0x00, 0x00, 0x00, 0x00, 0x00, 0x00, 0x00, 0x00, 0x00, 0x00,
    0x00, 0x00, 0x00, 0x00, 0x00, 0x00, 0x00, 0x00, 0x00, 0x00, 0x00, 0x00,
    0x00, 0x00, 0x20, 0x10, 0xe0, 0xc9, 0x80, 0xfa, 0xc0, 0xb9, 0x00, 0x61,
    0x20, 0xda, 0x80, 0xfa, 0x80, 0xfa, 0x80, 0xfa, 0x80, 0xfa, 0x80, 0xfa,
    0x80, 0xfa, 0x80, 0xfa, 0x80, 0xfa, 0x80, 0xfa, 0x80, 0xfa, 0x80, 0xfa,
    0x80, 0xfa, 0x80, 0xfa, 0x80, 0xfa, 0x80, 0xfa, 0x80, 0xfa, 0x80, 0xfa,
    0x80, 0xfa, 0x80, 0xfa, 0x80, 0xfa, 0x80, 0xfa, 0x80, 0xfa, 0x80, 0xfa,
    0x80, 0xfa, 0x80, 0xfa, 0x80, 0xfa, 0x40, 0x20, 0x00, 0x00, 0x00, 0x00,
    0x00, 0x00, 0x00, 0x00, 0x00, 0x00, 0x00, 0x00, 0x00, 0x00, 0x00, 0x00,
    0x00, 0x00, 0x00, 0x00, 0x00, 0x00, 0x00, 0x00, 0x00, 0x00, 0x00, 0x00,
    0x00, 0x00, 0x00, 0x00, 0x00, 0x00, 0x00, 0x00, 0x00, 0x00, 0x00, 0x00,
    0x00, 0x00, 0x00, 0x00, 0x00, 0x00, 0x00, 0x00, 0x00, 0x00, 0x00, 0x00,
    0x00, 0x00, 0x00, 0x00, 0x00, 0x00, 0x00, 0x00, 0x00, 0x00, 0x00, 0x00,
    0x00, 0x00, 0x00, 0x00, 0x00, 0x00, 0x00, 0x00, 0x00, 0x00, 0x00, 0x00,
    0x00, 0x00, 0x00, 0x00, 0x00, 0x00, 0x00, 0x00, 0x00, 0x00, 0x00, 0x00,
    0x00, 0x00, 0x00, 0x00, 0x00, 0x00, 0x00, 0x00, 0x00, 0x00, 0x00, 0x00,
    0x00, 0x00, 0x00, 0x00, 0x00, 0x00, 0x00, 0x00, 0x00, 0x00, 0x00, 0x00,
    0x00, 0x00, 0x00, 0x00, 0x00, 0x00, 0x00, 0x00, 0x00, 0x00, 0x00, 0x00,
    0x00, 0x00, 0x00, 0x00, 0x00, 0x00, 0x00, 0x00, 0x00, 0x00, 0x00, 0x00,
    0x00, 0x00, 0x00, 0x00, 0x00, 0x00, 0x00, 0x00, 0x00, 0x00, 0x00, 0x00,
    0x00, 0x00, 0x00, 0x00, 0x00, 0x00, 0x00, 0x00, 0x00, 0x00, 0x00, 0x00,
    0x00, 0x00, 0x00, 0x00, 0x00, 0x00, 0x00, 0x00, 0x00, 0x00, 0x00, 0x00,
    0x00, 0x00, 0x00, 0x00, 0x00, 0x00, 0x00, 0x00, 0x00, 0x00, 0x00, 0x00,
    0x00, 0x00, 0x00, 0x00, 0x00, 0x00, 0x00, 0x00, 0x00, 0x00, 0x00, 0x00,
    0x00, 0x00, 0x00, 0x00, 0x00, 0x00, 0x00, 0x00, 0x00, 0x00, 0x00, 0x00,
    0x00, 0x00, 0x00, 0x00, 0x00, 0x00, 0x00, 0x00, 0x00, 0x00, 0x00, 0x00,
    0x00, 0x00, 0x00, 0x00, 0x00, 0x00, 0x00, 0x00, 0x00, 0x00, 0x00, 0x00,
    0x00, 0x00, 0x00, 0x00, 0x00, 0x00, 0x00, 0x00, 0x00, 0x00, 0x00, 0x00,
    0x00, 0x00, 0x00, 0x00, 0x00, 0x00, 0x00, 0x00, 0x00, 0x00, 0x00, 0x00,
    0x00, 0x00, 0x00, 0x00, 0x00, 0x00, 0x00, 0x00, 0x00, 0x00, 0x00, 0x00,
    0x00, 0x00, 0x00, 0x00, 0x00, 0x00, 0x00, 0x00, 0x00, 0x00, 0x00, 0x00,
    0x00, 0x00, 0x00, 0x00, 0x00, 0x00, 0x00, 0x00, 0x00, 0x00, 0x00, 0x00,
    0x00, 0x00, 0x00, 0x00, 0x00, 0x00, 0x00, 0x00, 0x00, 0x00, 0x00, 0x00,
    0x00, 0x00, 0x00, 0x00, 0x00, 0x00, 0x00, 0x00, 0x00, 0x00, 0x00, 0x00,
    0x00, 0x00, 0x00, 0x00, 0x00, 0x00, 0x00, 0x00, 0x00, 0x00, 0x00, 0x00,
    0x00, 0x00, 0x00, 0x00, 0x00, 0x00, 0x00, 0x00, 0x00, 0x00, 0x00, 0x00,
    0x00, 0x00, 0x00, 0x00, 0x00, 0x00, 0x00, 0x00, 0x00, 0x00, 0x00, 0x00,
    0xc7, 0x39, 0xf3, 0x9c, 0xcb, 0x5a, 0x00, 0x00, 0x00, 0x00, 0x92, 0x94,
    0x3c, 0xe7, 0xb6, 0xb5, 0x55, 0xad, 0x00, 0x00, 0x00, 0x00, 0x00, 0x00,
    0x00, 0x00, 0x00, 0x00, 0x00, 0x00, 0x00, 0x00, 0x00, 0x00, 0x00, 0x00,
    0x00, 0x00, 0x00, 0x00, 0x00, 0x00, 0x00, 0x00, 0x00, 0x00, 0x00, 0x00,
    0x00, 0x00, 0x00, 0x00, 0x00, 0x00, 0x80, 0xfa, 0x80, 0xfa, 0x80, 0xfa,
    0x80, 0xfa, 0x80, 0xfa, 0x80, 0xfa, 0x80, 0xfa, 0x80, 0xfa, 0x80, 0xfa,
    0x80, 0xfa, 0x80, 0xfa, 0x80, 0xfa, 0x80, 0xfa, 0x80, 0xfa, 0x80, 0xfa,
    0x80, 0xfa, 0x80, 0xfa, 0x80, 0xfa, 0x80, 0xfa, 0x80, 0xfa, 0x80, 0xfa,
    0x80, 0xfa, 0x80, 0xfa, 0x80, 0xfa, 0x80, 0xfa, 0x80, 0xfa, 0x80, 0xfa,
    0x80, 0xfa, 0x80, 0xfa, 0x80, 0xfa, 0x60, 0xfa, 0xc0, 0xb1, 0x40, 0x18,
    0x00, 0x00, 0x00, 0x00, 0x00, 0x00, 0x00, 0x00, 0x00, 0x00, 0x00, 0x00,
    0x00, 0x00, 0x00, 0x00, 0x20, 0x08, 0x20, 0x10, 0x40, 0x20, 0x60, 0x28,
    0x80, 0x38, 0xc0, 0x48, 0xc0, 0x50, 0x80, 0x38, 0x60, 0x28, 0x40, 0x18,
    0x20, 0x10, 0x00, 0x08, 0x00, 0x00, 0x00, 0x00, 0x00, 0x00, 0x00, 0x00,
    0x00, 0x00, 0x00, 0x00, 0x00, 0x00, 0x00, 0x00, 0x40, 0x18, 0x80, 0xa1,
    0x80, 0xfa, 0x80, 0xfa, 0x80, 0xfa, 0x80, 0xfa, 0x80, 0xfa, 0x80, 0xfa,
    0x80, 0xfa, 0x80, 0xfa, 0x80, 0xfa, 0x80, 0xfa, 0x80, 0xfa, 0x80, 0xfa,
    0x80, 0xfa, 0x80, 0xfa, 0x80, 0xfa, 0x80, 0xfa, 0x80, 0xfa, 0x80, 0xfa,
    0x80, 0xfa, 0x80, 0xfa, 0x80, 0xfa, 0x80, 0xfa, 0x80, 0xfa, 0x80, 0xfa,
    0x80, 0xfa, 0x80, 0xfa, 0x80, 0xfa, 0x80, 0xfa, 0x80, 0xfa, 0x60, 0x20,
    0x00, 0x00, 0x00, 0x00, 0x00, 0x00, 0x00, 0x00, 0x00, 0x00, 0x00, 0x00,
    0x00, 0x00, 0x00, 0x00, 0x00, 0x00, 0x00, 0x00, 0x00, 0x00, 0x00, 0x00,
    0x00, 0x00, 0x00, 0x00, 0x00, 0x00, 0x00, 0x00, 0x00, 0x00, 0x00, 0x00,
    0x00, 0x00, 0x00, 0x00, 0x00, 0x00, 0x00, 0x00, 0x00, 0x00, 0x00, 0x00,
    0x00, 0x00, 0x00, 0x00, 0x00, 0x00, 0x00, 0x00, 0x00, 0x00, 0x00, 0x00,
    0x00, 0x00, 0x00, 0x00, 0x00, 0x00, 0x00, 0x00, 0x00, 0x00, 0x00, 0x00,
    0x00, 0x00, 0x00, 0x00, 0x00, 0x00, 0x00, 0x00, 0x00, 0x00, 0x00, 0x00,
    0x00, 0x00, 0x00, 0x00, 0x00, 0x00, 0x00, 0x00, 0x00, 0x00, 0x00, 0x00,
    0x00, 0x00, 0x00, 0x00, 0x00, 0x00, 0x00, 0x00, 0x00, 0x00, 0x00, 0x00,
    0x00, 0x00, 0x00, 0x00, 0x00, 0x00, 0x00, 0x00, 0x00, 0x00, 0x00, 0x00,
    0x00, 0x00, 0x00, 0x00, 0x00, 0x00, 0x00, 0x00, 0x00, 0x00, 0x00, 0x00,
    0x00, 0x00, 0x00, 0x00, 0x00, 0x00, 0x00, 0x00, 0x00, 0x00, 0x00, 0x00,
    0x00, 0x00, 0x00, 0x00, 0x00, 0x00, 0x00, 0x00, 0x00, 0x00, 0x00, 0x00,
    0x00, 0x00, 0x00, 0x00, 0x00, 0x00, 0x00, 0x00, 0x00, 0x00, 0x00, 0x00,
    0x00, 0x00, 0x00, 0x00, 0x00, 0x00, 0x00, 0x00, 0x00, 0x00, 0x00, 0x00,
    0x00, 0x00, 0x00, 0x00, 0x00, 0x00, 0x00, 0x00, 0x00, 0x00, 0x00, 0x00,
    0x00, 0x00, 0x00, 0x00, 0x00, 0x00, 0x00, 0x00, 0x00, 0x00, 0x00, 0x00,
    0x00, 0x00, 0x00, 0x00, 0x00, 0x00, 0x00, 0x00, 0x00, 0x00, 0x00, 0x00,
    0x00, 0x00, 0x00, 0x00, 0x00, 0x00, 0x00, 0x00, 0x00, 0x00, 0x00, 0x00,
    0x00, 0x00, 0x00, 0x00, 0x00, 0x00, 0x00, 0x00, 0x00, 0x00, 0x00, 0x00,
    0x00, 0x00, 0x00, 0x00, 0x00, 0x00, 0x00, 0x00, 0x00, 0x00, 0x00, 0x00,
    0x00, 0x00, 0x00, 0x00, 0x00, 0x00, 0x00, 0x00, 0x00, 0x00, 0x00, 0x00,
    0x00, 0x00, 0x00, 0x00, 0x00, 0x00, 0x00, 0x00, 0x00, 0x00, 0x00, 0x00,
    0x00, 0x00, 0x00, 0x00, 0x00, 0x00, 0x00, 0x00, 0x00, 0x00, 0x00, 0x00,
    0x00, 0x00, 0x00, 0x00, 0x00, 0x00, 0x00, 0x00, 0x00, 0x00, 0x00, 0x00,
    0x00, 0x00, 0x00, 0x00, 0x00, 0x00, 0x00, 0x00, 0x00, 0x00, 0x00, 0x00,
    0x00, 0x00, 0x00, 0x00, 0x00, 0x00, 0x00, 0x00, 0x00, 0x00, 0x00, 0x00,
    0x00, 0x00, 0x00, 0x00, 0x00, 0x00, 0x00, 0x00, 0x00, 0x00, 0x00, 0x00,
    0x00, 0x00, 0x00, 0x00, 0x00, 0x00, 0x00, 0x00, 0x00, 0x00, 0x00, 0x00,
    0x00, 0x00, 0x00, 0x00, 0xa7, 0x39, 0xf3, 0x9c, 0xcb, 0x5a, 0x00, 0x00,
    0x00, 0x00, 0x92, 0x94, 0xcf, 0x7b, 0xd7, 0xbd, 0xfb, 0xde, 0x00, 0x00,
    0x00, 0x00, 0x00, 0x00, 0x00, 0x00, 0x00, 0x00, 0x00, 0x00, 0x00, 0x00,
    0x00, 0x00, 0x00, 0x00, 0x00, 0x00, 0x00, 0x00, 0x00, 0x00, 0x00, 0x00,
    0x00, 0x00, 0x00, 0x00, 0x00, 0x00, 0x00, 0x00, 0x00, 0x00, 0x80, 0xfa,
    0x80, 0xfa, 0x80, 0xfa, 0x80, 0xfa, 0x80, 0xfa, 0x80, 0xfa, 0x80, 0xfa,
    0x80, 0xfa, 0x80, 0xfa, 0x80, 0xfa, 0x80, 0xfa, 0x80, 0xfa, 0x80, 0xfa,
    0x80, 0xfa, 0x80, 0xfa, 0x80, 0xfa, 0x80, 0xfa, 0x80, 0xfa, 0x80, 0xfa,
    0x80, 0xfa, 0x80, 0xfa, 0x80, 0xfa, 0x80, 0xfa, 0x80, 0xfa, 0x80, 0xfa,
    0x80, 0xfa, 0x80, 0xfa, 0x80, 0xfa, 0x80, 0xfa, 0x80, 0xfa, 0xc0, 0xb1,
    0x20, 0x10, 0x00, 0x00, 0x00, 0x00, 0x00, 0x00, 0x00, 0x00, 0x00, 0x00,
    0x00, 0x00, 0x00, 0x00, 0x20, 0x08, 0x40, 0x20, 0xc0, 0x48, 0x80, 0x99,
    0x40, 0xe2, 0x80, 0xfa, 0x80, 0xfa, 0x80, 0xfa, 0x80, 0xfa, 0x80, 0xfa,
    0x60, 0xfa, 0x00, 0xca, 0x40, 0x89, 0xa0, 0x38, 0x40, 0x18, 0x20, 0x08,
    0x00, 0x00, 0x00, 0x00, 0x00, 0x00, 0x00, 0x00, 0x00, 0x00, 0x00, 0x00,
    0x00, 0x00, 0x60, 0x28, 0x20, 0xe2, 0x80, 0xfa, 0x80, 0xfa, 0x80, 0xfa,
    0x80, 0xfa, 0x80, 0xfa, 0x80, 0xfa, 0x80, 0xfa, 0x80, 0xfa, 0x80, 0xfa,
    0x80, 0xfa, 0x80, 0xfa, 0x80, 0xfa, 0x80, 0xfa, 0x80, 0xfa, 0x80, 0xfa,
    0x80, 0xfa, 0x80, 0xfa, 0x80, 0xfa, 0x80, 0xfa, 0x80, 0xfa, 0x80, 0xfa,
    0x80, 0xfa, 0x80, 0xfa, 0x80, 0xfa, 0x80, 0xfa, 0x80, 0xfa, 0x80, 0xfa,
    0x80, 0xfa, 0x40, 0x20, 0x00, 0x00, 0x00, 0x00, 0x00, 0x00, 0x00, 0x00,
    0x00, 0x00, 0x00, 0x00, 0x00, 0x00, 0x00, 0x00, 0x00, 0x00, 0x00, 0x00,
    0x00, 0x00, 0x00, 0x00, 0x00, 0x00, 0x00, 0x00, 0x00, 0x00, 0x00, 0x00,
    0x00, 0x00, 0x00, 0x00, 0x00, 0x00, 0x00, 0x00, 0x00, 0x00, 0x00, 0x00,
    0x00, 0x00, 0x00, 0x00, 0x00, 0x00, 0x00, 0x00, 0x00, 0x00, 0x00, 0x00,
    0x00, 0x00, 0x00, 0x00, 0x00, 0x00, 0x00, 0x00, 0x00, 0x00, 0x00, 0x00,
    0x00, 0x00, 0x00, 0x00, 0x00, 0x00, 0x00, 0x00, 0x00, 0x00, 0x00, 0x00,
    0x00, 0x00, 0x00, 0x00, 0x00, 0x00, 0x00, 0x00, 0x00, 0x00, 0x00, 0x00,
    0x00, 0x00, 0x00, 0x00, 0x00, 0x00, 0x00, 0x00, 0x00, 0x00, 0x00, 0x00,
    0x00, 0x00, 0x00, 0x00, 0x00, 0x00, 0x00, 0x00, 0x00, 0x00, 0x00, 0x00,
    0x00, 0x00, 0x00, 0x00, 0x00, 0x00, 0x00, 0x00, 0x00, 0x00, 0x00, 0x00,
    0x00, 0x00, 0x00, 0x00, 0x00, 0x00, 0x00, 0x00, 0x00, 0x00, 0x00, 0x00,
    0x00, 0x00, 0x00, 0x00, 0x00, 0x00, 0x00, 0x00, 0x00, 0x00, 0x00, 0x00,
    0x00, 0x00, 0x00, 0x00, 0x00, 0x00, 0x00, 0x00, 0x00, 0x00, 0x00, 0x00,
    0x00, 0x00, 0x00, 0x00, 0x00, 0x00, 0x00, 0x00, 0x00, 0x00, 0x00, 0x00,
    0x00, 0x00, 0x00, 0x00, 0x00, 0x00, 0x00, 0x00, 0x00, 0x00, 0x00, 0x00,
    0x00, 0x00, 0x00, 0x00, 0x00, 0x00, 0x00, 0x00, 0x00, 0x00, 0x00, 0x00,
    0x00, 0x00, 0x00, 0x00, 0x00, 0x00, 0x00, 0x00, 0x00, 0x00, 0x00, 0x00,
    0x00, 0x00, 0x00, 0x00, 0x00, 0x00, 0x00, 0x00, 0x00, 0x00, 0x00, 0x00,
    0x00, 0x00, 0x00, 0x00, 0x00, 0x00, 0x00, 0x00, 0x00, 0x00, 0x00, 0x00,
    0x00, 0x00, 0x00, 0x00, 0x00, 0x00, 0x00, 0x00, 0x00, 0x00, 0x00, 0x00,
    0x00, 0x00, 0x00, 0x00, 0x00, 0x00, 0x00, 0x00, 0x00, 0x00, 0x00, 0x00,
    0x00, 0x00, 0x00, 0x00, 0x00, 0x00, 0x00, 0x00, 0x00, 0x00, 0x00, 0x00,
    0x00, 0x00, 0x00, 0x00, 0x00, 0x00, 0x00, 0x00, 0x00, 0x00, 0x00, 0x00,
    0x00, 0x00, 0x00, 0x00, 0x00, 0x00, 0x00, 0x00, 0x00, 0x00, 0x00, 0x00,
    0x00, 0x00, 0x00, 0x00, 0x00, 0x00, 0x00, 0x00, 0x00, 0x00, 0x00, 0x00,
    0x00, 0x00, 0x00, 0x00, 0x00, 0x00, 0x00, 0x00, 0x00, 0x00, 0x00, 0x00,
    0x00, 0x00, 0x00, 0x00, 0x00, 0x00, 0x00, 0x00, 0x00, 0x00, 0x00, 0x00,
    0x00, 0x00, 0x00, 0x00, 0x00, 0x00, 0x00, 0x00, 0x00, 0x00, 0x00, 0x00,
    0x00, 0x00, 0x00, 0x00, 0x00, 0x00, 0x00, 0x00, 0xc7, 0x39, 0xf4, 0xa4,
    0xcb, 0x5a, 0x00, 0x00, 0x00, 0x00, 0xb2, 0x94, 0x4d, 0x6b, 0x49, 0x4a,
    0x49, 0x4a, 0x00, 0x00, 0x00, 0x00, 0x00, 0x00, 0x00, 0x00, 0x00, 0x00,
    0x00, 0x00, 0x00, 0x00, 0x00, 0x00, 0x00, 0x00, 0x00, 0x00, 0x00, 0x00,
    0x00, 0x00, 0x00, 0x00, 0x00, 0x00, 0x00, 0x00, 0x00, 0x00, 0x00, 0x00,
    0x00, 0x00, 0x80, 0xfa, 0x80, 0xfa, 0x80, 0xfa, 0x80, 0xfa, 0x80, 0xfa,
    0x80, 0xfa, 0x80, 0xfa, 0x80, 0xfa, 0x80, 0xfa, 0x80, 0xfa, 0x80, 0xfa,
    0x80, 0xfa, 0x80, 0xfa, 0x80, 0xfa, 0x80, 0xfa, 0x80, 0xfa, 0x80, 0xfa,
    0x80, 0xfa, 0x80, 0xfa, 0x80, 0xfa, 0x80, 0xfa, 0x80, 0xfa, 0x80, 0xfa,
    0x80, 0xfa, 0x80, 0xfa, 0x80, 0xfa, 0x80, 0xfa, 0x80, 0xfa, 0x80, 0xfa,
    0xc0, 0xb9, 0x20, 0x18, 0x00, 0x00, 0x00, 0x00, 0x00, 0x00, 0x00, 0x00,
    0x00, 0x00, 0x00, 0x00, 0x20, 0x10, 0x80, 0x30, 0x20, 0x79, 0x20, 0xda,
    0x80, 0xfa, 0x80, 0xfa, 0x80, 0xfa, 0x80, 0xfa, 0x80, 0xfa, 0x80, 0xfa,
    0x80, 0xfa, 0x80, 0xfa, 0x80, 0xfa, 0x80, 0xfa, 0x80, 0xfa, 0x60, 0xfa,
    0x00, 0xca, 0x20, 0x71, 0x60, 0x28, 0x00, 0x08, 0x00, 0x00, 0x00, 0x00,
    0x00, 0x00, 0x00, 0x00, 0x80, 0x30, 0xc0, 0xb1, 0x80, 0xfa, 0x80, 0xfa,
    0x80, 0xfa, 0x80, 0xfa, 0x80, 0xfa, 0x80, 0xfa, 0x80, 0xfa, 0x80, 0xfa,
    0x80, 0xfa, 0x80, 0xfa, 0x80, 0xfa, 0x80, 0xfa, 0x80, 0xfa, 0x80, 0xfa,
    0x80, 0xfa, 0x80, 0xfa, 0x80, 0xfa, 0x80, 0xfa, 0x80, 0xfa, 0x80, 0xfa,
    0x80, 0xfa, 0x80, 0xfa, 0x80, 0xfa, 0x80, 0xfa, 0x80, 0xfa, 0x80, 0xfa,
    0x80, 0xfa, 0x80, 0xfa, 0x80, 0xfa, 0x60, 0x20, 0x00, 0x00, 0x00, 0x00,
    0x00, 0x00, 0x00, 0x00, 0x00, 0x00, 0x00, 0x00, 0x00, 0x00, 0x00, 0x00,
    0x00, 0x00, 0x00, 0x00, 0x00, 0x00, 0x00, 0x00, 0x00, 0x00, 0x00, 0x00,
    0x00, 0x00, 0x00, 0x00, 0x00, 0x00, 0x00, 0x00, 0x00, 0x00, 0x00, 0x00,
    0x00, 0x00, 0x00, 0x00, 0x00, 0x00, 0x00, 0x00, 0x00, 0x00, 0x00, 0x00,
    0x00, 0x00, 0x00, 0x00, 0x00, 0x00, 0x00, 0x00, 0x00, 0x00, 0x00, 0x00,
    0x00, 0x00, 0x00, 0x00, 0x00, 0x00, 0x00, 0x00, 0x00, 0x00, 0x00, 0x00,
    0x00, 0x00, 0x00, 0x00, 0x00, 0x00, 0x00, 0x00, 0x00, 0x00, 0x00, 0x00,
    0x00, 0x00, 0x00, 0x00, 0x00, 0x00, 0x00, 0x00, 0x00, 0x00, 0x00, 0x00,
    0x00, 0x00, 0x00, 0x00, 0x00, 0x00, 0x00, 0x00, 0x00, 0x00, 0x00, 0x00,
    0x00, 0x00, 0x00, 0x00, 0x00, 0x00, 0x00, 0x00, 0x00, 0x00, 0x00, 0x00,
    0x00, 0x00, 0x00, 0x00, 0x00, 0x00, 0x00, 0x00, 0x00, 0x00, 0x00, 0x00,
    0x00, 0x00, 0x00, 0x00, 0x00, 0x00, 0x00, 0x00, 0x00, 0x00, 0x00, 0x00,
    0x00, 0x00, 0x00, 0x00, 0x00, 0x00, 0x00, 0x00, 0x00, 0x00, 0x00, 0x00,
    0x00, 0x00, 0x00, 0x00, 0x00, 0x00, 0x00, 0x00, 0x00, 0x00, 0x00, 0x00,
    0x00, 0x00, 0x00, 0x00, 0x00, 0x00, 0x00, 0x00, 0x00, 0x00, 0x00, 0x00,
    0x00, 0x00, 0x00, 0x00, 0x00, 0x00, 0x00, 0x00, 0x00, 0x00, 0x00, 0x00,
    0x00, 0x00, 0x00, 0x00, 0x00, 0x00, 0x00, 0x00, 0x00, 0x00, 0x00, 0x00,
    0x00, 0x00, 0x00, 0x00, 0x00, 0x00, 0x00, 0x00, 0x00, 0x00, 0x00, 0x00,
    0x00, 0x00, 0x00, 0x00, 0x00, 0x00, 0x00, 0x00, 0x00, 0x00, 0x00, 0x00,
    0x00, 0x00, 0x00, 0x00, 0x00, 0x00, 0x00, 0x00, 0x00, 0x00, 0x00, 0x00,
    0x00, 0x00, 0x00, 0x00, 0x00, 0x00, 0x00, 0x00, 0x00, 0x00, 0x00, 0x00,
    0x00, 0x00, 0x00, 0x00, 0x00, 0x00, 0x00, 0x00, 0x00, 0x00, 0x00, 0x00,
    0x00, 0x00, 0x00, 0x00, 0x00, 0x00, 0x00, 0x00, 0x00, 0x00, 0x00, 0x00,
    0x00, 0x00, 0x00, 0x00, 0x00, 0x00, 0x00, 0x00, 0x00, 0x00, 0x00, 0x00,
    0x00, 0x00, 0x00, 0x00, 0x00, 0x00, 0x00, 0x00, 0x00, 0x00, 0x00, 0x00,
    0x00, 0x00, 0x00, 0x00, 0x00, 0x00, 0x00, 0x00, 0x00, 0x00, 0x00, 0x00,
    0x00, 0x00, 0x00, 0x00, 0x00, 0x00, 0x00, 0x00, 0x00, 0x00, 0x00, 0x00,
    0x00, 0x00, 0x00, 0x00, 0x00, 0x00, 0x00, 0x00, 0x00, 0x00, 0x00, 0x00,
    0x00, 0x00, 0x00, 0x00, 0x00, 0x00, 0x00, 0x00, 0x00, 0x00, 0x00, 0x00,
    0xa7, 0x39, 0xf3, 0x9c, 0xcb, 0x5a, 0x00, 0x00, 0x00, 0x00, 0x92, 0x94,
    0x6d, 0x6b, 0x82, 0x10, 0x00, 0x00, 0x00, 0x00, 0x00, 0x00, 0x00, 0x00,
    0x00, 0x00, 0x00, 0x00, 0x00, 0x00, 0x00, 0x00, 0x00, 0x00, 0x00, 0x00,
    0x00, 0x00, 0x00, 0x00, 0x00, 0x00, 0x00, 0x00, 0x00, 0x00, 0x00, 0x00,
    0x00, 0x00, 0x00, 0x00, 0x00, 0x00, 0x80, 0xfa, 0x80, 0xfa, 0x80, 0xfa,
    0x80, 0xfa, 0x80, 0xfa, 0x80, 0xfa, 0x80, 0xfa, 0x80, 0xfa, 0x80, 0xfa,
    0x80, 0xfa, 0x80, 0xfa, 0x80, 0xfa, 0x80, 0xfa, 0x80, 0xfa, 0x80, 0xfa,
    0x80, 0xfa, 0x80, 0xfa, 0x80, 0xfa, 0x80, 0xfa, 0x80, 0xfa, 0x80, 0xfa,
    0x80, 0xfa, 0x80, 0xfa, 0x80, 0xfa, 0x80, 0xfa, 0x80, 0xfa, 0x80, 0xfa,
    0x80, 0xfa, 0x20, 0xda, 0x40, 0x20, 0x00, 0x00, 0x00, 0x00, 0x00, 0x00,
    0x00, 0x00, 0x00, 0x00, 0x00, 0x00, 0x40, 0x10, 0xe0, 0x58, 0x00, 0xd2,
    0x80, 0xfa, 0x80, 0xfa, 0x80, 0xfa, 0x80, 0xfa, 0x80, 0xfa, 0x80, 0xfa,
    0x80, 0xfa, 0x80, 0xfa, 0x80, 0xfa, 0x80, 0xfa, 0x80, 0xfa, 0x80, 0xfa,
    0x80, 0xfa, 0x80, 0xfa, 0x80, 0xfa, 0x60, 0xfa, 0x20, 0x81, 0x20, 0x10,
    0x00, 0x00, 0x00, 0x00, 0x00, 0x00, 0x40, 0x20, 0xc0, 0xb9, 0x80, 0xfa,
    0x80, 0xfa, 0x80, 0xfa, 0x80, 0xfa, 0x80, 0xfa, 0x80, 0xfa, 0x80, 0xfa,
    0x80, 0xfa, 0x80, 0xfa, 0x80, 0xfa, 0x80, 0xfa, 0x80, 0xfa, 0x80, 0xfa,
    0x80, 0xfa, 0x80, 0xfa, 0x80, 0xfa, 0x80, 0xfa, 0x80, 0xfa, 0x80, 0xfa,
    0x80, 0xfa, 0x80, 0xfa, 0x80, 0xfa, 0x80, 0xfa, 0x80, 0xfa, 0x80, 0xfa,
    0x80, 0xfa, 0x80, 0xfa, 0x80, 0xfa, 0x80, 0xfa, 0x80, 0xfa, 0x40, 0x20,
    0x00, 0x00, 0x00, 0x00, 0x00, 0x00, 0x00, 0x00, 0x00, 0x00, 0x00, 0x00,
    0x00, 0x00, 0x00, 0x00, 0x00, 0x00, 0x00, 0x00, 0x00, 0x00, 0x00, 0x00,
    0x00, 0x00, 0x00, 0x00, 0x00, 0x00, 0x00, 0x00, 0x00, 0x00, 0x00, 0x00,
    0x00, 0x00, 0x00, 0x00, 0x00, 0x00, 0x00, 0x00, 0x21, 0x08, 0xa3, 0x18,
    0x45, 0x29, 0x86, 0x31, 0xe7, 0x39, 0xe7, 0x39, 0xa7, 0x39, 0x65, 0x29,
    0xe4, 0x20, 0x20, 0x00, 0x00, 0x00, 0x00, 0x00, 0x00, 0x00, 0x00, 0x00,
    0x00, 0x00, 0x00, 0x00, 0x82, 0x10, 0x45, 0x29, 0x86, 0x31, 0x86, 0x31,
    0x86, 0x31, 0x86, 0x31, 0x86, 0x31, 0x86, 0x31, 0x86, 0x31, 0x86, 0x31,
    0x86, 0x31, 0x24, 0x21, 0xc3, 0x18, 0x41, 0x08, 0x00, 0x00, 0x00, 0x00,
    0x00, 0x00, 0x00, 0x00, 0x00, 0x00, 0x00, 0x00, 0x00, 0x00, 0x00, 0x00,
    0x00, 0x00, 0x00, 0x00, 0x41, 0x08, 0x04, 0x21, 0x66, 0x31, 0xa7, 0x39,
    0xe7, 0x39, 0xc7, 0x39, 0x86, 0x31, 0x25, 0x29, 0xa2, 0x10, 0x20, 0x00,
    0x00, 0x00, 0x00, 0x00, 0x00, 0x00, 0x00, 0x00, 0x00, 0x00, 0x00, 0x00,
    0x00, 0x00, 0x00, 0x00, 0x00, 0x00, 0x20, 0x00, 0xa3, 0x18, 0x45, 0x29,
    0xe7, 0x39, 0x08, 0x42, 0xe8, 0x41, 0xa7, 0x39, 0x45, 0x29, 0xe3, 0x18,
    0x21, 0x08, 0x00, 0x00, 0x00, 0x00, 0x00, 0x00, 0x00, 0x00, 0x00, 0x00,
    0x00, 0x00, 0x00, 0x00, 0x00, 0x00, 0x00, 0x00, 0x20, 0x00, 0xa3, 0x18,
    0x45, 0x29, 0xc7, 0x39, 0x08, 0x42, 0xe7, 0x39, 0xa7, 0x39, 0x65, 0x29,
    0xe4, 0x20, 0x20, 0x00, 0x00, 0x00, 0x00, 0x00, 0x00, 0x00, 0x00, 0x00,
    0x00, 0x00, 0x00, 0x00, 0x62, 0x10, 0x25, 0x29, 0x86, 0x31, 0x86, 0x31,
    0x86, 0x31, 0x86, 0x31, 0x86, 0x31, 0x86, 0x31, 0x86, 0x31, 0x86, 0x31,
    0x86, 0x31, 0x25, 0x29, 0x82, 0x10, 0x21, 0x08, 0x00, 0x00, 0x00, 0x00,
    0x00, 0x00, 0x00, 0x00, 0x00, 0x00, 0x00, 0x00, 0x00, 0x00, 0x00, 0x00,
    0x00, 0x00, 0x00, 0x00, 0x20, 0x00, 0xe4, 0x20, 0x45, 0x29, 0xa7, 0x39,
    0xe7, 0x39, 0xe7, 0x39, 0xa6, 0x31, 0x45, 0x29, 0xc3, 0x18, 0x21, 0x08,
    0x00, 0x00, 0x00, 0x00, 0x00, 0x00, 0x00, 0x00, 0x00, 0x00, 0x45, 0x29,
    0x86, 0x31, 0x86, 0x31, 0x86, 0x31, 0x25, 0x29, 0x20, 0x00, 0x00, 0x00,
    0x00, 0x00, 0x00, 0x00, 0x00, 0x00, 0x00, 0x00, 0x00, 0x00, 0x00, 0x00,
    0xc3, 0x18, 0x65, 0x29, 0x86, 0x31, 0x86, 0x31, 0x86, 0x31, 0x82, 0x10,
    0x00, 0x00, 0x00, 0x00, 0xa6, 0x31, 0x92, 0x94, 0x8a, 0x52, 0x00, 0x00,
    0x00, 0x00, 0x72, 0x94, 0x0c, 0x63, 0x82, 0x10, 0x00, 0x00, 0x00, 0x00,
    0x00, 0x00, 0x00, 0x00, 0x00, 0x00, 0x00, 0x00, 0x00, 0x00, 0x00, 0x00,
    0x00, 0x00, 0x00, 0x00, 0x00, 0x00, 0x00, 0x00, 0x00, 0x00, 0x00, 0x00,
    0x00, 0x00, 0x00, 0x00, 0x00, 0x00, 0x00, 0x00, 0x00, 0x00, 0x80, 0xfa,
    0x80, 0xfa, 0x80, 0xfa, 0x80, 0xfa, 0x80, 0xfa, 0x80, 0xfa, 0x80, 0xfa,
    0x80, 0xfa, 0x80, 0xfa, 0x80, 0xfa, 0x80, 0xfa, 0x80, 0xfa, 0x80, 0xfa,
    0x80, 0xfa, 0x80, 0xfa, 0x80, 0xfa, 0x80, 0xfa, 0x80, 0xfa, 0x80, 0xfa,
    0x80, 0xfa, 0x80, 0xfa, 0x80, 0xfa, 0x80, 0xfa, 0x80, 0xfa, 0x80, 0xfa,
    0x80, 0xfa, 0x80, 0xfa, 0x40, 0xea, 0xc0, 0x50, 0x00, 0x00, 0x00, 0x00,
    0x00, 0x00, 0x00, 0x00, 0x00, 0x00, 0x00, 0x00, 0x40, 0x18, 0x40, 0x89,
    0x40, 0xe2, 0x80, 0xfa, 0x80, 0xfa, 0x80, 0xfa, 0x80, 0xfa, 0x80, 0xfa,
    0x80, 0xfa, 0x80, 0xfa, 0x80, 0xfa, 0x80, 0xfa, 0x80, 0xfa, 0x80, 0xfa,
    0x80, 0xfa, 0x80, 0xfa, 0x80, 0xfa, 0x80, 0xfa, 0x80, 0xfa, 0x80, 0xfa,
    0x80, 0xa1, 0x40, 0x18, 0x00, 0x00, 0x00, 0x00, 0x40, 0x20, 0xa0, 0xa9,
    0x80, 0xfa, 0x80, 0xfa, 0x80, 0xfa, 0x80, 0xfa, 0x80, 0xfa, 0x80, 0xfa,
    0x80, 0xfa, 0x80, 0xfa, 0x80, 0xfa, 0x80, 0xfa, 0x80, 0xfa, 0x80, 0xfa,
    0x80, 0xfa, 0x80, 0xfa, 0x80, 0xfa, 0x80, 0xfa, 0x80, 0xfa, 0x80, 0xfa,
    0x80, 0xfa, 0x80, 0xfa, 0x80, 0xfa, 0x80, 0xfa, 0x80, 0xfa, 0x80, 0xfa,
    0x80, 0xfa, 0x80, 0xfa, 0x80, 0xfa, 0x80, 0xfa, 0x80, 0xfa, 0x80, 0xfa,
    0x80, 0xfa, 0x40, 0x20, 0x00, 0x00, 0x00, 0x00, 0x00, 0x00, 0x00, 0x00,
    0x00, 0x00, 0x00, 0x00, 0x00, 0x00, 0x00, 0x00, 0x00, 0x00, 0x00, 0x00,
    0x00, 0x00, 0x00, 0x00, 0x00, 0x00, 0x00, 0x00, 0x00, 0x00, 0x00, 0x00,
    0x00, 0x00, 0x00, 0x00, 0x00, 0x00, 0x00, 0x00, 0x00, 0x00, 0x04, 0x21,
    0xcb, 0x5a, 0xb3, 0x9c, 0x38, 0xc6, 0xfb, 0xde, 0x9e, 0xf7, 0xbf, 0xff,
    0x1c, 0xe7, 0x59, 0xce, 0x55, 0xad, 0xcb, 0x5a, 0xe3, 0x18, 0x00, 0x00,
    0x00, 0x00, 0x00, 0x00, 0x00, 0x00, 0x00, 0x00, 0x29, 0x4a, 0xd7, 0xbd,
    0xdb, 0xde, 0xdb, 0xde, 0xdb, 0xde, 0xdb, 0xde, 0xdb, 0xde, 0xdb, 0xde,
    0xdb, 0xde, 0xdb, 0xde, 0xba, 0xd6, 0xf7, 0xbd, 0x14, 0xa5, 0x4d, 0x6b,
    0x66, 0x31, 0x20, 0x00, 0x00, 0x00, 0x00, 0x00, 0x00, 0x00, 0x00, 0x00,
    0x00, 0x00, 0x00, 0x00, 0x00, 0x00, 0xa6, 0x31, 0xcf, 0x7b, 0xb7, 0xbd,
    0x9a, 0xd6, 0x3d, 0xef, 0xdf, 0xff, 0x7e, 0xf7, 0xdb, 0xde, 0xf8, 0xc5,
    0x92, 0x94, 0x49, 0x4a, 0x82, 0x10, 0x00, 0x00, 0x00, 0x00, 0x00, 0x00,
    0x00, 0x00, 0x00, 0x00, 0x00, 0x00, 0x20, 0x00, 0x25, 0x29, 0xec, 0x62,
    0xf3, 0x9c, 0x9a, 0xd6, 0xbf, 0xff, 0xff, 0xff, 0xbe, 0xf7, 0x1c, 0xe7,
    0x59, 0xce, 0x55, 0xad, 0xec, 0x62, 0x45, 0x29, 0x00, 0x00, 0x00, 0x00,
    0x00, 0x00, 0x00, 0x00, 0x00, 0x00, 0x00, 0x00, 0x00, 0x00, 0xc3, 0x18,
    0xcb, 0x5a, 0x92, 0x94, 0x79, 0xce, 0x9e, 0xf7, 0xff, 0xff, 0xdf, 0xff,
    0x1c, 0xe7, 0x59, 0xce, 0x75, 0xad, 0xec, 0x62, 0x45, 0x29, 0x00, 0x00,
    0x00, 0x00, 0x00, 0x00, 0x00, 0x00, 0x00, 0x00, 0x08, 0x42, 0x75, 0xad,
    0xdb, 0xde, 0xdb, 0xde, 0xdb, 0xde, 0xdb, 0xde, 0xdb, 0xde, 0xdb, 0xde,
    0xdb, 0xde, 0xdb, 0xde, 0xba, 0xd6, 0x18, 0xc6, 0x92, 0x94, 0x2c, 0x63,
    0xc7, 0x39, 0x41, 0x08, 0x00, 0x00, 0x00, 0x00, 0x00, 0x00, 0x00, 0x00,
    0x00, 0x00, 0x00, 0x00, 0x00, 0x00, 0x04, 0x21, 0x4d, 0x6b, 0x76, 0xb5,
    0x59, 0xce, 0x1c, 0xe7, 0xbe, 0xf7, 0x9e, 0xf7, 0xfc, 0xe6, 0x39, 0xce,
    0xf3, 0x9c, 0xcb, 0x5a, 0xc3, 0x18, 0x00, 0x00, 0x00, 0x00, 0x00, 0x00,
    0x00, 0x00, 0xf3, 0x9c, 0xdb, 0xde, 0xdb, 0xde, 0xdb, 0xde, 0xb7, 0xbd,
    0x86, 0x31, 0x00, 0x00, 0x00, 0x00, 0x00, 0x00, 0x00, 0x00, 0x00, 0x00,
    0x00, 0x00, 0x82, 0x10, 0x72, 0x94, 0xba, 0xd6, 0xdb, 0xde, 0xdb, 0xde,
    0xf8, 0xc5, 0x65, 0x29, 0x00, 0x00, 0x00, 0x00, 0xc3, 0x18, 0x29, 0x4a,
    0x45, 0x29, 0x00, 0x00, 0x00, 0x00, 0x08, 0x42, 0xa6, 0x31, 0x41, 0x08,
    0x00, 0x00, 0x00, 0x00, 0x00, 0x00, 0x00, 0x00, 0x00, 0x00, 0x00, 0x00,
    0x00, 0x00, 0x00, 0x00, 0x00, 0x00, 0x00, 0x00, 0x00, 0x00, 0x00, 0x00,
    0x00, 0x00, 0x00, 0x00, 0x00, 0x00, 0x00, 0x00, 0x00, 0x00, 0x00, 0x00,
    0x00, 0x00, 0x80, 0xfa, 0x80, 0xfa, 0x80, 0xfa, 0x80, 0xfa, 0x80, 0xfa,
    0x80, 0xfa, 0x80, 0xfa, 0x80, 0xfa, 0x80, 0xfa, 0x80, 0xfa, 0x80, 0xfa,
    0x80, 0xfa, 0x80, 0xfa, 0x80, 0xfa, 0x80, 0xfa, 0x80, 0xfa, 0x80, 0xfa,
    0x80, 0xfa, 0x80, 0xfa, 0x80, 0xfa, 0x80, 0xfa, 0x80, 0xfa, 0x80, 0xfa,
    0x80, 0xfa, 0x80, 0xfa, 0x80, 0xfa, 0x80, 0xfa, 0x80, 0x91, 0x20, 0x10,
    0x00, 0x00, 0x00, 0x00, 0x00, 0x00, 0x00, 0x00, 0x00, 0x00, 0x40, 0x18,
    0x40, 0x81, 0x40, 0xf2, 0x80, 0xfa, 0x80, 0xfa, 0x80, 0xfa, 0x80, 0xfa,
    0x80, 0xfa, 0x80, 0xfa, 0x80, 0xfa, 0x80, 0xfa, 0x80, 0xfa, 0x80, 0xfa,
    0x80, 0xfa, 0x80, 0xfa, 0x80, 0xfa, 0x80, 0xfa, 0x80, 0xfa, 0x80, 0xfa,
    0x80, 0xfa, 0x40, 0xea, 0x20, 0x71, 0x20, 0x10, 0x00, 0x00, 0x60, 0x20,
    0x60, 0x89, 0x80, 0xfa, 0x80, 0xfa, 0x80, 0xfa, 0x80, 0xfa, 0x80, 0xfa,
    0x80, 0xfa, 0x80, 0xfa, 0x80, 0xfa, 0x80, 0xfa, 0x80, 0xfa, 0x80, 0xfa,
    0x80, 0xfa, 0x80, 0xfa, 0x80, 0xfa, 0x80, 0xfa, 0x80, 0xfa, 0x80, 0xfa,
    0x80, 0xfa, 0x80, 0xfa, 0x80, 0xfa, 0x80, 0xfa, 0x80, 0xfa, 0x80, 0xfa,
    0x80, 0xfa, 0x80, 0xfa, 0x80, 0xfa, 0x80, 0xfa, 0x80, 0xfa, 0x80, 0xfa,
    0x80, 0xfa, 0x80, 0xfa, 0x80, 0xfa, 0x60, 0x20, 0x00, 0x00, 0x00, 0x00,
    0x00, 0x00, 0x00, 0x00, 0x00, 0x00, 0x00, 0x00, 0x00, 0x00, 0x00, 0x00,
    0x00, 0x00, 0x00, 0x00, 0x00, 0x00, 0x00, 0x00, 0x00, 0x00, 0x00, 0x00,
    0x00, 0x00, 0x00, 0x00, 0x00, 0x00, 0x00, 0x00, 0x00, 0x00, 0x00, 0x00,
    0xe4, 0x20, 0x51, 0x8c, 0x1c, 0xe7, 0xff, 0xff, 0xff, 0xff, 0xff, 0xff,
    0xff, 0xff, 0xff, 0xff, 0xff, 0xff, 0xff, 0xff, 0xff, 0xff, 0x5d, 0xef,
    0x51, 0x8c, 0x04, 0x21, 0x00, 0x00, 0x00, 0x00, 0x00, 0x00, 0x00, 0x00,
    0xcb, 0x5a, 0x1c, 0xe7, 0xff, 0xff, 0xff, 0xff, 0xff, 0xff, 0xff, 0xff,
    0xff, 0xff, 0xff, 0xff, 0xff, 0xff, 0xff, 0xff, 0xff, 0xff, 0xff, 0xff,
    0xff, 0xff, 0x5d, 0xef, 0x34, 0xa5, 0xc7, 0x39, 0x41, 0x08, 0x00, 0x00,
    0x00, 0x00, 0x00, 0x00, 0x00, 0x00, 0x00, 0x00, 0x86, 0x31, 0xb7, 0xbd,
    0xff, 0xff, 0xff, 0xff, 0xff, 0xff, 0xff, 0xff, 0xff, 0xff, 0xff, 0xff,
    0xff, 0xff, 0xff, 0xff, 0xff, 0xff, 0x9a, 0xd6, 0x6e, 0x73, 0x61, 0x08,
    0x00, 0x00, 0x00, 0x00, 0x00, 0x00, 0x00, 0x00, 0x20, 0x00, 0x04, 0x21,
    0x72, 0x94, 0x5d, 0xef, 0xff, 0xff, 0xff, 0xff, 0xff, 0xff, 0xff, 0xff,
    0xff, 0xff, 0xff, 0xff, 0xff, 0xff, 0xff, 0xff, 0x7d, 0xef, 0xf4, 0xa4,
    0xe7, 0x39, 0x00, 0x00, 0x00, 0x00, 0x00, 0x00, 0x00, 0x00, 0x00, 0x00,
    0x24, 0x21, 0x31, 0x8c, 0x3d, 0xef, 0xff, 0xff, 0xff, 0xff, 0xff, 0xff,
    0xff, 0xff, 0xff, 0xff, 0xff, 0xff, 0xff, 0xff, 0xff, 0xff, 0x9e, 0xf7,
    0x35, 0xad, 0xe8, 0x41, 0x21, 0x08, 0x00, 0x00, 0x00, 0x00, 0x00, 0x00,
    0x8a, 0x52, 0xba, 0xd6, 0xff, 0xff, 0xff, 0xff, 0xff, 0xff, 0xff, 0xff,
    0xff, 0xff, 0xff, 0xff, 0xff, 0xff, 0xff, 0xff, 0xff, 0xff, 0xff, 0xff,
    0xff, 0xff, 0x9e, 0xf7, 0x96, 0xb5, 0xe7, 0x39, 0x21, 0x08, 0x00, 0x00,
    0x00, 0x00, 0x00, 0x00, 0x00, 0x00, 0x00, 0x00, 0x04, 0x21, 0xd3, 0x9c,
    0xdf, 0xff, 0xff, 0xff, 0xff, 0xff, 0xff, 0xff, 0xff, 0xff, 0xff, 0xff,
    0xff, 0xff, 0xff, 0xff, 0xff, 0xff, 0x1c, 0xe7, 0x31, 0x8c, 0xc3, 0x18,
    0x00, 0x00, 0x00, 0x00, 0x00, 0x00, 0x4d, 0x6b, 0xff, 0xff, 0xff, 0xff,
    0xff, 0xff, 0xbe, 0xf7, 0x10, 0x84, 0x62, 0x10, 0x00, 0x00, 0x00, 0x00,
    0x00, 0x00, 0x00, 0x00, 0x00, 0x00, 0xaa, 0x52, 0xbb, 0xde, 0xff, 0xff,
    0xff, 0xff, 0xff, 0xff, 0x76, 0xb5, 0x61, 0x08, 0x00, 0x00, 0x00, 0x00,
    0x00, 0x00, 0x00, 0x00, 0x00, 0x00, 0x00, 0x00, 0x00, 0x00, 0x00, 0x00,
    0x00, 0x00, 0x00, 0x00, 0x00, 0x00, 0x00, 0x00, 0x00, 0x00, 0x00, 0x00,
    0x00, 0x00, 0x00, 0x00, 0x00, 0x00, 0x00, 0x00, 0x00, 0x00, 0x00, 0x00,
    0x00, 0x00, 0x00, 0x00, 0x00, 0x00, 0x00, 0x00, 0x00, 0x00, 0x00, 0x00,
    0x00, 0x00, 0x00, 0x00, 0x00, 0x00, 0x80, 0xfa, 0x80, 0xfa, 0x80, 0xfa,
    0x80, 0xfa, 0x80, 0xfa, 0x80, 0xfa, 0x80, 0xfa, 0x80, 0xfa, 0x80, 0xfa,
    0x80, 0xfa, 0x80, 0xfa, 0x80, 0xfa, 0x80, 0xfa, 0x80, 0xfa, 0x80, 0xfa,
    0x80, 0xfa, 0x80, 0xfa, 0x80, 0xfa, 0x80, 0xfa, 0x80, 0xfa, 0x80, 0xfa,
    0x80, 0xfa, 0x80, 0xfa, 0x80, 0xfa, 0x80, 0xfa, 0x80, 0xfa, 0x20, 0xda,
    0x60, 0x28, 0x00, 0x00, 0x00, 0x00, 0x00, 0x00, 0x00, 0x00, 0x00, 0x00,
    0x40, 0x18, 0x60, 0x89, 0x40, 0xea, 0x80, 0xfa, 0x80, 0xfa, 0x80, 0xfa,
    0x80, 0xfa, 0x80, 0xfa, 0x80, 0xfa, 0x80, 0xfa, 0x80, 0xfa, 0x80, 0xfa,
    0x80, 0xfa, 0x80, 0xfa, 0x80, 0xfa, 0x80, 0xfa, 0x80, 0xfa, 0x80, 0xfa,
    0x80, 0xfa, 0x80, 0xfa, 0x60, 0xfa, 0x60, 0x91, 0x60, 0x20, 0x00, 0x00,
    0x40, 0x18, 0xa0, 0xa9, 0x60, 0xfa, 0x80, 0xfa, 0x80, 0xfa, 0x80, 0xfa,
    0x80, 0xfa, 0x80, 0xfa, 0x80, 0xfa, 0x80, 0xfa, 0x80, 0xfa, 0x80, 0xfa,
    0x80, 0xfa, 0x80, 0xfa, 0x80, 0xfa, 0x80, 0xfa, 0x80, 0xfa, 0x80, 0xfa,
    0x80, 0xfa, 0x80, 0xfa, 0x80, 0xfa, 0x80, 0xfa, 0x80, 0xfa, 0x80, 0xfa,
    0x80, 0xfa, 0x80, 0xfa, 0x80, 0xfa, 0x80, 0xfa, 0x80, 0xfa, 0x80, 0xfa,
    0x80, 0xfa, 0x80, 0xfa, 0x80, 0xfa, 0x80, 0xfa, 0x80, 0xfa, 0x60, 0x20,
    0x00, 0x00, 0x00, 0x00, 0x00, 0x00, 0x00, 0x00, 0x00, 0x00, 0x00, 0x00,
    0x00, 0x00, 0x00, 0x00, 0x00, 0x00, 0x00, 0x00, 0x00, 0x00, 0x00, 0x00,
    0x00, 0x00, 0x00, 0x00, 0x00, 0x00, 0x00, 0x00, 0x00, 0x00, 0x00, 0x00,
    0x00, 0x00, 0x04, 0x21, 0x71, 0x8c, 0x9e, 0xf7, 0xff, 0xff, 0xff, 0xff,
    0xff, 0xff, 0xff, 0xff, 0xff, 0xff, 0xff, 0xff, 0xff, 0xff, 0xff, 0xff,
    0xff, 0xff, 0xff, 0xff, 0xdf, 0xff, 0xf4, 0xa4, 0x25, 0x29, 0x00, 0x00,
    0x00, 0x00, 0x00, 0x00, 0xcb, 0x5a, 0x1c, 0xe7, 0xff, 0xff, 0xff, 0xff,
    0xff, 0xff, 0xff, 0xff, 0xff, 0xff, 0xff, 0xff, 0xff, 0xff, 0xff, 0xff,
    0xff, 0xff, 0xff, 0xff, 0xff, 0xff, 0xff, 0xff, 0xff, 0xff, 0xd7, 0xbd,
    0xe8, 0x41, 0x00, 0x00, 0x00, 0x00, 0x00, 0x00, 0x00, 0x00, 0x28, 0x42,
    0xf8, 0xc5, 0xff, 0xff, 0xff, 0xff, 0xff, 0xff, 0xff, 0xff, 0xff, 0xff,
    0xff, 0xff, 0xff, 0xff, 0xff, 0xff, 0xff, 0xff, 0xff, 0xff, 0xff, 0xff,
    0x3d, 0xef, 0x4d, 0x6b, 0x82, 0x10, 0x00, 0x00, 0x00, 0x00, 0x00, 0x00,
    0xa2, 0x10, 0xd3, 0x9c, 0xff, 0xff, 0xff, 0xff, 0xff, 0xff, 0xff, 0xff,
    0xff, 0xff, 0xff, 0xff, 0xff, 0xff, 0xff, 0xff, 0xff, 0xff, 0xff, 0xff,
    0xff, 0xff, 0xff, 0xff, 0x79, 0xce, 0xe7, 0x39, 0x00, 0x00, 0x00, 0x00,
    0x00, 0x00, 0xa3, 0x18, 0x71, 0x8c, 0x9e, 0xf7, 0xff, 0xff, 0xff, 0xff,
    0xff, 0xff, 0xff, 0xff, 0xff, 0xff, 0xff, 0xff, 0xff, 0xff, 0xff, 0xff,
    0xff, 0xff, 0xff, 0xff, 0xff, 0xff, 0x79, 0xce, 0xaa, 0x52, 0x00, 0x00,
    0x00, 0x00, 0x00, 0x00, 0xaa, 0x52, 0x9a, 0xd6, 0xff, 0xff, 0xff, 0xff,
    0xff, 0xff, 0xff, 0xff, 0xff, 0xff, 0xff, 0xff, 0xff, 0xff, 0xff, 0xff,
    0xff, 0xff, 0xff, 0xff, 0xff, 0xff, 0xff, 0xff, 0xdf, 0xff, 0x96, 0xb5,
    0xa7, 0x39, 0x00, 0x00, 0x00, 0x00, 0x00, 0x00, 0x00, 0x00, 0x45, 0x29,
    0x14, 0xa5, 0xff, 0xff, 0xff, 0xff, 0xff, 0xff, 0xff, 0xff, 0xff, 0xff,
    0xff, 0xff, 0xff, 0xff, 0xff, 0xff, 0xff, 0xff, 0xff, 0xff, 0xff, 0xff,
    0xbe, 0xf7, 0x51, 0x8c, 0xc3, 0x18, 0x00, 0x00, 0x00, 0x00, 0x41, 0x08,
    0xf8, 0xc5, 0xff, 0xff, 0xff, 0xff, 0xff, 0xff, 0x9a, 0xd6, 0x6a, 0x52,
    0x00, 0x00, 0x00, 0x00, 0x00, 0x00, 0x00, 0x00, 0xc3, 0x18, 0xb7, 0xbd,
    0xdf, 0xff, 0xff, 0xff, 0xff, 0xff, 0x7e, 0xf7, 0xa7, 0x39, 0x00, 0x00,
    0x00, 0x00, 0x00, 0x00, 0x00, 0x00, 0x00, 0x00, 0x00, 0x00, 0x00, 0x00,
    0x00, 0x00, 0x00, 0x00, 0x00, 0x00, 0x00, 0x00, 0x00, 0x00, 0x00, 0x00,
    0x00, 0x00, 0x00, 0x00, 0x00, 0x00, 0x00, 0x00, 0x00, 0x00, 0x00, 0x00,
    0x00, 0x00, 0x00, 0x00, 0x00, 0x00, 0x00, 0x00, 0x00, 0x00, 0x00, 0x00,
    0x00, 0x00, 0x00, 0x00, 0x00, 0x00, 0x00, 0x00, 0x00, 0x00, 0x80, 0xfa,
    0x80, 0xfa, 0x80, 0xfa, 0x80, 0xfa, 0x80, 0xfa, 0x80, 0xfa, 0x80, 0xfa,
    0x80, 0xfa, 0x80, 0xfa, 0x80, 0xfa, 0x80, 0xfa, 0x80, 0xfa, 0x80, 0xfa,
    0x80, 0xfa, 0x80, 0xfa, 0x80, 0xfa, 0x80, 0xfa, 0x80, 0xfa, 0x80, 0xfa,
    0x80, 0xfa, 0x80, 0xfa, 0x80, 0xfa, 0x80, 0xfa, 0x80, 0xfa, 0x80, 0xfa,
    0x80, 0xfa, 0x40, 0x89, 0x20, 0x08, 0x00, 0x00, 0x00, 0x00, 0x00, 0x00,
    0x00, 0x00, 0x20, 0x10, 0x00, 0x61, 0x40, 0xe2, 0x80, 0xfa, 0x80, 0xfa,
    0x80, 0xfa, 0x80, 0xfa, 0x80, 0xfa, 0x80, 0xfa, 0x80, 0xfa, 0x80, 0xfa,
    0x80, 0xfa, 0x80, 0xfa, 0x80, 0xfa, 0x80, 0xfa, 0x80, 0xfa, 0x80, 0xfa,
    0x80, 0xfa, 0x80, 0xfa, 0x80, 0xfa, 0x80, 0xfa, 0xe0, 0xc1, 0x80, 0x38,
    0x00, 0x00, 0x40, 0x18, 0x60, 0x89, 0x60, 0xf2, 0x80, 0xfa, 0x80, 0xfa,
    0x80, 0xfa, 0x80, 0xfa, 0x80, 0xfa, 0x80, 0xfa, 0x80, 0xfa, 0x80, 0xfa,
    0x80, 0xfa, 0x80, 0xfa, 0x80, 0xfa, 0x80, 0xfa, 0x80, 0xfa, 0x80, 0xfa,
    0x80, 0xfa, 0x80, 0xfa, 0x80, 0xfa, 0x80, 0xfa, 0x80, 0xfa, 0x80, 0xfa,
    0x80, 0xfa, 0x80, 0xfa, 0x80, 0xfa, 0x80, 0xfa, 0x80, 0xfa, 0x80, 0xfa,
    0x80, 0xfa, 0x80, 0xfa, 0x80, 0xfa, 0x80, 0xfa, 0x80, 0xfa, 0x80, 0xfa,
    0x80, 0xfa, 0x40, 0x20, 0x00, 0x00, 0x00, 0x00, 0x00, 0x00, 0x00, 0x00,
    0x00, 0x00, 0x00, 0x00, 0x00, 0x00, 0x00, 0x00, 0x00, 0x00, 0x00, 0x00,
    0x00, 0x00, 0x00, 0x00, 0x00, 0x00, 0x00, 0x00, 0x00, 0x00, 0x00, 0x00,
    0x00, 0x00, 0x00, 0x00, 0x21, 0x08, 0x0c, 0x63, 0x1c, 0xe7, 0xff, 0xff,
    0xff, 0xff, 0xff, 0xff, 0x9e, 0xf7, 0xd7, 0xbd, 0x71, 0x8c, 0x71, 0x8c,
    0x55, 0xad, 0x7e, 0xf7, 0xff, 0xff, 0xff, 0xff, 0xff, 0xff, 0x5d, 0xef,
    0xf0, 0x83, 0x20, 0x00, 0x00, 0x00, 0x00, 0x00, 0xcb, 0x5a, 0x1c, 0xe7,
    0xff, 0xff, 0xff, 0xff, 0xff, 0xff, 0xdb, 0xde, 0x18, 0xc6, 0xf8, 0xc5,
    0x18, 0xc6, 0x18, 0xc6, 0x7a, 0xd6, 0x9e, 0xf7, 0xff, 0xff, 0xff, 0xff,
    0xff, 0xff, 0xbf, 0xff, 0x51, 0x8c, 0x62, 0x10, 0x00, 0x00, 0x00, 0x00,
    0x82, 0x10, 0xb7, 0xbd, 0xdf, 0xff, 0xff, 0xff, 0xff, 0xff, 0xff, 0xff,
    0x7d, 0xef, 0xd7, 0xbd, 0x55, 0xad, 0x96, 0xb5, 0xfb, 0xde, 0xff, 0xff,
    0xff, 0xff, 0xff, 0xff, 0xff, 0xff, 0x79, 0xce, 0xc7, 0x39, 0x00, 0x00,
    0x00, 0x00, 0x00, 0x00, 0x49, 0x4a, 0x9e, 0xf7, 0xff, 0xff, 0xff, 0xff,
    0xff, 0xff, 0x9e, 0xf7, 0x38, 0xc6, 0x75, 0xad, 0x76, 0xb5, 0x59, 0xce,
    0xbe, 0xf7, 0xff, 0xff, 0xff, 0xff, 0xff, 0xff, 0xff, 0xff, 0xd7, 0xbd,
    0x21, 0x08, 0x00, 0x00, 0x20, 0x00, 0xe7, 0x39, 0xfc, 0xe6, 0xff, 0xff,
    0xff, 0xff, 0xff, 0xff, 0xbe, 0xf7, 0x7a, 0xd6, 0x75, 0xad, 0x75, 0xad,
    0x18, 0xc6, 0x9e, 0xf7, 0xff, 0xff, 0xff, 0xff, 0xff, 0xff, 0xdf, 0xff,
    0xb6, 0xb5, 0xc3, 0x18, 0x00, 0x00, 0x00, 0x00, 0x8a, 0x52, 0xba, 0xd6,
    0xff, 0xff, 0xff, 0xff, 0xff, 0xff, 0xfb, 0xde, 0x18, 0xc6, 0xf8, 0xc5,
    0x18, 0xc6, 0x39, 0xce, 0xfc, 0xe6, 0xff, 0xff, 0xff, 0xff, 0xff, 0xff,
    0xff, 0xff, 0x9e, 0xf7, 0xcf, 0x7b, 0x21, 0x08, 0x00, 0x00, 0x00, 0x00,
    0x20, 0x00, 0x92, 0x94, 0xbf, 0xff, 0xff, 0xff, 0xff, 0xff, 0xff, 0xff,
    0xdf, 0xff, 0x18, 0xc6, 0x75, 0xad, 0x76, 0xb5, 0x7a, 0xd6, 0xdf, 0xff,
    0xff, 0xff, 0xff, 0xff, 0xff, 0xff, 0x3d, 0xef, 0xaa, 0x52, 0x21, 0x08,
    0x00, 0x00, 0x00, 0x00, 0x8a, 0x52, 0x9e, 0xf7, 0xff, 0xff, 0xff, 0xff,
    0xbe, 0xf7, 0xf4, 0xa4, 0xa2, 0x10, 0x00, 0x00, 0x00, 0x00, 0x00, 0x00,
    0x0c, 0x63, 0x5d, 0xef, 0xff, 0xff, 0xff, 0xff, 0xff, 0xff, 0x92, 0x94,
    0x20, 0x00, 0x00, 0x00, 0x00, 0x00, 0x00, 0x00, 0x00, 0x00, 0x00, 0x00,
    0x00, 0x00, 0x00, 0x00, 0x00, 0x00, 0x00, 0x00, 0x00, 0x00, 0x00, 0x00,
    0x00, 0x00, 0x00, 0x00, 0x00, 0x00, 0x00, 0x00, 0x00, 0x00, 0x00, 0x00,
    0x00, 0x00, 0x00, 0x00, 0x00, 0x00, 0x00, 0x00, 0x00, 0x00, 0x00, 0x00,
    0x00, 0x00, 0x00, 0x00, 0x00, 0x00, 0x00, 0x00, 0x00, 0x00, 0x00, 0x00,
    0x00, 0x00, 0x80, 0xfa, 0x80, 0xfa, 0x80, 0xfa, 0x80, 0xfa, 0x80, 0xfa,
    0x80, 0xfa, 0x80, 0xfa, 0x80, 0xfa, 0x80, 0xfa, 0x80, 0xfa, 0x80, 0xfa,
    0x80, 0xfa, 0x80, 0xfa, 0x80, 0xfa, 0x80, 0xfa, 0x80, 0xfa, 0x80, 0xfa,
    0x80, 0xfa, 0x80, 0xfa, 0x80, 0xfa, 0x80, 0xfa, 0x80, 0xfa, 0x80, 0xfa,
    0x80, 0xfa, 0x80, 0xfa, 0x00, 0xd2, 0x80, 0x38, 0x00, 0x00, 0x00, 0x00,
    0x00, 0x00, 0x00, 0x00, 0x00, 0x00, 0xa0, 0x40, 0x00, 0xd2, 0x80, 0xfa,
    0x80, 0xfa, 0x80, 0xfa, 0x80, 0xfa, 0x80, 0xfa, 0x80, 0xfa, 0x80, 0xfa,
    0x80, 0xfa, 0x80, 0xfa, 0x80, 0xfa, 0x80, 0xfa, 0x80, 0xfa, 0x80, 0xfa,
    0x80, 0xfa, 0x80, 0xfa, 0x80, 0xfa, 0x80, 0xfa, 0x80, 0xfa, 0x20, 0xda,
    0x00, 0x61, 0x20, 0x08, 0x40, 0x18, 0x80, 0x99, 0x40, 0xea, 0x80, 0xfa,
    0x80, 0xfa, 0x80, 0xfa, 0x80, 0xfa, 0x80, 0xfa, 0x80, 0xfa, 0x80, 0xfa,
    0x80, 0xfa, 0x80, 0xfa, 0x80, 0xfa, 0x80, 0xfa, 0x80, 0xfa, 0x80, 0xfa,
    0x80, 0xfa, 0x80, 0xfa, 0x80, 0xfa, 0x80, 0xfa, 0x80, 0xfa, 0x80, 0xfa,
    0x80, 0xfa, 0x80, 0xfa, 0x80, 0xfa, 0x80, 0xfa, 0x80, 0xfa, 0x80, 0xfa,
    0x80, 0xfa, 0x80, 0xfa, 0x80, 0xfa, 0x80, 0xfa, 0x80, 0xfa, 0x80, 0xfa,
    0x80, 0xfa, 0x80, 0xfa, 0x80, 0xfa, 0x40, 0x20, 0x00, 0x00, 0x00, 0x00,
    0x00, 0x00, 0x00, 0x00, 0x00, 0x00, 0x00, 0x00, 0x00, 0x00, 0x00, 0x00,
    0x00, 0x00, 0x00, 0x00, 0x00, 0x00, 0x00, 0x00, 0x00, 0x00, 0x00, 0x00,
    0x00, 0x00, 0x00, 0x00, 0x00, 0x00, 0x00, 0x00, 0x04, 0x21, 0x55, 0xad,
    0xff, 0xff, 0xff, 0xff, 0xff, 0xff, 0x7d, 0xef, 0x51, 0x8c, 0x65, 0x29,
    0x41, 0x08, 0x41, 0x08, 0xe4, 0x20, 0x4d, 0x6b, 0xdf, 0xff, 0xff, 0xff,
    0xff, 0xff, 0xff, 0xff, 0x39, 0xce, 0xe4, 0x20, 0x00, 0x00, 0x00, 0x00,
    0xcb, 0x5a, 0x1c, 0xe7, 0xff, 0xff, 0xff, 0xff, 0xff, 0xff, 0x10, 0x84,
    0xc7, 0x39, 0x86, 0x31, 0x86, 0x31, 0x86, 0x31, 0xe7, 0x39, 0xaf, 0x7b,
    0xdb, 0xde, 0xff, 0xff, 0xff, 0xff, 0xff, 0xff, 0xf8, 0xc5, 0x86, 0x31,
    0x00, 0x00, 0x00, 0x00, 0xcb, 0x5a, 0x7d, 0xef, 0xff, 0xff, 0xff, 0xff,
    0xff, 0xff, 0x3c, 0xe7, 0x2c, 0x63, 0x65, 0x29, 0x04, 0x21, 0x24, 0x21,
    0x8a, 0x52, 0xb6, 0xb5, 0xdf, 0xff, 0xff, 0xff, 0xff, 0xff, 0xff, 0xff,
    0xf0, 0x83, 0x41, 0x08, 0x00, 0x00, 0x00, 0x00, 0xf4, 0xa4, 0xff, 0xff,
    0xff, 0xff, 0xff, 0xff, 0xdb, 0xde, 0xf0, 0x83, 0xa7, 0x39, 0x04, 0x21,
    0x24, 0x21, 0xa7, 0x39, 0x8e, 0x73, 0x3d, 0xef, 0xff, 0xff, 0xff, 0xff,
    0xff, 0xff, 0xff, 0xff, 0xa7, 0x39, 0x00, 0x00, 0xa2, 0x10, 0x8e, 0x73,
    0xff, 0xff, 0xff, 0xff, 0xff, 0xff, 0x5d, 0xef, 0x31, 0x8c, 0xc7, 0x39,
    0x04, 0x21, 0x04, 0x21, 0x86, 0x31, 0x0c, 0x63, 0x7d, 0xef, 0xff, 0xff,
    0xff, 0xff, 0xff, 0xff, 0x1c, 0xe7, 0x8a, 0x52, 0x00, 0x00, 0x00, 0x00,
    0x8a, 0x52, 0xba, 0xd6, 0xff, 0xff, 0xff, 0xff, 0xff, 0xff, 0x51, 0x8c,
    0xa7, 0x39, 0x86, 0x31, 0x86, 0x31, 0xa7, 0x39, 0x69, 0x4a, 0xd3, 0x9c,
    0xbf, 0xff, 0xff, 0xff, 0xff, 0xff, 0xff, 0xff, 0x14, 0xa5, 0xe3, 0x18,
    0x00, 0x00, 0x00, 0x00, 0xa6, 0x31, 0x1c, 0xe7, 0xff, 0xff, 0xff, 0xff,
    0xff, 0xff, 0xbe, 0xf7, 0xf0, 0x83, 0xa6, 0x31, 0x04, 0x21, 0x04, 0x21,
    0xe8, 0x41, 0x14, 0xa5, 0x9e, 0xf7, 0xff, 0xff, 0xff, 0xff, 0xff, 0xff,
    0x55, 0xad, 0x82, 0x10, 0x00, 0x00, 0x00, 0x00, 0xa2, 0x10, 0x71, 0x8c,
    0xff, 0xff, 0xff, 0xff, 0xff, 0xff, 0x1c, 0xe7, 0xcb, 0x5a, 0x20, 0x00,
    0x00, 0x00, 0x66, 0x31, 0xb7, 0xbd, 0xff, 0xff, 0xff, 0xff, 0xff, 0xff,
    0xdb, 0xde, 0xe3, 0x18, 0x00, 0x00, 0x00, 0x00, 0x00, 0x00, 0x00, 0x00,
    0x00, 0x00, 0x00, 0x00, 0x00, 0x00, 0x00, 0x00, 0x00, 0x00, 0x00, 0x00,
    0x00, 0x00, 0x00, 0x00, 0x00, 0x00, 0x00, 0x00, 0x00, 0x00, 0x00, 0x00,
    0x00, 0x00, 0x00, 0x00, 0x00, 0x00, 0x00, 0x00, 0x00, 0x00, 0x00, 0x00,
    0x00, 0x00, 0x00, 0x00, 0x00, 0x00, 0x00, 0x00, 0x00, 0x00, 0x00, 0x00,
    0x00, 0x00, 0x00, 0x00, 0x00, 0x00, 0x80, 0xfa, 0x80, 0xfa, 0x80, 0xfa,
    0x80, 0xfa, 0x80, 0xfa, 0x80, 0xfa, 0x80, 0xfa, 0x80, 0xfa, 0x80, 0xfa,
    0x80, 0xfa, 0x80, 0xfa, 0x80, 0xfa, 0x80, 0xfa, 0x80, 0xfa, 0x80, 0xfa,
    0x80, 0xfa, 0x80, 0xfa, 0x80, 0xfa, 0x80, 0xfa, 0x80, 0xfa, 0x80, 0xfa,
    0x80, 0xfa, 0x80, 0xfa, 0x80, 0xfa, 0x80, 0xfa, 0x40, 0x89, 0x40, 0x18,
    0x00, 0x00, 0x00, 0x00, 0x00, 0x00, 0x00, 0x00, 0x20, 0x10, 0x80, 0x91,
    0x80, 0xfa, 0x80, 0xfa, 0x80, 0xfa, 0x80, 0xfa, 0x80, 0xfa, 0x80, 0xfa,
    0x80, 0xfa, 0x80, 0xfa, 0x80, 0xfa, 0x80, 0xfa, 0x80, 0xfa, 0x80, 0xfa,
    0x80, 0xfa, 0x80, 0xfa, 0x80, 0xfa, 0x80, 0xfa, 0x80, 0xfa, 0x80, 0xfa,
    0x60, 0xf2, 0x40, 0x81, 0x40, 0x18, 0x20, 0x10, 0x40, 0x79, 0x40, 0xea,
    0x80, 0xfa, 0x80, 0xfa, 0x80, 0xfa, 0x80, 0xfa, 0x80, 0xfa, 0x80, 0xfa,
    0x80, 0xfa, 0x80, 0xfa, 0x80, 0xfa, 0x80, 0xfa, 0x80, 0xfa, 0x80, 0xfa,
    0x80, 0xfa, 0x80, 0xfa, 0x80, 0xfa, 0x80, 0xfa, 0x80, 0xfa, 0x80, 0xfa,
    0x80, 0xfa, 0x80, 0xfa, 0x80, 0xfa, 0x80, 0xfa, 0x80, 0xfa, 0x80, 0xfa,
    0x80, 0xfa, 0x80, 0xfa, 0x80, 0xfa, 0x80, 0xfa, 0x80, 0xfa, 0x80, 0xfa,
    0x80, 0xfa, 0x80, 0xfa, 0x80, 0xfa, 0x80, 0xfa, 0x80, 0xfa, 0x60, 0x20,
    0x00, 0x00, 0x00, 0x00, 0x00, 0x00, 0x00, 0x00, 0x00, 0x00, 0x00, 0x00,
    0x00, 0x00, 0x00, 0x00, 0x00, 0x00, 0x00, 0x00, 0x00, 0x00, 0x00, 0x00,
    0x00, 0x00, 0x00, 0x00, 0x00, 0x00, 0x00, 0x00, 0x00, 0x00, 0x00, 0x00,
    0xa6, 0x31, 0x1c, 0xe7, 0xff, 0xff, 0xff, 0xff, 0xff, 0xff, 0x76, 0xb5,
    0x24, 0x21, 0x00, 0x00, 0x00, 0x00, 0x00, 0x00, 0x00, 0x00, 0x62, 0x10,
    0x55, 0xad, 0xff, 0xff, 0xff, 0xff, 0xff, 0xff, 0x1c, 0xe7, 0x49, 0x4a,
    0x00, 0x00, 0x00, 0x00, 0xcb, 0x5a, 0x1c, 0xe7, 0xff, 0xff, 0xff, 0xff,
    0xff, 0xff, 0x2d, 0x6b, 0x61, 0x08, 0x00, 0x00, 0x00, 0x00, 0x00, 0x00,
    0x00, 0x00, 0x82, 0x10, 0xef, 0x7b, 0xff, 0xff, 0xff, 0xff, 0xff, 0xff,
    0xfb, 0xde, 0x29, 0x4a, 0x00, 0x00, 0x00, 0x00, 0xb2, 0x94, 0xbf, 0xff,
    0xff, 0xff, 0xff, 0xff, 0xbe, 0xf7, 0xf0, 0x83, 0x41, 0x08, 0x00, 0x00,
    0x00, 0x00, 0x00, 0x00, 0x41, 0x08, 0xcb, 0x5a, 0x7a, 0xd6, 0xff, 0xff,
    0xff, 0xff, 0xff, 0xff, 0xd7, 0xbd, 0xa2, 0x10, 0x00, 0x00, 0x00, 0x00,
    0x18, 0xc6, 0xff, 0xff, 0xff, 0xff, 0xff, 0xff, 0x96, 0xb5, 0x04, 0x21,
    0x00, 0x00, 0x00, 0x00, 0x00, 0x00, 0x00, 0x00, 0x82, 0x10, 0x71, 0x8c,
    0xdf, 0xff, 0xff, 0xff, 0xff, 0xff, 0xff, 0xff, 0x2d, 0x6b, 0x00, 0x00,
    0xe3, 0x18, 0x92, 0x94, 0xff, 0xff, 0xff, 0xff, 0xff, 0xff, 0xf7, 0xbd,
    0x65, 0x29, 0x00, 0x00, 0x00, 0x00, 0x00, 0x00, 0x00, 0x00, 0x21, 0x08,
    0xf0, 0x83, 0xff, 0xff, 0xff, 0xff, 0xff, 0xff, 0x9e, 0xf7, 0xcf, 0x7b,
    0x00, 0x00, 0x00, 0x00, 0xaa, 0x52, 0x9b, 0xde, 0xff, 0xff, 0xff, 0xff,
    0xff, 0xff, 0xae, 0x73, 0x41, 0x08, 0x00, 0x00, 0x00, 0x00, 0x00, 0x00,
    0x20, 0x00, 0x65, 0x29, 0xd7, 0xbd, 0xff, 0xff, 0xff, 0xff, 0xff, 0xff,
    0xb6, 0xb5, 0x45, 0x29, 0x00, 0x00, 0x00, 0x00, 0x4d, 0x6b, 0x9e, 0xf7,
    0xff, 0xff, 0xff, 0xff, 0xff, 0xff, 0x35, 0xad, 0xa3, 0x18, 0x00, 0x00,
    0x00, 0x00, 0x00, 0x00, 0x20, 0x00, 0xe7, 0x39, 0xd7, 0xbd, 0xff, 0xff,
    0xff, 0xff, 0xff, 0xff, 0x3c, 0xe7, 0xe3, 0x18, 0x00, 0x00, 0x00, 0x00,
    0x21, 0x08, 0x86, 0x31, 0x1c, 0xe7, 0xff, 0xff, 0xff, 0xff, 0xff, 0xff,
    0xf4, 0xa4, 0x25, 0x29, 0x20, 0x00, 0xef, 0x7b, 0x7d, 0xef, 0xff, 0xff,
    0xff, 0xff, 0xff, 0xff, 0x6e, 0x73, 0x00, 0x00, 0x00, 0x00, 0x00, 0x00,
    0x00, 0x00, 0x00, 0x00, 0x00, 0x00, 0x00, 0x00, 0x00, 0x00, 0x00, 0x00,
    0x00, 0x00, 0x00, 0x00, 0x00, 0x00, 0x00, 0x00, 0x00, 0x00, 0x00, 0x00,
    0x00, 0x00, 0x00, 0x00, 0x00, 0x00, 0x00, 0x00, 0x00, 0x00, 0x00, 0x00,
    0x00, 0x00, 0x00, 0x00, 0x00, 0x00, 0x00, 0x00, 0x00, 0x00, 0x00, 0x00,
    0x00, 0x00, 0x00, 0x00, 0x00, 0x00, 0x00, 0x00, 0x00, 0x00, 0x80, 0xfa,
    0x80, 0xfa, 0x80, 0xfa, 0x80, 0xfa, 0x80, 0xfa, 0x80, 0xfa, 0x80, 0xfa,
    0x80, 0xfa, 0x80, 0xfa, 0x80, 0xfa, 0x80, 0xfa, 0x80, 0xfa, 0x80, 0xfa,
    0x80, 0xfa, 0x80, 0xfa, 0x80, 0xfa, 0x80, 0xfa, 0x80, 0xfa, 0x80, 0xfa,
    0x80, 0xfa, 0x80, 0xfa, 0x80, 0xfa, 0x80, 0xfa, 0x80, 0xfa, 0x60, 0xf2,
    0xc0, 0x48, 0x00, 0x00, 0x00, 0x00, 0x00, 0x00, 0x00, 0x00, 0x00, 0x08,
    0xa0, 0x40, 0x60, 0xf2, 0x80, 0xfa, 0x80, 0xfa, 0x80, 0xfa, 0x80, 0xfa,
    0x80, 0xfa, 0x80, 0xfa, 0x80, 0xfa, 0x80, 0xfa, 0x80, 0xfa, 0x80, 0xfa,
    0x80, 0xfa, 0x80, 0xfa, 0x80, 0xfa, 0x80, 0xfa, 0x80, 0xfa, 0x80, 0xfa,
    0x80, 0xfa, 0x80, 0xfa, 0xc0, 0xb9, 0x40, 0x20, 0x40, 0x18, 0x40, 0x89,
    0x40, 0xf2, 0x80, 0xfa, 0x80, 0xfa, 0x80, 0xfa, 0x80, 0xfa, 0x80, 0xfa,
    0x80, 0xfa, 0x80, 0xfa, 0x80, 0xfa, 0x80, 0xfa, 0x80, 0xfa, 0x80, 0xfa,
    0x80, 0xfa, 0x80, 0xfa, 0x80, 0xfa, 0x80, 0xfa, 0x80, 0xfa, 0x80, 0xfa,
    0x80, 0xfa, 0x80, 0xfa, 0x80, 0xfa, 0x80, 0xfa, 0x80, 0xfa, 0x80, 0xfa,
    0x80, 0xfa, 0x80, 0xfa, 0x80, 0xfa, 0x80, 0xfa, 0x80, 0xfa, 0x80, 0xfa,
    0x80, 0xfa, 0x80, 0xfa, 0x80, 0xfa, 0x80, 0xfa, 0x80, 0xfa, 0x80, 0xfa,
    0x80, 0xfa, 0x40, 0x20, 0x00, 0x00, 0x00, 0x00, 0x00, 0x00, 0x00, 0x00,
    0x00, 0x00, 0x00, 0x00, 0x00, 0x00, 0x00, 0x00, 0x00, 0x00, 0x00, 0x00,
    0x00, 0x00, 0x00, 0x00, 0x00, 0x00, 0x00, 0x00, 0x00, 0x00, 0x00, 0x00,
    0x00, 0x00, 0x00, 0x00, 0x08, 0x42, 0xff, 0xff, 0xff, 0xff, 0xff, 0xff,
    0xbf, 0xff, 0xef, 0x7b, 0x00, 0x00, 0x00, 0x00, 0x00, 0x00, 0x00, 0x00,
    0x00, 0x00, 0x00, 0x00, 0x69, 0x4a, 0xff, 0xff, 0xff, 0xff, 0xff, 0xff,
    0x5d, 0xef, 0x4d, 0x6b, 0x00, 0x00, 0x00, 0x00, 0xcb, 0x5a, 0x1c, 0xe7,
    0xff, 0xff, 0xff, 0xff, 0xff, 0xff, 0x4d, 0x6b, 0x41, 0x08, 0x00, 0x00,
    0x00, 0x00, 0x00, 0x00, 0x00, 0x00, 0x00, 0x00, 0xe8, 0x41, 0x5d, 0xef,
    0xff, 0xff, 0xff, 0xff, 0x7e, 0xf7, 0xaa, 0x52, 0x00, 0x00, 0x00, 0x00,
    0xd7, 0xbd, 0xff, 0xff, 0xff, 0xff, 0xff, 0xff, 0x3c, 0xe7, 0xa2, 0x10,
    0x00, 0x00, 0x00, 0x00, 0x00, 0x00, 0x00, 0x00, 0x00, 0x00, 0x82, 0x10,
    0x92, 0x94, 0xff, 0xff, 0xff, 0xff, 0xff, 0xff, 0x1c, 0xe7, 0xe4, 0x20,
    0x00, 0x00, 0x00, 0x00, 0xf7, 0xbd, 0xff, 0xff, 0xff, 0xff, 0xff, 0xff,
    0x55, 0xad, 0x82, 0x10, 0x00, 0x00, 0x00, 0x00, 0x00, 0x00, 0x00, 0x00,
    0x00, 0x00, 0xe7, 0x39, 0x3d, 0xef, 0xff, 0xff, 0xff, 0xff, 0xff, 0xff,
    0x51, 0x8c, 0x00, 0x00, 0xc3, 0x18, 0x72, 0x94, 0xff, 0xff, 0xff, 0xff,
    0xff, 0xff, 0xb6, 0xb5, 0x25, 0x29, 0x00, 0x00, 0x00, 0x00, 0x00, 0x00,
    0x00, 0x00, 0x00, 0x00, 0x82, 0x10, 0xdf, 0xff, 0xff, 0xff, 0xff, 0xff,
    0xdf, 0xff, 0x92, 0x94, 0x00, 0x00, 0x00, 0x00, 0x8a, 0x52, 0xba, 0xd6,
    0xff, 0xff, 0xff, 0xff, 0xff, 0xff, 0x8e, 0x73, 0x41, 0x08, 0x00, 0x00,
    0x00, 0x00, 0x00, 0x00, 0x00, 0x00, 0xa3, 0x18, 0xf0, 0x83, 0xff, 0xff,
    0xff, 0xff, 0xff, 0xff, 0xd7, 0xbd, 0x65, 0x29, 0x00, 0x00, 0x00, 0x00,
    0x72, 0x94, 0xdf, 0xff, 0xff, 0xff, 0xff, 0xff, 0xff, 0xff, 0x08, 0x42,
    0x00, 0x00, 0x00, 0x00, 0x00, 0x00, 0x00, 0x00, 0x00, 0x00, 0x41, 0x08,
    0xaf, 0x7b, 0x9e, 0xf7, 0xff, 0xff, 0xff, 0xff, 0xff, 0xff, 0x86, 0x31,
    0x20, 0x00, 0x00, 0x00, 0x00, 0x00, 0x62, 0x10, 0xaf, 0x7b, 0xff, 0xff,
    0xff, 0xff, 0xff, 0xff, 0x5d, 0xef, 0x8e, 0x73, 0x08, 0x42, 0x7a, 0xd6,
    0xff, 0xff, 0xff, 0xff, 0xff, 0xff, 0xb7, 0xbd, 0xe3, 0x18, 0x00, 0x00,
    0x00, 0x00, 0x00, 0x00, 0x00, 0x00, 0x00, 0x00, 0x00, 0x00, 0x00, 0x00,
    0x00, 0x00, 0x00, 0x00, 0x00, 0x00, 0x00, 0x00, 0x00, 0x00, 0x00, 0x00,
    0x00, 0x00, 0x00, 0x00, 0x00, 0x00, 0x00, 0x00, 0x00, 0x00, 0x00, 0x00,
    0x00, 0x00, 0x00, 0x00, 0x00, 0x00, 0x00, 0x00, 0x00, 0x00, 0x00, 0x00,
    0x00, 0x00, 0x00, 0x00, 0x00, 0x00, 0x00, 0x00, 0x00, 0x00, 0x00, 0x00,
    0x00, 0x00, 0x80, 0xfa, 0x80, 0xfa, 0x80, 0xfa, 0x80, 0xfa, 0x80, 0xfa,
    0x80, 0xfa, 0x80, 0xfa, 0x80, 0xfa, 0x80, 0xfa, 0x80, 0xfa, 0x80, 0xfa,
    0x80, 0xfa, 0x80, 0xfa, 0x80, 0xfa, 0x80, 0xfa, 0x80, 0xfa, 0x80, 0xfa,
    0x80, 0xfa, 0x80, 0xfa, 0x80, 0xfa, 0x80, 0xfa, 0x80, 0xfa, 0x80, 0xfa,
    0x80, 0xfa, 0x00, 0xd2, 0x60, 0x28, 0x00, 0x00, 0x00, 0x00, 0x00, 0x00,
    0x00, 0x00, 0x20, 0x10, 0x60, 0x91, 0x80, 0xfa, 0x80, 0xfa, 0x80, 0xfa,
    0x80, 0xfa, 0x80, 0xfa, 0x80, 0xfa, 0x80, 0xfa, 0x80, 0xfa, 0x80, 0xfa,
    0x80, 0xfa, 0x80, 0xfa, 0x80, 0xfa, 0x80, 0xfa, 0x80, 0xfa, 0x80, 0xfa,
    0x80, 0xfa, 0x80, 0xfa, 0x80, 0xfa, 0x00, 0xd2, 0xc0, 0x48, 0x20, 0x10,
    0x20, 0x71, 0x60, 0xf2, 0x80, 0xfa, 0x80, 0xfa, 0x80, 0xfa, 0x80, 0xfa,
    0x80, 0xfa, 0x80, 0xfa, 0x80, 0xfa, 0x80, 0xfa, 0x80, 0xfa, 0x80, 0xfa,
    0x80, 0xfa, 0x80, 0xfa, 0x80, 0xfa, 0x80, 0xfa, 0x80, 0xfa, 0x80, 0xfa,
    0x80, 0xfa, 0x80, 0xfa, 0x80, 0xfa, 0x80, 0xfa, 0x80, 0xfa, 0x80, 0xfa,
    0x80, 0xfa, 0x80, 0xfa, 0x80, 0xfa, 0x80, 0xfa, 0x80, 0xfa, 0x80, 0xfa,
    0x80, 0xfa, 0x80, 0xfa, 0x80, 0xfa, 0x80, 0xfa, 0x80, 0xfa, 0x80, 0xfa,
    0x80, 0xfa, 0x80, 0xfa, 0x80, 0xfa, 0x60, 0x20, 0x00, 0x00, 0x00, 0x00,
    0x00, 0x00, 0x00, 0x00, 0x00, 0x00, 0x00, 0x00, 0x00, 0x00, 0x00, 0x00,
    0x00, 0x00, 0x00, 0x00, 0x00, 0x00, 0x00, 0x00, 0x00, 0x00, 0x00, 0x00,
    0x00, 0x00, 0x00, 0x00, 0x00, 0x00, 0x00, 0x00, 0x49, 0x4a, 0xff, 0xff,
    0xff, 0xff, 0xff, 0xff, 0x5d, 0xef, 0x4d, 0x6b, 0x00, 0x00, 0x00, 0x00,
    0x00, 0x00, 0x00, 0x00, 0x00, 0x00, 0x00, 0x00, 0xa3, 0x18, 0x92, 0x94,
    0xb2, 0x94, 0x30, 0x84, 0x6d, 0x6b, 0x65, 0x29, 0x00, 0x00, 0x00, 0x00,
    0xcb, 0x5a, 0x1c, 0xe7, 0xff, 0xff, 0xff, 0xff, 0xff, 0xff, 0x4d, 0x6b,
    0x41, 0x08, 0x00, 0x00, 0x00, 0x00, 0x00, 0x00, 0x00, 0x00, 0x00, 0x00,
    0xe8, 0x41, 0xbf, 0xff, 0xff, 0xff, 0xff, 0xff, 0x5d, 0xef, 0x8a, 0x52,
    0x00, 0x00, 0x21, 0x08, 0x18, 0xc6, 0xff, 0xff, 0xff, 0xff, 0xff, 0xff,
    0xf8, 0xc5, 0x00, 0x00, 0x00, 0x00, 0x00, 0x00, 0x00, 0x00, 0x00, 0x00,
    0x00, 0x00, 0x00, 0x00, 0xae, 0x73, 0xbe, 0xf7, 0xff, 0xff, 0xff, 0xff,
    0xdf, 0xff, 0x04, 0x21, 0x00, 0x00, 0x00, 0x00, 0xd3, 0x9c, 0xff, 0xff,
    0xff, 0xff, 0xff, 0xff, 0xbb, 0xde, 0x8e, 0x73, 0x61, 0x08, 0x00, 0x00,
    0x00, 0x00, 0x00, 0x00, 0x00, 0x00, 0x62, 0x10, 0x4d, 0x6b, 0x8e, 0x73,
    0x8e, 0x73, 0x8e, 0x73, 0xc7, 0x39, 0x00, 0x00, 0x82, 0x10, 0x8e, 0x73,
    0xff, 0xff, 0xff, 0xff, 0xff, 0xff, 0x3d, 0xef, 0x6e, 0x73, 0xa3, 0x18,
    0x00, 0x00, 0x00, 0x00, 0x00, 0x00, 0x00, 0x00, 0x00, 0x00, 0x2c, 0x63,
    0x8e, 0x73, 0x8e, 0x73, 0x6e, 0x73, 0xc7, 0x39, 0x00, 0x00, 0x00, 0x00,
    0xab, 0x5a, 0x9a, 0xd6, 0xff, 0xff, 0xff, 0xff, 0xff, 0xff, 0x8e, 0x73,
    0x41, 0x08, 0x00, 0x00, 0x00, 0x00, 0x00, 0x00, 0x00, 0x00, 0x04, 0x21,
    0xf3, 0x9c, 0xff, 0xff, 0xff, 0xff, 0xff, 0xff, 0x96, 0xb5, 0x25, 0x29,
    0x00, 0x00, 0x00, 0x00, 0xd3, 0x9c, 0xdf, 0xff, 0xff, 0xff, 0xff, 0xff,
    0xff, 0xff, 0x61, 0x08, 0x00, 0x00, 0x00, 0x00, 0x00, 0x00, 0x00, 0x00,
    0x00, 0x00, 0x00, 0x00, 0xcb, 0x5a, 0x1c, 0xe7, 0xff, 0xff, 0xff, 0xff,
    0xff, 0xff, 0x49, 0x4a, 0x41, 0x08, 0x00, 0x00, 0x00, 0x00, 0x00, 0x00,
    0x86, 0x31, 0x18, 0xc6, 0xff, 0xff, 0xff, 0xff, 0xff, 0xff, 0x59, 0xce,
    0xf7, 0xbd, 0xdf, 0xff, 0xff, 0xff, 0xff, 0xff, 0x9e, 0xf7, 0x49, 0x4a,
    0x00, 0x00, 0x00, 0x00, 0x00, 0x00, 0x00, 0x00, 0x00, 0x00, 0x00, 0x00,
    0x00, 0x00, 0x00, 0x00, 0x00, 0x00, 0x00, 0x00, 0x00, 0x00, 0x00, 0x00,
    0x00, 0x00, 0x00, 0x00, 0x00, 0x00, 0x00, 0x00, 0x00, 0x00, 0x00, 0x00,
    0x00, 0x00, 0x00, 0x00, 0x00, 0x00, 0x00, 0x00, 0x00, 0x00, 0x00, 0x00,
    0x00, 0x00, 0x00, 0x00, 0x00, 0x00, 0x00, 0x00, 0x00, 0x00, 0x00, 0x00,
    0x00, 0x00, 0x00, 0x00, 0x00, 0x00, 0x80, 0xfa, 0x80, 0xfa, 0x80, 0xfa,
    0x80, 0xfa, 0x80, 0xfa, 0x80, 0xfa, 0x80, 0xfa, 0x80, 0xfa, 0x80, 0xfa,
    0x80, 0xfa, 0x80, 0xfa, 0x80, 0xfa, 0x80, 0xfa, 0x80, 0xfa, 0x80, 0xfa,
    0x80, 0xfa, 0x80, 0xfa, 0x80, 0xfa, 0x80, 0xfa, 0x80, 0xfa, 0x80, 0xfa,
    0x80, 0xfa, 0x80, 0xfa, 0x80, 0xfa, 0x80, 0x99, 0x40, 0x18, 0x00, 0x00,
    0x00, 0x00, 0x00, 0x00, 0x00, 0x00, 0x40, 0x20, 0x40, 0xe2, 0x80, 0xfa,
    0x80, 0xfa, 0x80, 0xfa, 0x80, 0xfa, 0x80, 0xfa, 0x80, 0xfa, 0x80, 0xfa,
    0x80, 0xfa, 0x80, 0xfa, 0x80, 0xfa, 0x80, 0xfa, 0x80, 0xfa, 0x80, 0xfa,
    0x80, 0xfa, 0x80, 0xfa, 0x80, 0xfa, 0x80, 0xfa, 0x40, 0xea, 0x00, 0x69,
    0x20, 0x10, 0x20, 0x79, 0x40, 0xea, 0x80, 0xfa, 0x80, 0xfa, 0x80, 0xfa,
    0x80, 0xfa, 0x80, 0xfa, 0x80, 0xfa, 0x80, 0xfa, 0x80, 0xfa, 0x80, 0xfa,
    0x80, 0xfa, 0x80, 0xfa, 0x80, 0xfa, 0x80, 0xfa, 0x80, 0xfa, 0x80, 0xfa,
    0x80, 0xfa, 0x80, 0xfa, 0x80, 0xfa, 0x80, 0xfa, 0x80, 0xfa, 0x80, 0xfa,
    0x80, 0xfa, 0x80, 0xfa, 0x80, 0xfa, 0x80, 0xfa, 0x80, 0xfa, 0x80, 0xfa,
    0x80, 0xfa, 0x80, 0xfa, 0x80, 0xfa, 0x80, 0xfa, 0x80, 0xfa, 0x80, 0xfa,
    0x80, 0xfa, 0x80, 0xfa, 0x80, 0xfa, 0x80, 0xfa, 0x80, 0xfa, 0x40, 0x20,
    0x00, 0x00, 0x00, 0x00, 0x00, 0x00, 0x00, 0x00, 0x00, 0x00, 0x00, 0x00,
    0x00, 0x00, 0x00, 0x00, 0x00, 0x00, 0x00, 0x00, 0x00, 0x00, 0x00, 0x00,
    0x00, 0x00, 0x00, 0x00, 0x00, 0x00, 0x00, 0x00, 0x00, 0x00, 0x20, 0x00,
    0x49, 0x4a, 0xff, 0xff, 0xff, 0xff, 0xff, 0xff, 0x1c, 0xe7, 0x2c, 0x63,
    0x00, 0x00, 0x00, 0x00, 0x00, 0x00, 0x00, 0x00, 0x00, 0x00, 0x00, 0x00,
    0x00, 0x00, 0x62, 0x10, 0x82, 0x10, 0x61, 0x08, 0x41, 0x08, 0x00, 0x00,
    0x00, 0x00, 0x00, 0x00, 0xcb, 0x5a, 0x1c, 0xe7, 0xff, 0xff, 0xff, 0xff,
    0xff, 0xff, 0x4d, 0x6b, 0x41, 0x08, 0x00, 0x00, 0x00, 0x00, 0x00, 0x00,
    0x00, 0x00, 0xc3, 0x18, 0x10, 0x84, 0xff, 0xff, 0xff, 0xff, 0xff, 0xff,
    0xbb, 0xde, 0x08, 0x42, 0x00, 0x00, 0x41, 0x08, 0x18, 0xc6, 0xff, 0xff,
    0xff, 0xff, 0xff, 0xff, 0x96, 0xb5, 0x00, 0x00, 0x00, 0x00, 0x00, 0x00,
    0x00, 0x00, 0x00, 0x00, 0x00, 0x00, 0x00, 0x00, 0x4d, 0x6b, 0x7e, 0xf7,
    0xff, 0xff, 0xff, 0xff, 0xff, 0xff, 0x24, 0x21, 0x00, 0x00, 0x00, 0x00,
    0x8a, 0x52, 0xff, 0xff, 0xff, 0xff, 0xff, 0xff, 0xff, 0xff, 0x7d, 0xef,
    0xb7, 0xbd, 0xeb, 0x5a, 0x82, 0x10, 0x00, 0x00, 0x00, 0x00, 0x00, 0x00,
    0x41, 0x08, 0x41, 0x08, 0x41, 0x08, 0x41, 0x08, 0x20, 0x00, 0x00, 0x00,
    0x00, 0x00, 0x08, 0x42, 0x9e, 0xf7, 0xff, 0xff, 0xff, 0xff, 0xff, 0xff,
    0xbe, 0xf7, 0x38, 0xc6, 0xec, 0x62, 0xa2, 0x10, 0x00, 0x00, 0x00, 0x00,
    0x00, 0x00, 0x41, 0x08, 0x41, 0x08, 0x41, 0x08, 0x41, 0x08, 0x21, 0x08,
    0x00, 0x00, 0x00, 0x00, 0xaa, 0x52, 0x9a, 0xd6, 0xff, 0xff, 0xff, 0xff,
    0xff, 0xff, 0xae, 0x73, 0x41, 0x08, 0x00, 0x00, 0x00, 0x00, 0x21, 0x08,
    0x86, 0x31, 0x14, 0xa5, 0x9e, 0xf7, 0xff, 0xff, 0xff, 0xff, 0xff, 0xff,
    0x51, 0x8c, 0x61, 0x08, 0x00, 0x00, 0x00, 0x00, 0x14, 0xa5, 0xdf, 0xff,
    0xff, 0xff, 0xff, 0xff, 0xff, 0xff, 0x00, 0x00, 0x00, 0x00, 0x00, 0x00,
    0x00, 0x00, 0x00, 0x00, 0x00, 0x00, 0x00, 0x00, 0x6a, 0x52, 0xdb, 0xde,
    0xff, 0xff, 0xff, 0xff, 0xff, 0xff, 0xaa, 0x52, 0x21, 0x08, 0x00, 0x00,
    0x00, 0x00, 0x00, 0x00, 0x20, 0x00, 0xaa, 0x52, 0xbe, 0xf7, 0xff, 0xff,
    0xff, 0xff, 0xff, 0xff, 0xff, 0xff, 0xff, 0xff, 0xff, 0xff, 0xff, 0xff,
    0xb2, 0x94, 0x62, 0x10, 0x00, 0x00, 0x00, 0x00, 0x00, 0x00, 0x00, 0x00,
    0x00, 0x00, 0x00, 0x00, 0x00, 0x00, 0x00, 0x00, 0x00, 0x00, 0x00, 0x00,
    0x00, 0x00, 0x00, 0x00, 0x00, 0x00, 0x00, 0x00, 0x00, 0x00, 0x00, 0x00,
    0x00, 0x00, 0x00, 0x00, 0x00, 0x00, 0x00, 0x00, 0x00, 0x00, 0x00, 0x00,
    0x00, 0x00, 0x00, 0x00, 0x00, 0x00, 0x00, 0x00, 0x00, 0x00, 0x00, 0x00,
    0x00, 0x00, 0x00, 0x00, 0x00, 0x00, 0x00, 0x00, 0x00, 0x00, 0x80, 0xfa,
    0x80, 0xfa, 0x80, 0xfa, 0x80, 0xfa, 0x80, 0xfa, 0x80, 0xfa, 0x80, 0xfa,
    0x80, 0xfa, 0x80, 0xfa, 0x80, 0xfa, 0x80, 0xfa, 0x80, 0xfa, 0x80, 0xfa,
    0x80, 0xfa, 0x80, 0xfa, 0x80, 0xfa, 0x80, 0xfa, 0x80, 0xfa, 0x80, 0xfa,
    0x80, 0xfa, 0x80, 0xfa, 0x80, 0xfa, 0x80, 0xfa, 0x80, 0xfa, 0x40, 0x81,
    0x20, 0x10, 0x00, 0x00, 0x00, 0x00, 0x00, 0x00, 0x00, 0x00, 0xc0, 0x48,
    0x80, 0xfa, 0x80, 0xfa, 0x80, 0xfa, 0x80, 0xfa, 0x80, 0xfa, 0x80, 0xfa,
    0x80, 0xfa, 0x80, 0xfa, 0x80, 0xfa, 0x80, 0xfa, 0x80, 0xfa, 0x80, 0xfa,
    0x80, 0xfa, 0x80, 0xfa, 0x80, 0xfa, 0x80, 0xfa, 0x80, 0xfa, 0x60, 0xf2,
    0xa0, 0xa9, 0x40, 0x18, 0xe0, 0x58, 0x40, 0xe2, 0x80, 0xfa, 0x80, 0xfa,
    0x80, 0xfa, 0x80, 0xfa, 0x80, 0xfa, 0x80, 0xfa, 0x80, 0xfa, 0x80, 0xfa,
    0x80, 0xfa, 0x80, 0xfa, 0x80, 0xfa, 0x80, 0xfa, 0x80, 0xfa, 0x80, 0xfa,
    0x80, 0xfa, 0x80, 0xfa, 0x80, 0xfa, 0x80, 0xfa, 0x80, 0xfa, 0x80, 0xfa,
    0x80, 0xfa, 0x80, 0xfa, 0x80, 0xfa, 0x80, 0xfa, 0x80, 0xfa, 0x80, 0xfa,
    0x80, 0xfa, 0x80, 0xfa, 0x80, 0xfa, 0x80, 0xfa, 0x80, 0xfa, 0x80, 0xfa,
    0x80, 0xfa, 0x80, 0xfa, 0x80, 0xfa, 0x80, 0xfa, 0x80, 0xfa, 0x80, 0xfa,
    0x80, 0xfa, 0x40, 0x20, 0x00, 0x00, 0x00, 0x00, 0x00, 0x00, 0x00, 0x00,
    0x00, 0x00, 0x00, 0x00, 0x00, 0x00, 0x00, 0x00, 0x00, 0x00, 0x00, 0x00,
    0x00, 0x00, 0x00, 0x00, 0x00, 0x00, 0x00, 0x00, 0x00, 0x00, 0x00, 0x00,
    0x00, 0x00, 0x20, 0x00, 0x49, 0x4a, 0xff, 0xff, 0xff, 0xff, 0xff, 0xff,
    0x1c, 0xe7, 0x2c, 0x63, 0x00, 0x00, 0x00, 0x00, 0x00, 0x00, 0x00, 0x00,
    0x00, 0x00, 0x00, 0x00, 0x00, 0x00, 0x00, 0x00, 0x00, 0x00, 0x00, 0x00,
    0x00, 0x00, 0x00, 0x00, 0x00, 0x00, 0x00, 0x00, 0xcb, 0x5a, 0x1c, 0xe7,
    0xff, 0xff, 0xff, 0xff, 0xff, 0xff, 0x71, 0x8c, 0x08, 0x42, 0xc7, 0x39,
    0xc7, 0x39, 0xe7, 0x39, 0x6a, 0x52, 0x14, 0xa5, 0x5d, 0xef, 0xff, 0xff,
    0xff, 0xff, 0xff, 0xff, 0x55, 0xad, 0x04, 0x21, 0x00, 0x00, 0x41, 0x08,
    0x38, 0xc6, 0xff, 0xff, 0xff, 0xff, 0xff, 0xff, 0x96, 0xb5, 0x00, 0x00,
    0x00, 0x00, 0x00, 0x00, 0x00, 0x00, 0x00, 0x00, 0x00, 0x00, 0x00, 0x00,
    0x4d, 0x6b, 0x7e, 0xf7, 0xff, 0xff, 0xff, 0xff, 0xff, 0xff, 0x25, 0x29,
    0x00, 0x00, 0x00, 0x00, 0xa3, 0x18, 0x14, 0xa5, 0xff, 0xff, 0xff, 0xff,
    0xff, 0xff, 0xff, 0xff, 0xdf, 0xff, 0x7e, 0xf7, 0x59, 0xce, 0xcf, 0x7b,
    0xc3, 0x18, 0x00, 0x00, 0x00, 0x00, 0x00, 0x00, 0x00, 0x00, 0x00, 0x00,
    0x00, 0x00, 0x00, 0x00, 0x00, 0x00, 0x82, 0x10, 0x72, 0x94, 0xff, 0xff,
    0xff, 0xff, 0xff, 0xff, 0xff, 0xff, 0xff, 0xff, 0x9e, 0xf7, 0xbb, 0xde,
    0x10, 0x84, 0x25, 0x29, 0x00, 0x00, 0x00, 0x00, 0x00, 0x00, 0x00, 0x00,
    0x00, 0x00, 0x00, 0x00, 0x00, 0x00, 0x00, 0x00, 0x8a, 0x52, 0xba, 0xd6,
    0xff, 0xff, 0xff, 0xff, 0xff, 0xff, 0xdb, 0xde, 0x76, 0xb5, 0x55, 0xad,
    0x55, 0xad, 0xf7, 0xbd, 0x3c, 0xe7, 0xbe, 0xf7, 0xff, 0xff, 0xff, 0xff,
    0xff, 0xff, 0xd7, 0xbd, 0xc7, 0x39, 0x00, 0x00, 0x00, 0x00, 0x00, 0x00,
    0x14, 0xa5, 0xff, 0xff, 0xff, 0xff, 0xff, 0xff, 0xff, 0xff, 0x00, 0x00,
    0x00, 0x00, 0x00, 0x00, 0x00, 0x00, 0x00, 0x00, 0x00, 0x00, 0x00, 0x00,
    0x69, 0x4a, 0xdb, 0xde, 0xff, 0xff, 0xff, 0xff, 0xff, 0xff, 0xab, 0x5a,
    0x41, 0x08, 0x00, 0x00, 0x00, 0x00, 0x00, 0x00, 0x00, 0x00, 0xe3, 0x18,
    0x55, 0xad, 0xff, 0xff, 0xff, 0xff, 0xff, 0xff, 0xff, 0xff, 0xff, 0xff,
    0xff, 0xff, 0xfc, 0xe6, 0x08, 0x42, 0x00, 0x00, 0x00, 0x00, 0x00, 0x00,
    0x00, 0x00, 0x00, 0x00, 0x00, 0x00, 0x00, 0x00, 0x00, 0x00, 0x00, 0x00,
    0x00, 0x00, 0x00, 0x00, 0x00, 0x00, 0x00, 0x00, 0x00, 0x00, 0x00, 0x00,
    0x00, 0x00, 0x00, 0x00, 0x00, 0x00, 0x00, 0x00, 0x00, 0x00, 0x00, 0x00,
    0x00, 0x00, 0x00, 0x00, 0x00, 0x00, 0x00, 0x00, 0x00, 0x00, 0x00, 0x00,
    0x00, 0x00, 0x00, 0x00, 0x00, 0x00, 0x00, 0x00, 0x00, 0x00, 0x00, 0x00,
    0x00, 0x00, 0x80, 0xfa, 0x80, 0xfa, 0x80, 0xfa, 0x80, 0xfa, 0x80, 0xfa,
    0x80, 0xfa, 0x80, 0xfa, 0x80, 0xfa, 0x80, 0xfa, 0x80, 0xfa, 0x80, 0xfa,
    0x80, 0xfa, 0x80, 0xfa, 0x80, 0xfa, 0x80, 0xfa, 0x80, 0xfa, 0x80, 0xfa,
    0x80, 0xfa, 0x80, 0xfa, 0x80, 0xfa, 0x80, 0xfa, 0x80, 0xfa, 0x80, 0xfa,
    0x80, 0xfa, 0xe0, 0x60, 0x00, 0x00, 0x00, 0x00, 0x00, 0x00, 0x00, 0x00,
    0x00, 0x00, 0x40, 0x81, 0x80, 0xfa, 0x80, 0xfa, 0x80, 0xfa, 0x80, 0xfa,
    0x80, 0xfa, 0x80, 0xfa, 0x80, 0xfa, 0x80, 0xfa, 0x80, 0xfa, 0x80, 0xfa,
    0x80, 0xfa, 0x80, 0xfa, 0x80, 0xfa, 0x80, 0xfa, 0x80, 0xfa, 0x80, 0xfa,
    0x80, 0xfa, 0xe0, 0xc1, 0x60, 0x20, 0x00, 0x69, 0x40, 0xea, 0x80, 0xfa,
    0x80, 0xfa, 0x80, 0xfa, 0x80, 0xfa, 0x80, 0xfa, 0x80, 0xfa, 0x80, 0xfa,
    0x80, 0xfa, 0x80, 0xfa, 0x80, 0xfa, 0x80, 0xfa, 0x80, 0xfa, 0x80, 0xfa,
    0x80, 0xfa, 0x80, 0xfa, 0x80, 0xfa, 0x80, 0xfa, 0x80, 0xfa, 0x80, 0xfa,
    0x80, 0xfa, 0x80, 0xfa, 0x80, 0xfa, 0x80, 0xfa, 0x80, 0xfa, 0x80, 0xfa,
    0x80, 0xfa, 0x80, 0xfa, 0x80, 0xfa, 0x80, 0xfa, 0x80, 0xfa, 0x80, 0xfa,
    0x80, 0xfa, 0x80, 0xfa, 0x80, 0xfa, 0x80, 0xfa, 0x80, 0xfa, 0x80, 0xfa,
    0x80, 0xfa, 0x80, 0xfa, 0x80, 0xfa, 0x60, 0x20, 0x00, 0x00, 0x00, 0x00,
    0x00, 0x00, 0x00, 0x00, 0x00, 0x00, 0x00, 0x00, 0x00, 0x00, 0x00, 0x00,
    0x00, 0x00, 0x00, 0x00, 0x00, 0x00, 0x00, 0x00, 0x00, 0x00, 0x00, 0x00,
    0x00, 0x00, 0x00, 0x00, 0x00, 0x00, 0x21, 0x08, 0x49, 0x4a, 0xff, 0xff,
    0xff, 0xff, 0xff, 0xff, 0x3c, 0xe7, 0x2d, 0x6b, 0x00, 0x00, 0x00, 0x00,
    0x00, 0x00, 0x00, 0x00, 0x00, 0x00, 0x00, 0x00, 0x00, 0x00, 0x00, 0x00,
    0x00, 0x00, 0x00, 0x00, 0x00, 0x00, 0x00, 0x00, 0x00, 0x00, 0x00, 0x00,
    0xcb, 0x5a, 0x1c, 0xe7, 0xff, 0xff, 0xff, 0xff, 0xff, 0xff, 0xff, 0xff,
    0xff, 0xff, 0xff, 0xff, 0xff, 0xff, 0xff, 0xff, 0xff, 0xff, 0xff, 0xff,
    0xff, 0xff, 0xff, 0xff, 0xff, 0xff, 0x1c, 0xe7, 0x0c, 0x63, 0x00, 0x00,
    0x00, 0x00, 0x41, 0x08, 0x38, 0xc6, 0xff, 0xff, 0xff, 0xff, 0xff, 0xff,
    0x96, 0xb5, 0x00, 0x00, 0x00, 0x00, 0x00, 0x00, 0x00, 0x00, 0x00, 0x00,
    0x00, 0x00, 0x00, 0x00, 0x4d, 0x6b, 0x7e, 0xf7, 0xff, 0xff, 0xff, 0xff,
    0xff, 0xff, 0x24, 0x21, 0x00, 0x00, 0x00, 0x00, 0x00, 0x00, 0x82, 0x10,
    0x75, 0xad, 0xff, 0xff, 0xff, 0xff, 0xff, 0xff, 0xff, 0xff, 0xff, 0xff,
    0xff, 0xff, 0xff, 0xff, 0xdf, 0xff, 0x75, 0xad, 0xc7, 0x39, 0x21, 0x08,
    0x00, 0x00, 0x00, 0x00, 0x00, 0x00, 0x00, 0x00, 0x00, 0x00, 0x00, 0x00,
    0xe3, 0x18, 0x72, 0x94, 0xff, 0xff, 0xff, 0xff, 0xff, 0xff, 0xff, 0xff,
    0xff, 0xff, 0xff, 0xff, 0xff, 0xff, 0xff, 0xff, 0x76, 0xb5, 0x08, 0x42,
    0x20, 0x00, 0x00, 0x00, 0x00, 0x00, 0x00, 0x00, 0x00, 0x00, 0x00, 0x00,
    0xaa, 0x52, 0x9b, 0xde, 0xff, 0xff, 0xff, 0xff, 0xff, 0xff, 0xff, 0xff,
    0xff, 0xff, 0xff, 0xff, 0xff, 0xff, 0xff, 0xff, 0xff, 0xff, 0xff, 0xff,
    0xff, 0xff, 0xbe, 0xf7, 0x14, 0xa5, 0xe4, 0x20, 0x00, 0x00, 0x00, 0x00,
    0x00, 0x00, 0x00, 0x00, 0xf4, 0xa4, 0xdf, 0xff, 0xff, 0xff, 0xff, 0xff,
    0xff, 0xff, 0x00, 0x00, 0x00, 0x00, 0x00, 0x00, 0x00, 0x00, 0x00, 0x00,
    0x00, 0x00, 0x00, 0x00, 0x69, 0x4a, 0xdb, 0xde, 0xff, 0xff, 0xff, 0xff,
    0xff, 0xff, 0xaa, 0x52, 0x41, 0x08, 0x00, 0x00, 0x00, 0x00, 0x00, 0x00,
    0x00, 0x00, 0x00, 0x00, 0x6a, 0x52, 0x1c, 0xe7, 0xff, 0xff, 0xff, 0xff,
    0xff, 0xff, 0xff, 0xff, 0xff, 0xff, 0x4d, 0x6b, 0x61, 0x08, 0x00, 0x00,
    0x00, 0x00, 0x00, 0x00, 0x00, 0x00, 0x00, 0x00, 0x00, 0x00, 0x00, 0x00,
    0x00, 0x00, 0x00, 0x00, 0x00, 0x00, 0x00, 0x00, 0x00, 0x00, 0x00, 0x00,
    0x00, 0x00, 0x00, 0x00, 0x00, 0x00, 0x00, 0x00, 0x00, 0x00, 0x00, 0x00,
    0x00, 0x00, 0x00, 0x00, 0x00, 0x00, 0x00, 0x00, 0x00, 0x00, 0x00, 0x00,
    0x00, 0x00, 0x00, 0x00, 0x00, 0x00, 0x00, 0x00, 0x00, 0x00, 0x00, 0x00,
    0x00, 0x00, 0x00, 0x00, 0x00, 0x00, 0x80, 0xfa, 0x80, 0xfa, 0x80, 0xfa,
    0x80, 0xfa, 0x80, 0xfa, 0x80, 0xfa, 0x80, 0xfa, 0x80, 0xfa, 0x80, 0xfa,
    0x80, 0xfa, 0x80, 0xfa, 0x80, 0xfa, 0x80, 0xfa, 0x80, 0xfa, 0x80, 0xfa,
    0x80, 0xfa, 0x80, 0xfa, 0x80, 0xfa, 0x80, 0xfa, 0x80, 0xfa, 0x80, 0xfa,
    0x80, 0xfa, 0x80, 0xfa, 0x40, 0xf2, 0xe0, 0x58, 0x00, 0x00, 0x00, 0x00,
    0x00, 0x00, 0x00, 0x00, 0x00, 0x00, 0xa0, 0xa1, 0x80, 0xfa, 0x80, 0xfa,
    0x80, 0xfa, 0x80, 0xfa, 0x80, 0xfa, 0x80, 0xfa, 0x80, 0xfa, 0x80, 0xfa,
    0x80, 0xfa, 0x80, 0xfa, 0x80, 0xfa, 0x80, 0xfa, 0x80, 0xfa, 0x80, 0xfa,
    0x80, 0xfa, 0x80, 0xfa, 0x40, 0xf2, 0xe0, 0x58, 0xc0, 0x50, 0x40, 0xea,
    0x80, 0xfa, 0x80, 0xfa, 0x80, 0xfa, 0x80, 0xfa, 0x80, 0xfa, 0x80, 0xfa,
    0x80, 0xfa, 0x80, 0xfa, 0x80, 0xfa, 0x80, 0xfa, 0x80, 0xfa, 0x80, 0xfa,
    0x80, 0xfa, 0x80, 0xfa, 0x80, 0xfa, 0x80, 0xfa, 0x80, 0xfa, 0x80, 0xfa,
    0x80, 0xfa, 0x80, 0xfa, 0x80, 0xfa, 0x80, 0xfa, 0x80, 0xfa, 0x80, 0xfa,
    0x80, 0xfa, 0x80, 0xfa, 0x80, 0xfa, 0x80, 0xfa, 0x80, 0xfa, 0x80, 0xfa,
    0x80, 0xfa, 0x80, 0xfa, 0x80, 0xfa, 0x80, 0xfa, 0x80, 0xfa, 0x80, 0xfa,
    0x80, 0xfa, 0x80, 0xfa, 0x80, 0xfa, 0x80, 0xfa, 0x80, 0xfa, 0x60, 0x20,
    0x00, 0x00, 0x00, 0x00, 0x00, 0x00, 0x00, 0x00, 0x00, 0x00, 0x00, 0x00,
    0x00, 0x00, 0x00, 0x00, 0x00, 0x00, 0x00, 0x00, 0x00, 0x00, 0x00, 0x00,
    0x00, 0x00, 0x00, 0x00, 0x00, 0x00, 0x00, 0x00, 0x00, 0x00, 0x20, 0x00,
    0x49, 0x4a, 0xff, 0xff, 0xff, 0xff, 0xff, 0xff, 0x1c, 0xe7, 0x2d, 0x6b,
    0x00, 0x00, 0x00, 0x00, 0x00, 0x00, 0x00, 0x00, 0x00, 0x00, 0x00, 0x00,
    0x00, 0x00, 0x00, 0x00, 0x00, 0x00, 0x00, 0x00, 0x00, 0x00, 0x00, 0x00,
    0x00, 0x00, 0x00, 0x00, 0xcb, 0x5a, 0x1c, 0xe7, 0xff, 0xff, 0xff, 0xff,
    0xff, 0xff, 0xff, 0xff, 0xff, 0xff, 0xff, 0xff, 0xff, 0xff, 0xff, 0xff,
    0xff, 0xff, 0xff, 0xff, 0xff, 0xff, 0xff, 0xff, 0xfb, 0xde, 0xaa, 0x52,
    0x20, 0x00, 0x00, 0x00, 0x00, 0x00, 0x41, 0x08, 0x18, 0xc6, 0xff, 0xff,
    0xff, 0xff, 0xff, 0xff, 0x96, 0xb5, 0x00, 0x00, 0x00, 0x00, 0x00, 0x00,
    0x00, 0x00, 0x00, 0x00, 0x00, 0x00, 0x00, 0x00, 0x4d, 0x6b, 0x7e, 0xf7,
    0xff, 0xff, 0xff, 0xff, 0xff, 0xff, 0x25, 0x29, 0x00, 0x00, 0x00, 0x00,
    0x00, 0x00, 0x00, 0x00, 0x82, 0x10, 0x2c, 0x63, 0xdb, 0xde, 0xff, 0xff,
    0xff, 0xff, 0xff, 0xff, 0xff, 0xff, 0xff, 0xff, 0xff, 0xff, 0xff, 0xff,
    0xff, 0xff, 0x75, 0xad, 0x62, 0x10, 0x00, 0x00, 0x00, 0x00, 0x00, 0x00,
    0x00, 0x00, 0x00, 0x00, 0x00, 0x00, 0x61, 0x08, 0x0c, 0x63, 0x7a, 0xd6,
    0xff, 0xff, 0xff, 0xff, 0xff, 0xff, 0xff, 0xff, 0xff, 0xff, 0xff, 0xff,
    0xff, 0xff, 0xdf, 0xff, 0xd7, 0xbd, 0xe4, 0x20, 0x00, 0x00, 0x00, 0x00,
    0x00, 0x00, 0x00, 0x00, 0xaa, 0x52, 0xbb, 0xde, 0xff, 0xff, 0xff, 0xff,
    0xff, 0xff, 0xff, 0xff, 0xff, 0xff, 0xff, 0xff, 0xff, 0xff, 0xff, 0xff,
    0xff, 0xff, 0xff, 0xff, 0xff, 0xff, 0xff, 0xff, 0x18, 0xc6, 0xa6, 0x31,
    0x00, 0x00, 0x00, 0x00, 0x00, 0x00, 0x00, 0x00, 0x14, 0xa5, 0xdf, 0xff,
    0xff, 0xff, 0xff, 0xff, 0xff, 0xff, 0x00, 0x00, 0x00, 0x00, 0x00, 0x00,
    0x00, 0x00, 0x00, 0x00, 0x00, 0x00, 0x00, 0x00, 0x6a, 0x52, 0xdb, 0xde,
    0xff, 0xff, 0xff, 0xff, 0xff, 0xff, 0xab, 0x5a, 0x41, 0x08, 0x00, 0x00,
    0x00, 0x00, 0x00, 0x00, 0x00, 0x00, 0x00, 0x00, 0x66, 0x31, 0x55, 0xad,
    0xff, 0xff, 0xff, 0xff, 0xff, 0xff, 0xff, 0xff, 0x7e, 0xf7, 0xc7, 0x39,
    0x00, 0x00, 0x00, 0x00, 0x00, 0x00, 0x00, 0x00, 0x00, 0x00, 0x00, 0x00,
    0x00, 0x00, 0x00, 0x00, 0x00, 0x00, 0x00, 0x00, 0x00, 0x00, 0x00, 0x00,
    0x00, 0x00, 0x00, 0x00, 0x00, 0x00, 0x00, 0x00, 0x00, 0x00, 0x00, 0x00,
    0x00, 0x00, 0x00, 0x00, 0x00, 0x00, 0x00, 0x00, 0x00, 0x00, 0x00, 0x00,
    0x00, 0x00, 0x00, 0x00, 0x00, 0x00, 0x00, 0x00, 0x00, 0x00, 0x00, 0x00,
    0x00, 0x00, 0x00, 0x00, 0x00, 0x00, 0x00, 0x00, 0x00, 0x00, 0x80, 0xfa,
    0x80, 0xfa, 0x80, 0xfa, 0x80, 0xfa, 0x80, 0xfa, 0x80, 0xfa, 0x80, 0xfa,
    0x80, 0xfa, 0x80, 0xfa, 0x80, 0xfa, 0x80, 0xfa, 0x80, 0xfa, 0x80, 0xfa,
    0x80, 0xfa, 0x80, 0xfa, 0x80, 0xfa, 0x80, 0xfa, 0x80, 0xfa, 0x80, 0xfa,
    0x80, 0xfa, 0x80, 0xfa, 0x80, 0xfa, 0x80, 0xfa, 0x20, 0xe2, 0xc0, 0x50,
    0x00, 0x00, 0x00, 0x00, 0x00, 0x00, 0x00, 0x00, 0x00, 0x00, 0xe0, 0xc9,
    0x80, 0xfa, 0x80, 0xfa, 0x80, 0xfa, 0x80, 0xfa, 0x80, 0xfa, 0x80, 0xfa,
    0x80, 0xfa, 0x80, 0xfa, 0x80, 0xfa, 0x80, 0xfa, 0x80, 0xfa, 0x80, 0xfa,
    0x80, 0xfa, 0x80, 0xfa, 0x80, 0xfa, 0x60, 0xfa, 0x60, 0x91, 0xe0, 0x58,
    0x40, 0xea, 0x80, 0xfa, 0x80, 0xfa, 0x80, 0xfa, 0x80, 0xfa, 0x80, 0xfa,
    0x80, 0xfa, 0x80, 0xfa, 0x80, 0xfa, 0x80, 0xfa, 0x80, 0xfa, 0x80, 0xfa,
    0x80, 0xfa, 0x80, 0xfa, 0x80, 0xfa, 0x80, 0xfa, 0x80, 0xfa, 0x80, 0xfa,
    0x80, 0xfa, 0x80, 0xfa, 0x80, 0xfa, 0x80, 0xfa, 0x80, 0xfa, 0x80, 0xfa,
    0x80, 0xfa, 0x80, 0xfa, 0x80, 0xfa, 0x80, 0xfa, 0x80, 0xfa, 0x80, 0xfa,
    0x80, 0xfa, 0x80, 0xfa, 0x80, 0xfa, 0x80, 0xfa, 0x80, 0xfa, 0x80, 0xfa,
    0x80, 0xfa, 0x80, 0xfa, 0x80, 0xfa, 0x80, 0xfa, 0x80, 0xfa, 0x80, 0xfa,
    0x80, 0xfa, 0x40, 0x20, 0x00, 0x00, 0x00, 0x00, 0x00, 0x00, 0x00, 0x00,
    0x00, 0x00, 0x00, 0x00, 0x00, 0x00, 0x00, 0x00, 0x00, 0x00, 0x00, 0x00,
    0x00, 0x00, 0x00, 0x00, 0x00, 0x00, 0x00, 0x00, 0x00, 0x00, 0x00, 0x00,
    0x00, 0x00, 0x20, 0x00, 0x49, 0x4a, 0xff, 0xff, 0xff, 0xff, 0xff, 0xff,
    0x1c, 0xe7, 0x2c, 0x63, 0x00, 0x00, 0x00, 0x00, 0x00, 0x00, 0x00, 0x00,
    0x00, 0x00, 0x00, 0x00, 0x00, 0x00, 0x00, 0x00, 0x00, 0x00, 0x00, 0x00,
    0x00, 0x00, 0x00, 0x00, 0x00, 0x00, 0x00, 0x00, 0xcb, 0x5a, 0x3c, 0xe7,
    0xff, 0xff, 0xff, 0xff, 0xff, 0xff, 0xbe, 0xf7, 0x9e, 0xf7, 0x9e, 0xf7,
    0x9e, 0xf7, 0xff, 0xff, 0xff, 0xff, 0xff, 0xff, 0xbe, 0xf7, 0x55, 0xad,
    0xa6, 0x31, 0x00, 0x00, 0x00, 0x00, 0x00, 0x00, 0x00, 0x00, 0x41, 0x08,
    0x18, 0xc6, 0xff, 0xff, 0xff, 0xff, 0xff, 0xff, 0x96, 0xb5, 0x00, 0x00,
    0x00, 0x00, 0x00, 0x00, 0x00, 0x00, 0x00, 0x00, 0x00, 0x00, 0x00, 0x00,
    0x4d, 0x6b, 0x7e, 0xf7, 0xff, 0xff, 0xff, 0xff, 0xff, 0xff, 0x24, 0x21,
    0x00, 0x00, 0x00, 0x00, 0x00, 0x00, 0x00, 0x00, 0x00, 0x00, 0x00, 0x00,
    0x82, 0x10, 0xcb, 0x5a, 0x39, 0xce, 0x5d, 0xef, 0xbe, 0xf7, 0xff, 0xff,
    0xff, 0xff, 0xff, 0xff, 0xff, 0xff, 0xff, 0xff, 0x9a, 0xd6, 0x04, 0x21,
    0x00, 0x00, 0x00, 0x00, 0x00, 0x00, 0x00, 0x00, 0x00, 0x00, 0x00, 0x00,
    0x00, 0x00, 0x41, 0x08, 0xec, 0x62, 0xf7, 0xbd, 0x5d, 0xef, 0xbf, 0xff,
    0xff, 0xff, 0xff, 0xff, 0xff, 0xff, 0xff, 0xff, 0xff, 0xff, 0x79, 0xce,
    0x86, 0x31, 0x00, 0x00, 0x00, 0x00, 0x00, 0x00, 0xaa, 0x52, 0x9a, 0xd6,
    0xff, 0xff, 0xff, 0xff, 0xff, 0xff, 0x7e, 0xf7, 0x5d, 0xef, 0x5d, 0xef,
    0x5d, 0xef, 0x5d, 0xef, 0x7e, 0xf7, 0xdf, 0xff, 0xff, 0xff, 0xff, 0xff,
    0xff, 0xff, 0x39, 0xce, 0x69, 0x4a, 0x20, 0x00, 0x00, 0x00, 0x00, 0x00,
    0x14, 0xa5, 0xff, 0xff, 0xff, 0xff, 0xff, 0xff, 0xff, 0xff, 0x00, 0x00,
    0x00, 0x00, 0x00, 0x00, 0x00, 0x00, 0x00, 0x00, 0x00, 0x00, 0x00, 0x00,
    0x6a, 0x52, 0xdb, 0xde, 0xff, 0xff, 0xff, 0xff, 0xff, 0xff, 0xaa, 0x52,
    0x41, 0x08, 0x00, 0x00, 0x00, 0x00, 0x00, 0x00, 0x00, 0x00, 0x61, 0x08,
    0x4d, 0x6b, 0xbe, 0xf7, 0xff, 0xff, 0xff, 0xff, 0xff, 0xff, 0xff, 0xff,
    0xff, 0xff, 0xf3, 0x9c, 0xe3, 0x18, 0x00, 0x00, 0x00, 0x00, 0x00, 0x00,
    0x00, 0x00, 0x00, 0x00, 0x00, 0x00, 0x00, 0x00, 0x00, 0x00, 0x00, 0x00,
    0x00, 0x00, 0x00, 0x00, 0x00, 0x00, 0x00, 0x00, 0x00, 0x00, 0x00, 0x00,
    0x00, 0x00, 0x00, 0x00, 0x00, 0x00, 0x00, 0x00, 0x00, 0x00, 0x00, 0x00,
    0x00, 0x00, 0x00, 0x00, 0x00, 0x00, 0x00, 0x00, 0x00, 0x00, 0x00, 0x00,
    0x00, 0x00, 0x00, 0x00, 0x00, 0x00, 0x00, 0x00, 0x00, 0x00, 0x00, 0x00,
    0x00, 0x00, 0x80, 0xfa, 0x80, 0xfa, 0x80, 0xfa, 0x80, 0xfa, 0x80, 0xfa,
    0x80, 0xfa, 0x80, 0xfa, 0x80, 0xfa, 0x80, 0xfa, 0x80, 0xfa, 0x80, 0xfa,
    0x80, 0xfa, 0x80, 0xfa, 0x80, 0xfa, 0x80, 0xfa, 0x80, 0xfa, 0x80, 0xfa,
    0x80, 0xfa, 0x80, 0xfa, 0x80, 0xfa, 0x80, 0xfa, 0x80, 0xfa, 0x80, 0xfa,
    0x20, 0xda, 0xc0, 0x48, 0x00, 0x00, 0x00, 0x00, 0x00, 0x00, 0x00, 0x00,
    0x00, 0x00, 0x20, 0xda, 0x80, 0xfa, 0x80, 0xfa, 0x80, 0xfa, 0x80, 0xfa,
    0x80, 0xfa, 0x80, 0xfa, 0x80, 0xfa, 0x80, 0xfa, 0x80, 0xfa, 0x80, 0xfa,
    0x80, 0xfa, 0x80, 0xfa, 0x80, 0xfa, 0x80, 0xfa, 0x80, 0xfa, 0x40, 0xea,
    0x00, 0x61, 0x20, 0xe2, 0x80, 0xfa, 0x80, 0xfa, 0x80, 0xfa, 0x80, 0xfa,
    0x80, 0xfa, 0x80, 0xfa, 0x80, 0xfa, 0x80, 0xfa, 0x80, 0xfa, 0x80, 0xfa,
    0x80, 0xfa, 0x80, 0xfa, 0x80, 0xfa, 0x80, 0xfa, 0x80, 0xfa, 0x80, 0xfa,
    0x80, 0xfa, 0x80, 0xfa, 0x80, 0xfa, 0x80, 0xfa, 0x80, 0xfa, 0x80, 0xfa,
    0x80, 0xfa, 0x80, 0xfa, 0x80, 0xfa, 0x80, 0xfa, 0x80, 0xfa, 0x80, 0xfa,
    0x80, 0xfa, 0x80, 0xfa, 0x80, 0xfa, 0x80, 0xfa, 0x80, 0xfa, 0x80, 0xfa,
    0x80, 0xfa, 0x80, 0xfa, 0x80, 0xfa, 0x80, 0xfa, 0x80, 0xfa, 0x80, 0xfa,
    0x80, 0xfa, 0x80, 0xfa, 0x80, 0xfa, 0x40, 0x20, 0x00, 0x00, 0x00, 0x00,
    0x00, 0x00, 0x00, 0x00, 0x00, 0x00, 0x00, 0x00, 0x00, 0x00, 0x00, 0x00,
    0x00, 0x00, 0x00, 0x00, 0x00, 0x00, 0x00, 0x00, 0x00, 0x00, 0x00, 0x00,
    0x00, 0x00, 0x00, 0x00, 0x00, 0x00, 0x21, 0x08, 0x49, 0x4a, 0xff, 0xff,
    0xff, 0xff, 0xff, 0xff, 0x3c, 0xe7, 0x2d, 0x6b, 0x00, 0x00, 0x00, 0x00,
    0x00, 0x00, 0x00, 0x00, 0x00, 0x00, 0x00, 0x00, 0x00, 0x00, 0x00, 0x00,
    0x00, 0x00, 0x00, 0x00, 0x00, 0x00, 0x00, 0x00, 0x00, 0x00, 0x00, 0x00,
    0xcb, 0x5a, 0x1c, 0xe7, 0xff, 0xff, 0xff, 0xff, 0xff, 0xff, 0x92, 0x94,
    0x8e, 0x73, 0x8e, 0x73, 0x30, 0x84, 0xff, 0xff, 0xff, 0xff, 0xff, 0xff,
    0x7d, 0xef, 0x2d, 0x6b, 0x00, 0x00, 0x00, 0x00, 0x00, 0x00, 0x00, 0x00,
    0x00, 0x00, 0x41, 0x08, 0x38, 0xc6, 0xff, 0xff, 0xff, 0xff, 0xff, 0xff,
    0x96, 0xb5, 0x00, 0x00, 0x00, 0x00, 0x00, 0x00, 0x00, 0x00, 0x00, 0x00,
    0x00, 0x00, 0x00, 0x00, 0x4d, 0x6b, 0x7d, 0xef, 0xff, 0xff, 0xff, 0xff,
    0xff, 0xff, 0x25, 0x29, 0x00, 0x00, 0x00, 0x00, 0x00, 0x00, 0x00, 0x00,
    0x00, 0x00, 0x00, 0x00, 0x00, 0x00, 0x00, 0x00, 0x62, 0x10, 0x08, 0x42,
    0xd3, 0x9c, 0xba, 0xd6, 0xdf, 0xff, 0xff, 0xff, 0xff, 0xff, 0xff, 0xff,
    0xff, 0xff, 0xb7, 0xbd, 0x21, 0x08, 0x00, 0x00, 0x00, 0x00, 0x00, 0x00,
    0x00, 0x00, 0x00, 0x00, 0x00, 0x00, 0x00, 0x00, 0x00, 0x00, 0x41, 0x08,
    0xc7, 0x39, 0x51, 0x8c, 0xdb, 0xde, 0x9e, 0xf7, 0xff, 0xff, 0xff, 0xff,
    0xff, 0xff, 0xdf, 0xff, 0xd7, 0xbd, 0x82, 0x10, 0x00, 0x00, 0x00, 0x00,
    0x8a, 0x52, 0xba, 0xd6, 0xff, 0xff, 0xff, 0xff, 0xff, 0xff, 0x92, 0x94,
    0x08, 0x42, 0xc7, 0x39, 0xc7, 0x39, 0xe8, 0x41, 0x2c, 0x63, 0x96, 0xb5,
    0xdf, 0xff, 0xff, 0xff, 0xff, 0xff, 0xff, 0xff, 0x14, 0xa5, 0xc3, 0x18,
    0x00, 0x00, 0x00, 0x00, 0xf4, 0xa4, 0xdf, 0xff, 0xff, 0xff, 0xff, 0xff,
    0xff, 0xff, 0x00, 0x00, 0x00, 0x00, 0x00, 0x00, 0x00, 0x00, 0x00, 0x00,
    0x00, 0x00, 0x00, 0x00, 0x69, 0x4a, 0xdb, 0xde, 0xff, 0xff, 0xff, 0xff,
    0xff, 0xff, 0xab, 0x5a, 0x41, 0x08, 0x00, 0x00, 0x00, 0x00, 0x00, 0x00,
    0x00, 0x00, 0x66, 0x31, 0x18, 0xc6, 0xff, 0xff, 0xff, 0xff, 0xff, 0xff,
    0xff, 0xff, 0xff, 0xff, 0xff, 0xff, 0xbf, 0xff, 0xcb, 0x5a, 0x20, 0x00,
    0x00, 0x00, 0x00, 0x00, 0x00, 0x00, 0x00, 0x00, 0x00, 0x00, 0x00, 0x00,
    0x00, 0x00, 0x00, 0x00, 0x00, 0x00, 0x00, 0x00, 0x00, 0x00, 0x00, 0x00,
    0x00, 0x00, 0x00, 0x00, 0x00, 0x00, 0x00, 0x00, 0x00, 0x00, 0x00, 0x00,
    0x00, 0x00, 0x00, 0x00, 0x00, 0x00, 0x00, 0x00, 0x00, 0x00, 0x00, 0x00,
    0x00, 0x00, 0x00, 0x00, 0x00, 0x00, 0x00, 0x00, 0x00, 0x00, 0x00, 0x00,
    0x00, 0x00, 0x00, 0x00, 0x00, 0x00, 0x80, 0xfa, 0x80, 0xfa, 0x80, 0xfa,
    0x80, 0xfa, 0x80, 0xfa, 0x80, 0xfa, 0x80, 0xfa, 0x80, 0xfa, 0x80, 0xfa,
    0x80, 0xfa, 0x80, 0xfa, 0x80, 0xfa, 0x80, 0xfa, 0x80, 0xfa, 0x80, 0xfa,
    0x80, 0xfa, 0x80, 0xfa, 0x80, 0xfa, 0x80, 0xfa, 0x80, 0xfa, 0x80, 0xfa,
    0x80, 0xfa, 0x80, 0xfa, 0x40, 0xe2, 0xc0, 0x50, 0x00, 0x00, 0x00, 0x00,
    0x00, 0x00, 0x00, 0x00, 0x00, 0x00, 0x00, 0xca, 0x80, 0xfa, 0x80, 0xfa,
    0x80, 0xfa, 0x80, 0xfa, 0x80, 0xfa, 0x80, 0xfa, 0x80, 0xfa, 0x80, 0xfa,
    0x80, 0xfa, 0x80, 0xfa, 0x80, 0xfa, 0x80, 0xfa, 0x80, 0xfa, 0x80, 0xfa,
    0x80, 0xfa, 0x80, 0xfa, 0x80, 0xfa, 0x80, 0xfa, 0x80, 0xfa, 0x80, 0xfa,
    0x80, 0xfa, 0x80, 0xfa, 0x80, 0xfa, 0x80, 0xfa, 0x80, 0xfa, 0x80, 0xfa,
    0x80, 0xfa, 0x80, 0xfa, 0x80, 0xfa, 0x80, 0xfa, 0x80, 0xfa, 0x80, 0xfa,
    0x80, 0xfa, 0x80, 0xfa, 0x80, 0xfa, 0x80, 0xfa, 0x80, 0xfa, 0x80, 0xfa,
    0x80, 0xfa, 0x80, 0xfa, 0x80, 0xfa, 0x80, 0xfa, 0x80, 0xfa, 0x80, 0xfa,
    0x80, 0xfa, 0x80, 0xfa, 0x80, 0xfa, 0x80, 0xfa, 0x80, 0xfa, 0x80, 0xfa,
    0x80, 0xfa, 0x80, 0xfa, 0x80, 0xfa, 0x80, 0xfa, 0x80, 0xfa, 0x80, 0xfa,
    0x80, 0xfa, 0x80, 0xfa, 0x80, 0xfa, 0x80, 0xfa, 0x80, 0xfa, 0x60, 0x20,
    0x00, 0x00, 0x00, 0x00, 0x00, 0x00, 0x00, 0x00, 0x00, 0x00, 0x00, 0x00,
    0x00, 0x00, 0x00, 0x00, 0x00, 0x00, 0x00, 0x00, 0x00, 0x00, 0x00, 0x00,
    0x00, 0x00, 0x00, 0x00, 0x00, 0x00, 0x00, 0x00, 0x00, 0x00, 0x00, 0x00,
    0x49, 0x4a, 0xff, 0xff, 0xff, 0xff, 0xff, 0xff, 0x3d, 0xef, 0x2d, 0x6b,
    0x00, 0x00, 0x00, 0x00, 0x00, 0x00, 0x00, 0x00, 0x00, 0x00, 0x00, 0x00,
    0x21, 0x08, 0x08, 0x42, 0xe8, 0x41, 0xc7, 0x39, 0x86, 0x31, 0xe4, 0x20,
    0x00, 0x00, 0x00, 0x00, 0xcb, 0x5a, 0x1c, 0xe7, 0xff, 0xff, 0xff, 0xff,
    0xff, 0xff, 0x08, 0x42, 0x21, 0x08, 0x00, 0x00, 0x00, 0x00, 0x18, 0xc6,
    0xff, 0xff, 0xff, 0xff, 0xff, 0xff, 0x76, 0xb5, 0x24, 0x21, 0x00, 0x00,
    0x00, 0x00, 0x00, 0x00, 0x00, 0x00, 0x21, 0x08, 0x18, 0xc6, 0xff, 0xff,
    0xff, 0xff, 0xff, 0xff, 0x96, 0xb5, 0x00, 0x00, 0x00, 0x00, 0x00, 0x00,
    0x00, 0x00, 0x00, 0x00, 0x00, 0x00, 0x00, 0x00, 0x4d, 0x6b, 0x9e, 0xf7,
    0xff, 0xff, 0xff, 0xff, 0xff, 0xff, 0x24, 0x21, 0x00, 0x00, 0x00, 0x00,
    0x04, 0x21, 0x04, 0x21, 0x04, 0x21, 0x04, 0x21, 0x82, 0x10, 0x00, 0x00,
    0x00, 0x00, 0x00, 0x00, 0x00, 0x00, 0xe3, 0x18, 0xaf, 0x7b, 0xba, 0xd6,
    0xdf, 0xff, 0xff, 0xff, 0xff, 0xff, 0xff, 0xff, 0xe7, 0x39, 0x00, 0x00,
    0x21, 0x08, 0xc3, 0x18, 0x04, 0x21, 0x04, 0x21, 0x04, 0x21, 0x82, 0x10,
    0x00, 0x00, 0x00, 0x00, 0x00, 0x00, 0x00, 0x00, 0xa2, 0x10, 0x4d, 0x6b,
    0xdb, 0xde, 0xff, 0xff, 0xff, 0xff, 0xff, 0xff, 0x1c, 0xe7, 0xcb, 0x5a,
    0x00, 0x00, 0x00, 0x00, 0xab, 0x5a, 0x9a, 0xd6, 0xff, 0xff, 0xff, 0xff,
    0xff, 0xff, 0xae, 0x73, 0x41, 0x08, 0x00, 0x00, 0x00, 0x00, 0x00, 0x00,
    0x00, 0x00, 0xe3, 0x18, 0xb2, 0x94, 0xff, 0xff, 0xff, 0xff, 0xff, 0xff,
    0xbb, 0xde, 0x08, 0x42, 0x00, 0x00, 0x00, 0x00, 0xf3, 0x9c, 0xdf, 0xff,
    0xff, 0xff, 0xff, 0xff, 0xff, 0xff, 0x20, 0x00, 0x00, 0x00, 0x00, 0x00,
    0x00, 0x00, 0x00, 0x00, 0x00, 0x00, 0x00, 0x00, 0x8a, 0x52, 0xfb, 0xde,
    0xff, 0xff, 0xff, 0xff, 0xff, 0xff, 0x8a, 0x52, 0x41, 0x08, 0x00, 0x00,
    0x00, 0x00, 0x00, 0x00, 0xa2, 0x10, 0xcf, 0x7b, 0xff, 0xff, 0xff, 0xff,
    0xff, 0xff, 0x9e, 0xf7, 0x7e, 0xf7, 0xff, 0xff, 0xff, 0xff, 0xff, 0xff,
    0x18, 0xc6, 0x04, 0x21, 0x20, 0x00, 0x00, 0x00, 0x00, 0x00, 0x00, 0x00,
    0x00, 0x00, 0x00, 0x00, 0x00, 0x00, 0x00, 0x00, 0x00, 0x00, 0x00, 0x00,
    0x00, 0x00, 0x00, 0x00, 0x00, 0x00, 0x00, 0x00, 0x00, 0x00, 0x00, 0x00,
    0x00, 0x00, 0x00, 0x00, 0x00, 0x00, 0x00, 0x00, 0x00, 0x00, 0x00, 0x00,
    0x00, 0x00, 0x00, 0x00, 0x00, 0x00, 0x00, 0x00, 0x00, 0x00, 0x00, 0x00,
    0x00, 0x00, 0x00, 0x00, 0x00, 0x00, 0x00, 0x00, 0x00, 0x00, 0x80, 0xfa,
    0x80, 0xfa, 0x80, 0xfa, 0x80, 0xfa, 0x80, 0xfa, 0x80, 0xfa, 0x80, 0xfa,
    0x80, 0xfa, 0x80, 0xfa, 0x80, 0xfa, 0x80, 0xfa, 0x80, 0xfa, 0x80, 0xfa,
    0x80, 0xfa, 0x80, 0xfa, 0x80, 0xfa, 0x80, 0xfa, 0x80, 0xfa, 0x80, 0xfa,
    0x80, 0xfa, 0x80, 0xfa, 0x80, 0xfa, 0x80, 0xfa, 0x40, 0xea, 0xc0, 0x50,
    0x00, 0x00, 0x00, 0x00, 0x00, 0x00, 0x00, 0x00, 0x00, 0x00, 0xc0, 0xb9,
    0x80, 0xfa, 0x80, 0xfa, 0x80, 0xfa, 0x80, 0xfa, 0x80, 0xfa, 0x80, 0xfa,
    0x80, 0xfa, 0x80, 0xfa, 0x80, 0xfa, 0x80, 0xfa, 0x80, 0xfa, 0x80, 0xfa,
    0x80, 0xfa, 0x80, 0xfa, 0x80, 0xfa, 0x80, 0xfa, 0x80, 0xfa, 0x80, 0xfa,
    0x80, 0xfa, 0x80, 0xfa, 0x80, 0xfa, 0x80, 0xfa, 0x80, 0xfa, 0x80, 0xfa,
    0x80, 0xfa, 0x80, 0xfa, 0x80, 0xfa, 0x80, 0xfa, 0x80, 0xfa, 0x80, 0xfa,
    0x80, 0xfa, 0x80, 0xfa, 0x80, 0xfa, 0x80, 0xfa, 0x80, 0xfa, 0x80, 0xfa,
    0x80, 0xfa, 0x80, 0xfa, 0x80, 0xfa, 0x80, 0xfa, 0x80, 0xfa, 0x80, 0xfa,
    0x80, 0xfa, 0x80, 0xfa, 0x80, 0xfa, 0x80, 0xfa, 0x80, 0xfa, 0x80, 0xfa,
    0x80, 0xfa, 0x80, 0xfa, 0x80, 0xfa, 0x80, 0xfa, 0x80, 0xfa, 0x80, 0xfa,
    0x80, 0xfa, 0x80, 0xfa, 0x80, 0xfa, 0x80, 0xfa, 0x80, 0xfa, 0x80, 0xfa,
    0x80, 0xfa, 0x40, 0x20, 0x00, 0x00, 0x00, 0x00, 0x00, 0x00, 0x00, 0x00,
    0x00, 0x00, 0x00, 0x00, 0x00, 0x00, 0x00, 0x00, 0x00, 0x00, 0x00, 0x00,
    0x00, 0x00, 0x00, 0x00, 0x00, 0x00, 0x00, 0x00, 0x00, 0x00, 0x00, 0x00,
    0x00, 0x00, 0x00, 0x00, 0x08, 0x42, 0xff, 0xff, 0xff, 0xff, 0xff, 0xff,
    0x7d, 0xef, 0x6d, 0x6b, 0x00, 0x00, 0x00, 0x00, 0x00, 0x00, 0x00, 0x00,
    0x00, 0x00, 0x00, 0x00, 0x24, 0x21, 0xff, 0xff, 0x9e, 0xf7, 0x3c, 0xe7,
    0x59, 0xce, 0x2d, 0x6b, 0x00, 0x00, 0x00, 0x00, 0xcb, 0x5a, 0x1c, 0xe7,
    0xff, 0xff, 0xff, 0xff, 0xff, 0xff, 0x08, 0x42, 0x21, 0x08, 0x00, 0x00,
    0x00, 0x00, 0x0c, 0x63, 0xff, 0xff, 0xff, 0xff, 0xff, 0xff, 0xfb, 0xde,
    0x6e, 0x73, 0x00, 0x00, 0x00, 0x00, 0x00, 0x00, 0x00, 0x00, 0x00, 0x00,
    0xd7, 0xbd, 0xff, 0xff, 0xff, 0xff, 0xff, 0xff, 0x38, 0xc6, 0x00, 0x00,
    0x00, 0x00, 0x00, 0x00, 0x00, 0x00, 0x00, 0x00, 0x00, 0x00, 0x00, 0x00,
    0x8e, 0x73, 0xbf, 0xff, 0xff, 0xff, 0xff, 0xff, 0xbf, 0xff, 0xe4, 0x20,
    0x00, 0x00, 0x20, 0x00, 0xf4, 0xa4, 0x14, 0xa5, 0x14, 0xa5, 0xd3, 0x9c,
    0x8a, 0x52, 0x00, 0x00, 0x00, 0x00, 0x00, 0x00, 0x00, 0x00, 0x00, 0x00,
    0x00, 0x00, 0x6e, 0x73, 0x7e, 0xf7, 0xff, 0xff, 0xff, 0xff, 0xff, 0xff,
    0x8e, 0x73, 0x00, 0x00, 0xe3, 0x18, 0xef, 0x7b, 0x14, 0xa5, 0x14, 0xa5,
    0x14, 0xa5, 0xab, 0x5a, 0x41, 0x08, 0x00, 0x00, 0x00, 0x00, 0x00, 0x00,
    0x00, 0x00, 0x00, 0x00, 0x6a, 0x52, 0xdf, 0xff, 0xff, 0xff, 0xff, 0xff,
    0xbe, 0xf7, 0x10, 0x84, 0x00, 0x00, 0x00, 0x00, 0xab, 0x5a, 0xba, 0xd6,
    0xff, 0xff, 0xff, 0xff, 0xff, 0xff, 0x8e, 0x73, 0x41, 0x08, 0x00, 0x00,
    0x00, 0x00, 0x00, 0x00, 0x00, 0x00, 0x21, 0x08, 0x8a, 0x52, 0xff, 0xff,
    0xff, 0xff, 0xff, 0xff, 0x3d, 0xef, 0x6a, 0x52, 0x00, 0x00, 0x00, 0x00,
    0xb2, 0x94, 0xdf, 0xff, 0xff, 0xff, 0xff, 0xff, 0xff, 0xff, 0xa2, 0x10,
    0x00, 0x00, 0x00, 0x00, 0x00, 0x00, 0x00, 0x00, 0x00, 0x00, 0x00, 0x00,
    0xcb, 0x5a, 0x1c, 0xe7, 0xff, 0xff, 0xff, 0xff, 0xff, 0xff, 0x29, 0x4a,
    0x20, 0x00, 0x00, 0x00, 0x00, 0x00, 0x00, 0x00, 0x29, 0x4a, 0xdb, 0xde,
    0xff, 0xff, 0xff, 0xff, 0xff, 0xff, 0x55, 0xad, 0xd3, 0x9c, 0x5d, 0xef,
    0xff, 0xff, 0xff, 0xff, 0xff, 0xff, 0x2d, 0x6b, 0x82, 0x10, 0x00, 0x00,
    0x00, 0x00, 0x00, 0x00, 0x00, 0x00, 0x00, 0x00, 0x00, 0x00, 0x00, 0x00,
    0x00, 0x00, 0x00, 0x00, 0x00, 0x00, 0x00, 0x00, 0x00, 0x00, 0x00, 0x00,
    0x00, 0x00, 0x00, 0x00, 0x00, 0x00, 0x00, 0x00, 0x00, 0x00, 0x00, 0x00,
    0x00, 0x00, 0x00, 0x00, 0x00, 0x00, 0x00, 0x00, 0x00, 0x00, 0x00, 0x00,
    0x00, 0x00, 0x00, 0x00, 0x00, 0x00, 0x00, 0x00, 0x00, 0x00, 0x00, 0x00,
    0x00, 0x00, 0x80, 0xfa, 0x80, 0xfa, 0x80, 0xfa, 0x80, 0xfa, 0x80, 0xfa,
    0x80, 0xfa, 0x80, 0xfa, 0x80, 0xfa, 0x80, 0xfa, 0x80, 0xfa, 0x80, 0xfa,
    0x80, 0xfa, 0x80, 0xfa, 0x80, 0xfa, 0x80, 0xfa, 0x80, 0xfa, 0x80, 0xfa,
    0x80, 0xfa, 0x80, 0xfa, 0x80, 0xfa, 0x80, 0xfa, 0x80, 0xfa, 0x80, 0xfa,
    0x60, 0xfa, 0x00, 0x61, 0x00, 0x00, 0x00, 0x00, 0x00, 0x00, 0x00, 0x00,
    0x00, 0x00, 0xa0, 0xa1, 0x80, 0xfa, 0x80, 0xfa, 0x80, 0xfa, 0x80, 0xfa,
    0x80, 0xfa, 0x80, 0xfa, 0x80, 0xfa, 0x80, 0xfa, 0x80, 0xfa, 0x80, 0xfa,
    0x80, 0xfa, 0x80, 0xfa, 0x80, 0xfa, 0x80, 0xfa, 0x80, 0xfa, 0x80, 0xfa,
    0x80, 0xfa, 0x80, 0xfa, 0x80, 0xfa, 0x80, 0xfa, 0x80, 0xfa, 0x80, 0xfa,
    0x80, 0xfa, 0x80, 0xfa, 0x80, 0xfa, 0x80, 0xfa, 0x80, 0xfa, 0x80, 0xfa,
    0x80, 0xfa, 0x80, 0xfa, 0x80, 0xfa, 0x80, 0xfa, 0x80, 0xfa, 0x80, 0xfa,
    0x80, 0xfa, 0x80, 0xfa, 0x80, 0xfa, 0x80, 0xfa, 0x80, 0xfa, 0x80, 0xfa,
    0x80, 0xfa, 0x80, 0xfa, 0x80, 0xfa, 0x80, 0xfa, 0x80, 0xfa, 0x80, 0xfa,
    0x80, 0xfa, 0x80, 0xfa, 0x80, 0xfa, 0x80, 0xfa, 0x80, 0xfa, 0x80, 0xfa,
    0x80, 0xfa, 0x80, 0xfa, 0x80, 0xfa, 0x80, 0xfa, 0x80, 0xfa, 0x80, 0xfa,
    0x80, 0xfa, 0x80, 0xfa, 0x80, 0xfa, 0x60, 0x20, 0x00, 0x00, 0x00, 0x00,
    0x00, 0x00, 0x00, 0x00, 0x00, 0x00, 0x00, 0x00, 0x00, 0x00, 0x00, 0x00,
    0x00, 0x00, 0x00, 0x00, 0x00, 0x00, 0x00, 0x00, 0x00, 0x00, 0x00, 0x00,
    0x00, 0x00, 0x00, 0x00, 0x00, 0x00, 0x00, 0x00, 0xa7, 0x39, 0x3d, 0xef,
    0xff, 0xff, 0xff, 0xff, 0xff, 0xff, 0x92, 0x94, 0x62, 0x10, 0x00, 0x00,
    0x00, 0x00, 0x00, 0x00, 0x00, 0x00, 0x00, 0x00, 0xaf, 0x7b, 0xff, 0xff,
    0xff, 0xff, 0xff, 0xff, 0x7d, 0xef, 0x8e, 0x73, 0x00, 0x00, 0x00, 0x00,
    0xcb, 0x5a, 0x1c, 0xe7, 0xff, 0xff, 0xff, 0xff, 0xff, 0xff, 0x08, 0x42,
    0x20, 0x00, 0x00, 0x00, 0x00, 0x00, 0xe3, 0x18, 0x7a, 0xd6, 0xff, 0xff,
    0xff, 0xff, 0xff, 0xff, 0x96, 0xb5, 0x04, 0x21, 0x00, 0x00, 0x00, 0x00,
    0x00, 0x00, 0x00, 0x00, 0xf4, 0xa4, 0xdf, 0xff, 0xff, 0xff, 0xff, 0xff,
    0x3d, 0xef, 0xe4, 0x20, 0x00, 0x00, 0x00, 0x00, 0x00, 0x00, 0x00, 0x00,
    0x00, 0x00, 0xa3, 0x18, 0x92, 0x94, 0xff, 0xff, 0xff, 0xff, 0xff, 0xff,
    0xdb, 0xde, 0xc3, 0x18, 0x00, 0x00, 0x20, 0x00, 0xdf, 0xff, 0xff, 0xff,
    0xff, 0xff, 0xff, 0xff, 0xd3, 0x9c, 0x61, 0x08, 0x00, 0x00, 0x00, 0x00,
    0x00, 0x00, 0x00, 0x00, 0x00, 0x00, 0x45, 0x29, 0x3d, 0xef, 0xff, 0xff,
    0xff, 0xff, 0xff, 0xff, 0x30, 0x84, 0x00, 0x00, 0x65, 0x29, 0x38, 0xc6,
    0xff, 0xff, 0xff, 0xff, 0xff, 0xff, 0x14, 0xa5, 0xc3, 0x18, 0x00, 0x00,
    0x00, 0x00, 0x00, 0x00, 0x00, 0x00, 0x00, 0x00, 0x20, 0x00, 0x7d, 0xef,
    0xff, 0xff, 0xff, 0xff, 0xdf, 0xff, 0x72, 0x94, 0x00, 0x00, 0x00, 0x00,
    0xaa, 0x52, 0x9a, 0xd6, 0xff, 0xff, 0xff, 0xff, 0xff, 0xff, 0x8e, 0x73,
    0x41, 0x08, 0x00, 0x00, 0x00, 0x00, 0x00, 0x00, 0x00, 0x00, 0x41, 0x08,
    0x8a, 0x52, 0xff, 0xff, 0xff, 0xff, 0xff, 0xff, 0x5d, 0xef, 0x8a, 0x52,
    0x00, 0x00, 0x00, 0x00, 0xcf, 0x7b, 0x9e, 0xf7, 0xff, 0xff, 0xff, 0xff,
    0xff, 0xff, 0x6a, 0x52, 0x00, 0x00, 0x00, 0x00, 0x00, 0x00, 0x00, 0x00,
    0x00, 0x00, 0x41, 0x08, 0xaf, 0x7b, 0x9e, 0xf7, 0xff, 0xff, 0xff, 0xff,
    0xdf, 0xff, 0x65, 0x29, 0x00, 0x00, 0x00, 0x00, 0x00, 0x00, 0xc3, 0x18,
    0x34, 0xa5, 0xff, 0xff, 0xff, 0xff, 0xff, 0xff, 0x9a, 0xd6, 0xab, 0x5a,
    0x45, 0x29, 0xb6, 0xb5, 0xff, 0xff, 0xff, 0xff, 0xff, 0xff, 0xfc, 0xe6,
    0xc7, 0x39, 0x00, 0x00, 0x00, 0x00, 0x00, 0x00, 0x00, 0x00, 0x00, 0x00,
    0x00, 0x00, 0x00, 0x00, 0x00, 0x00, 0x00, 0x00, 0x00, 0x00, 0x00, 0x00,
    0x00, 0x00, 0x00, 0x00, 0x00, 0x00, 0x00, 0x00, 0x00, 0x00, 0x00, 0x00,
    0x00, 0x00, 0x00, 0x00, 0x00, 0x00, 0x00, 0x00, 0x00, 0x00, 0x00, 0x00,
    0x00, 0x00, 0x00, 0x00, 0x00, 0x00, 0x00, 0x00, 0x00, 0x00, 0x00, 0x00,
    0x00, 0x00, 0x00, 0x00, 0x00, 0x00, 0x80, 0xfa, 0x80, 0xfa, 0x80, 0xfa,
    0x80, 0xfa, 0x80, 0xfa, 0x80, 0xfa, 0x80, 0xfa, 0x80, 0xfa, 0x80, 0xfa,
    0x80, 0xfa, 0x80, 0xfa, 0x80, 0xfa, 0x80, 0xfa, 0x80, 0xfa, 0x80, 0xfa,
    0x80, 0xfa, 0x80, 0xfa, 0x80, 0xfa, 0x80, 0xfa, 0x80, 0xfa, 0x80, 0xfa,
    0x80, 0xfa, 0x80, 0xfa, 0x80, 0xfa, 0x20, 0x71, 0x00, 0x08, 0x00, 0x00,
    0x00, 0x00, 0x00, 0x00, 0x00, 0x00, 0x20, 0x71, 0x80, 0xfa, 0x80, 0xfa,
    0x80, 0xfa, 0x80, 0xfa, 0x80, 0xfa, 0x80, 0xfa, 0x80, 0xfa, 0x80, 0xfa,
    0x80, 0xfa, 0x80, 0xfa, 0x80, 0xfa, 0x80, 0xfa, 0x80, 0xfa, 0x80, 0xfa,
    0x80, 0xfa, 0x80, 0xfa, 0x80, 0xfa, 0x80, 0xfa, 0x80, 0xfa, 0x80, 0xfa,
    0x80, 0xfa, 0x80, 0xfa, 0x80, 0xfa, 0x80, 0xfa, 0x80, 0xfa, 0x80, 0xfa,
    0x80, 0xfa, 0x80, 0xfa, 0x80, 0xfa, 0x80, 0xfa, 0x80, 0xfa, 0x80, 0xfa,
    0x80, 0xfa, 0x80, 0xfa, 0x80, 0xfa, 0x80, 0xfa, 0x80, 0xfa, 0x80, 0xfa,
    0x80, 0xfa, 0x80, 0xfa, 0x80, 0xfa, 0x80, 0xfa, 0x80, 0xfa, 0x80, 0xfa,
    0x80, 0xfa, 0x80, 0xfa, 0x80, 0xfa, 0x80, 0xfa, 0x80, 0xfa, 0x80, 0xfa,
    0x80, 0xfa, 0x80, 0xfa, 0x80, 0xfa, 0x80, 0xfa, 0x80, 0xfa, 0x80, 0xfa,
    0x80, 0xfa, 0x80, 0xfa, 0x80, 0xfa, 0x80, 0xfa, 0x80, 0xfa, 0x40, 0x20,
    0x00, 0x00, 0x00, 0x00, 0x00, 0x00, 0x00, 0x00, 0x00, 0x00, 0x00, 0x00,
    0x00, 0x00, 0x00, 0x00, 0x00, 0x00, 0x00, 0x00, 0x00, 0x00, 0x00, 0x00,
    0x00, 0x00, 0x00, 0x00, 0x00, 0x00, 0x00, 0x00, 0x00, 0x00, 0x00, 0x00,
    0x24, 0x21, 0x18, 0xc6, 0xff, 0xff, 0xff, 0xff, 0xff, 0xff, 0x79, 0xce,
    0x28, 0x42, 0x21, 0x08, 0x00, 0x00, 0x00, 0x00, 0x00, 0x00, 0x04, 0x21,
    0x9a, 0xd6, 0xff, 0xff, 0xff, 0xff, 0xff, 0xff, 0x1c, 0xe7, 0x8a, 0x52,
    0x00, 0x00, 0x00, 0x00, 0xcb, 0x5a, 0x3c, 0xe7, 0xff, 0xff, 0xff, 0xff,
    0xff, 0xff, 0x08, 0x42, 0x21, 0x08, 0x00, 0x00, 0x00, 0x00, 0x61, 0x08,
    0x8e, 0x73, 0xff, 0xff, 0xff, 0xff, 0xff, 0xff, 0x1c, 0xe7, 0xec, 0x62,
    0x20, 0x00, 0x00, 0x00, 0x00, 0x00, 0x00, 0x00, 0x4d, 0x6b, 0x9e, 0xf7,
    0xff, 0xff, 0xff, 0xff, 0xbe, 0xf7, 0xf0, 0x83, 0x61, 0x08, 0x00, 0x00,
    0x00, 0x00, 0x00, 0x00, 0x41, 0x08, 0xaa, 0x52, 0x59, 0xce, 0xff, 0xff,
    0xff, 0xff, 0xff, 0xff, 0x55, 0xad, 0x82, 0x10, 0x00, 0x00, 0x00, 0x00,
    0xdb, 0xde, 0xff, 0xff, 0xff, 0xff, 0xff, 0xff, 0x59, 0xce, 0x8a, 0x52,
    0x61, 0x08, 0x00, 0x00, 0x00, 0x00, 0x00, 0x00, 0x41, 0x08, 0x0c, 0x63,
    0x9e, 0xf7, 0xff, 0xff, 0xff, 0xff, 0xff, 0xff, 0x8e, 0x73, 0x00, 0x00,
    0x04, 0x21, 0x55, 0xad, 0xff, 0xff, 0xff, 0xff, 0xff, 0xff, 0xbb, 0xde,
    0xeb, 0x5a, 0x82, 0x10, 0x00, 0x00, 0x00, 0x00, 0x00, 0x00, 0x20, 0x00,
    0x08, 0x42, 0xbf, 0xff, 0xff, 0xff, 0xff, 0xff, 0x9e, 0xf7, 0xf0, 0x83,
    0x00, 0x00, 0x00, 0x00, 0xaa, 0x52, 0x9a, 0xd6, 0xff, 0xff, 0xff, 0xff,
    0xff, 0xff, 0xaf, 0x7b, 0x41, 0x08, 0x00, 0x00, 0x00, 0x00, 0x00, 0x00,
    0x20, 0x00, 0x66, 0x31, 0xb2, 0x94, 0xff, 0xff, 0xff, 0xff, 0xff, 0xff,
    0xfb, 0xde, 0x29, 0x4a, 0x00, 0x00, 0x00, 0x00, 0x49, 0x4a, 0x5d, 0xef,
    0xff, 0xff, 0xff, 0xff, 0xff, 0xff, 0x55, 0xad, 0xc3, 0x18, 0x00, 0x00,
    0x00, 0x00, 0x00, 0x00, 0x20, 0x00, 0xc7, 0x39, 0xb7, 0xbd, 0xff, 0xff,
    0xff, 0xff, 0xff, 0xff, 0x9a, 0xd6, 0xc3, 0x18, 0x00, 0x00, 0x00, 0x00,
    0x41, 0x08, 0x6a, 0x52, 0x9e, 0xf7, 0xff, 0xff, 0xff, 0xff, 0xdf, 0xff,
    0x72, 0x94, 0xc3, 0x18, 0x00, 0x00, 0x4d, 0x6b, 0x1c, 0xe7, 0xff, 0xff,
    0xff, 0xff, 0xff, 0xff, 0xd3, 0x9c, 0x20, 0x00, 0x00, 0x00, 0x00, 0x00,
    0x00, 0x00, 0x00, 0x00, 0x00, 0x00, 0x00, 0x00, 0x00, 0x00, 0x00, 0x00,
    0x00, 0x00, 0x00, 0x00, 0x00, 0x00, 0x00, 0x00, 0x00, 0x00, 0x00, 0x00,
    0x00, 0x00, 0x00, 0x00, 0x00, 0x00, 0x00, 0x00, 0x00, 0x00, 0x00, 0x00,
    0x00, 0x00, 0x00, 0x00, 0x00, 0x00, 0x00, 0x00, 0x00, 0x00, 0x00, 0x00,
    0x00, 0x00, 0x00, 0x00, 0x00, 0x00, 0x00, 0x00, 0x00, 0x00, 0x80, 0xfa,
    0x80, 0xfa, 0x80, 0xfa, 0x80, 0xfa, 0x80, 0xfa, 0x80, 0xfa, 0x80, 0xfa,
    0x80, 0xfa, 0x80, 0xfa, 0x80, 0xfa, 0x80, 0xfa, 0x80, 0xfa, 0x80, 0xfa,
    0x80, 0xfa, 0x80, 0xfa, 0x80, 0xfa, 0x80, 0xfa, 0x80, 0xfa, 0x80, 0xfa,
    0x80, 0xfa, 0x80, 0xfa, 0x80, 0xfa, 0x80, 0xfa, 0x80, 0xfa, 0x80, 0x91,
    0x20, 0x18, 0x00, 0x00, 0x00, 0x00, 0x00, 0x00, 0x00, 0x00, 0x80, 0x38,
    0x60, 0xfa, 0x80, 0xfa, 0x80, 0xfa, 0x80, 0xfa, 0x80, 0xfa, 0x80, 0xfa,
    0x80, 0xfa, 0x80, 0xfa, 0x80, 0xfa, 0x80, 0xfa, 0x80, 0xfa, 0x80, 0xfa,
    0x80, 0xfa, 0x80, 0xfa, 0x80, 0xfa, 0x80, 0xfa, 0x80, 0xfa, 0x80, 0xfa,
    0x80, 0xfa, 0x80, 0xfa, 0x80, 0xfa, 0x80, 0xfa, 0x80, 0xfa, 0x80, 0xfa,
    0x80, 0xfa, 0x80, 0xfa, 0x80, 0xfa, 0x80, 0xfa, 0x80, 0xfa, 0x80, 0xfa,
    0x80, 0xfa, 0x80, 0xfa, 0x80, 0xfa, 0x80, 0xfa, 0x80, 0xfa, 0x80, 0xfa,
    0x80, 0xfa, 0x80, 0xfa, 0x80, 0xfa, 0x80, 0xfa, 0x80, 0xfa, 0x80, 0xfa,
    0x80, 0xfa, 0x80, 0xfa, 0x80, 0xfa, 0x80, 0xfa, 0x80, 0xfa, 0x80, 0xfa,
    0x80, 0xfa, 0x80, 0xfa, 0x80, 0xfa, 0x80, 0xfa, 0x80, 0xfa, 0x80, 0xfa,
    0x80, 0xfa, 0x80, 0xfa, 0x80, 0xfa, 0x80, 0xfa, 0x80, 0xfa, 0x80, 0xfa,
    0x80, 0xfa, 0x40, 0x20, 0x00, 0x00, 0x00, 0x00, 0x00, 0x00, 0x00, 0x00,
    0x00, 0x00, 0x00, 0x00, 0x00, 0x00, 0x00, 0x00, 0x00, 0x00, 0x00, 0x00,
    0x00, 0x00, 0x00, 0x00, 0x00, 0x00, 0x00, 0x00, 0x00, 0x00, 0x00, 0x00,
    0x00, 0x00, 0x00, 0x00, 0x82, 0x10, 0x10, 0x84, 0xdf, 0xff, 0xff, 0xff,
    0xff, 0xff, 0xdf, 0xff, 0xf8, 0xc5, 0xaf, 0x7b, 0x69, 0x4a, 0x69, 0x4a,
    0x2d, 0x6b, 0x75, 0xad, 0xff, 0xff, 0xff, 0xff, 0xff, 0xff, 0xdf, 0xff,
    0xf7, 0xbd, 0xe3, 0x18, 0x00, 0x00, 0x00, 0x00, 0xcb, 0x5a, 0x1c, 0xe7,
    0xff, 0xff, 0xff, 0xff, 0xff, 0xff, 0x08, 0x42, 0x20, 0x00, 0x00, 0x00,
    0x00, 0x00, 0x00, 0x00, 0x25, 0x29, 0xfc, 0xe6, 0xff, 0xff, 0xff, 0xff,
    0xff, 0xff, 0x34, 0xa5, 0x25, 0x29, 0x00, 0x00, 0x00, 0x00, 0x00, 0x00,
    0x04, 0x21, 0x9a, 0xd6, 0xff, 0xff, 0xff, 0xff, 0xff, 0xff, 0x3d, 0xef,
    0x51, 0x8c, 0xcb, 0x5a, 0x29, 0x4a, 0x49, 0x4a, 0xae, 0x73, 0x18, 0xc6,
    0xdf, 0xff, 0xff, 0xff, 0xff, 0xff, 0x9e, 0xf7, 0xeb, 0x5a, 0x21, 0x08,
    0x00, 0x00, 0x00, 0x00, 0x72, 0x94, 0xff, 0xff, 0xff, 0xff, 0xff, 0xff,
    0xdf, 0xff, 0x9a, 0xd6, 0x10, 0x84, 0xcb, 0x5a, 0x49, 0x4a, 0x8a, 0x52,
    0x10, 0x84, 0xba, 0xd6, 0xff, 0xff, 0xff, 0xff, 0xff, 0xff, 0xdf, 0xff,
    0x86, 0x31, 0x00, 0x00, 0x82, 0x10, 0x6e, 0x73, 0xff, 0xff, 0xff, 0xff,
    0xff, 0xff, 0xff, 0xff, 0x9a, 0xd6, 0x71, 0x8c, 0xeb, 0x5a, 0x49, 0x4a,
    0x8a, 0x52, 0x8e, 0x73, 0xba, 0xd6, 0xff, 0xff, 0xff, 0xff, 0xff, 0xff,
    0x1c, 0xe7, 0x69, 0x4a, 0x00, 0x00, 0x00, 0x00, 0xaa, 0x52, 0xbb, 0xde,
    0xff, 0xff, 0xff, 0xff, 0xff, 0xff, 0x75, 0xad, 0x2d, 0x6b, 0x0c, 0x63,
    0x0c, 0x63, 0x0c, 0x63, 0xcf, 0x7b, 0x55, 0xad, 0x9e, 0xf7, 0xff, 0xff,
    0xff, 0xff, 0xff, 0xff, 0xd7, 0xbd, 0x45, 0x29, 0x00, 0x00, 0x00, 0x00,
    0x82, 0x10, 0x18, 0xc6, 0xff, 0xff, 0xff, 0xff, 0xff, 0xff, 0x9e, 0xf7,
    0x14, 0xa5, 0x0c, 0x63, 0x49, 0x4a, 0x49, 0x4a, 0x2d, 0x6b, 0xb6, 0xb5,
    0xbe, 0xf7, 0xff, 0xff, 0xff, 0xff, 0xff, 0xff, 0xef, 0x7b, 0x41, 0x08,
    0x00, 0x00, 0x00, 0x00, 0x45, 0x29, 0x59, 0xce, 0xff, 0xff, 0xff, 0xff,
    0xff, 0xff, 0x79, 0xce, 0xc7, 0x39, 0x00, 0x00, 0x00, 0x00, 0xc3, 0x18,
    0xf3, 0x9c, 0xdf, 0xff, 0xff, 0xff, 0xff, 0xff, 0xbf, 0xff, 0x49, 0x4a,
    0x00, 0x00, 0x00, 0x00, 0x00, 0x00, 0x00, 0x00, 0x00, 0x00, 0x00, 0x00,
    0x00, 0x00, 0x00, 0x00, 0x00, 0x00, 0x00, 0x00, 0x00, 0x00, 0x00, 0x00,
    0x00, 0x00, 0x00, 0x00, 0x00, 0x00, 0x00, 0x00, 0x00, 0x00, 0x00, 0x00,
    0x00, 0x00, 0x00, 0x00, 0x00, 0x00, 0x00, 0x00, 0x00, 0x00, 0x00, 0x00,
    0x00, 0x00, 0x00, 0x00, 0x00, 0x00, 0x00, 0x00, 0x00, 0x00, 0x00, 0x00,
    0x00, 0x00, 0x80, 0xfa, 0x80, 0xfa, 0x80, 0xfa, 0x80, 0xfa, 0x80, 0xfa,
    0x80, 0xfa, 0x80, 0xfa, 0x80, 0xfa, 0x80, 0xfa, 0x80, 0xfa, 0x80, 0xfa,
    0x80, 0xfa, 0x80, 0xfa, 0x80, 0xfa, 0x80, 0xfa, 0x80, 0xfa, 0x80, 0xfa,
    0x80, 0xfa, 0x80, 0xfa, 0x80, 0xfa, 0x80, 0xfa, 0x80, 0xfa, 0x80, 0xfa,
    0x80, 0xfa, 0xe0, 0xb9, 0x60, 0x28, 0x00, 0x00, 0x00, 0x00, 0x00, 0x00,
    0x00, 0x00, 0x40, 0x18, 0x00, 0xd2, 0x80, 0xfa, 0x80, 0xfa, 0x80, 0xfa,
    0x80, 0xfa, 0x80, 0xfa, 0x80, 0xfa, 0x80, 0xfa, 0x80, 0xfa, 0x80, 0xfa,
    0x80, 0xfa, 0x80, 0xfa, 0x80, 0xfa, 0x80, 0xfa, 0x80, 0xfa, 0x80, 0xfa,
    0x80, 0xfa, 0x80, 0xfa, 0x80, 0xfa, 0x80, 0xfa, 0x80, 0xfa, 0x80, 0xfa,
    0x80, 0xfa, 0x80, 0xfa, 0x80, 0xfa, 0x80, 0xfa, 0x80, 0xfa, 0x80, 0xfa,
    0x80, 0xfa, 0x80, 0xfa, 0x80, 0xfa, 0x80, 0xfa, 0x80, 0xfa, 0x80, 0xfa,
    0x80, 0xfa, 0x80, 0xfa, 0x80, 0xfa, 0x80, 0xfa, 0x80, 0xfa, 0x80, 0xfa,
    0x80, 0xfa, 0x80, 0xfa, 0x80, 0xfa, 0x80, 0xfa, 0x80, 0xfa, 0x80, 0xfa,
    0x80, 0xfa, 0x80, 0xfa, 0x80, 0xfa, 0x80, 0xfa, 0x80, 0xfa, 0x80, 0xfa,
    0x80, 0xfa, 0x80, 0xfa, 0x80, 0xfa, 0x80, 0xfa, 0x80, 0xfa, 0x80, 0xfa,
    0x80, 0xfa, 0x80, 0xfa, 0x80, 0xfa, 0x60, 0x20, 0x00, 0x00, 0x00, 0x00,
    0x00, 0x00, 0x00, 0x00, 0x00, 0x00, 0x00, 0x00, 0x00, 0x00, 0x00, 0x00,
    0x00, 0x00, 0x00, 0x00, 0x00, 0x00, 0x00, 0x00, 0x00, 0x00, 0x00, 0x00,
    0x00, 0x00, 0x00, 0x00, 0x00, 0x00, 0x00, 0x00, 0x00, 0x00, 0x08, 0x42,
    0x18, 0xc6, 0xff, 0xff, 0xff, 0xff, 0xff, 0xff, 0xff, 0xff, 0x5d, 0xef,
    0x79, 0xce, 0x7a, 0xd6, 0x3d, 0xef, 0xff, 0xff, 0xff, 0xff, 0xff, 0xff,
    0xff, 0xff, 0x1c, 0xe7, 0x2c, 0x63, 0x00, 0x00, 0x00, 0x00, 0x00, 0x00,
    0xcb, 0x5a, 0x1c, 0xe7, 0xff, 0xff, 0xff, 0xff, 0xff, 0xff, 0x08, 0x42,
    0x21, 0x08, 0x00, 0x00, 0x00, 0x00, 0x00, 0x00, 0x62, 0x10, 0x92, 0x94,
    0xff, 0xff, 0xff, 0xff, 0xff, 0xff, 0xfc, 0xe6, 0x0c, 0x63, 0x20, 0x00,
    0x00, 0x00, 0x00, 0x00, 0x00, 0x00, 0x8e, 0x73, 0x7d, 0xef, 0xff, 0xff,
    0xff, 0xff, 0xff, 0xff, 0xbf, 0xff, 0xdb, 0xde, 0x39, 0xce, 0x59, 0xce,
    0x5d, 0xef, 0xff, 0xff, 0xff, 0xff, 0xff, 0xff, 0xff, 0xff, 0x14, 0xa5,
    0x04, 0x21, 0x00, 0x00, 0x00, 0x00, 0x00, 0x00, 0xe7, 0x39, 0x9a, 0xd6,
    0xff, 0xff, 0xff, 0xff, 0xff, 0xff, 0xff, 0xff, 0x9e, 0xf7, 0xdb, 0xde,
    0x59, 0xce, 0x9a, 0xd6, 0x9e, 0xf7, 0xff, 0xff, 0xff, 0xff, 0xff, 0xff,
    0xff, 0xff, 0x76, 0xb5, 0x41, 0x08, 0x00, 0x00, 0x00, 0x00, 0x86, 0x31,
    0x39, 0xce, 0xff, 0xff, 0xff, 0xff, 0xff, 0xff, 0xff, 0xff, 0xbf, 0xff,
    0xdb, 0xde, 0x59, 0xce, 0x9a, 0xd6, 0x7e, 0xf7, 0xff, 0xff, 0xff, 0xff,
    0xff, 0xff, 0xbf, 0xff, 0x75, 0xad, 0xa3, 0x18, 0x00, 0x00, 0x00, 0x00,
    0xab, 0x5a, 0x9a, 0xd6, 0xff, 0xff, 0xff, 0xff, 0xff, 0xff, 0x9e, 0xf7,
    0x1c, 0xe7, 0x1c, 0xe7, 0x1c, 0xe7, 0x1c, 0xe7, 0xbf, 0xff, 0xff, 0xff,
    0xff, 0xff, 0xff, 0xff, 0xff, 0xff, 0x9e, 0xf7, 0x30, 0x84, 0x62, 0x10,
    0x00, 0x00, 0x00, 0x00, 0x00, 0x00, 0xcb, 0x5a, 0x1c, 0xe7, 0xff, 0xff,
    0xff, 0xff, 0xff, 0xff, 0xff, 0xff, 0x1c, 0xe7, 0x59, 0xce, 0x59, 0xce,
    0x1c, 0xe7, 0xdf, 0xff, 0xff, 0xff, 0xff, 0xff, 0xff, 0xff, 0x18, 0xc6,
    0x86, 0x31, 0x00, 0x00, 0x00, 0x00, 0x00, 0x00, 0x10, 0x84, 0xff, 0xff,
    0xff, 0xff, 0xff, 0xff, 0x7e, 0xf7, 0x51, 0x8c, 0x61, 0x08, 0x00, 0x00,
    0x00, 0x00, 0x00, 0x00, 0x49, 0x4a, 0xfc, 0xe6, 0xff, 0xff, 0xff, 0xff,
    0xff, 0xff, 0x18, 0xc6, 0x82, 0x10, 0x00, 0x00, 0x00, 0x00, 0x00, 0x00,
    0x00, 0x00, 0x00, 0x00, 0x00, 0x00, 0x00, 0x00, 0x00, 0x00, 0x00, 0x00,
    0x00, 0x00, 0x00, 0x00, 0x00, 0x00, 0x00, 0x00, 0x00, 0x00, 0x00, 0x00,
    0x00, 0x00, 0x00, 0x00, 0x00, 0x00, 0x00, 0x00, 0x00, 0x00, 0x00, 0x00,
    0x00, 0x00, 0x00, 0x00, 0x00, 0x00, 0x00, 0x00, 0x00, 0x00, 0x00, 0x00,
    0x00, 0x00, 0x00, 0x00, 0x00, 0x00, 0x80, 0xfa, 0x80, 0xfa, 0x80, 0xfa,
    0x80, 0xfa, 0x80, 0xfa, 0x80, 0xfa, 0x80, 0xfa, 0x80, 0xfa, 0x80, 0xfa,
    0x80, 0xfa, 0x80, 0xfa, 0x80, 0xfa, 0x80, 0xfa, 0x80, 0xfa, 0x80, 0xfa,
    0x80, 0xfa, 0x80, 0xfa, 0x80, 0xfa, 0x80, 0xfa, 0x80, 0xfa, 0x80, 0xfa,
    0x80, 0xfa, 0x80, 0xfa, 0x80, 0xfa, 0x40, 0xea, 0x80, 0x38, 0x00, 0x00,
    0x00, 0x00, 0x00, 0x00, 0x00, 0x00, 0x20, 0x10, 0x20, 0x71, 0x80, 0xfa,
    0x80, 0xfa, 0x80, 0xfa, 0x80, 0xfa, 0x80, 0xfa, 0x80, 0xfa, 0x80, 0xfa,
    0x80, 0xfa, 0x80, 0xfa, 0x80, 0xfa, 0x80, 0xfa, 0x80, 0xfa, 0x80, 0xfa,
    0x80, 0xfa, 0x80, 0xfa, 0x80, 0xfa, 0x80, 0xfa, 0x80, 0xfa, 0x80, 0xfa,
    0x80, 0xfa, 0x80, 0xfa, 0x80, 0xfa, 0x80, 0xfa, 0x80, 0xfa, 0x80, 0xfa,
    0x80, 0xfa, 0x80, 0xfa, 0x80, 0xfa, 0x80, 0xfa, 0x80, 0xfa, 0x80, 0xfa,
    0x80, 0xfa, 0x80, 0xfa, 0x80, 0xfa, 0x80, 0xfa, 0x80, 0xfa, 0x80, 0xfa,
    0x80, 0xfa, 0x80, 0xfa, 0x80, 0xfa, 0x80, 0xfa, 0x80, 0xfa, 0x80, 0xfa,
    0x80, 0xfa, 0x80, 0xfa, 0x80, 0xfa, 0x80, 0xfa, 0x80, 0xfa, 0x80, 0xfa,
    0x80, 0xfa, 0x80, 0xfa, 0x80, 0xfa, 0x80, 0xfa, 0x80, 0xfa, 0x80, 0xfa,
    0x80, 0xfa, 0x80, 0xfa, 0x80, 0xfa, 0x80, 0xfa, 0x80, 0xfa, 0x60, 0x20,
    0x00, 0x00, 0x00, 0x00, 0x00, 0x00, 0x00, 0x00, 0x00, 0x00, 0x00, 0x00,
    0x00, 0x00, 0x00, 0x00, 0x00, 0x00, 0x00, 0x00, 0x00, 0x00, 0x00, 0x00,
    0x00, 0x00, 0x00, 0x00, 0x00, 0x00, 0x00, 0x00, 0x00, 0x00, 0x00, 0x00,
    0x00, 0x00, 0x61, 0x08, 0x29, 0x4a, 0x18, 0xc6, 0xff, 0xff, 0xff, 0xff,
    0xff, 0xff, 0xff, 0xff, 0xff, 0xff, 0xff, 0xff, 0xff, 0xff, 0xff, 0xff,
    0xff, 0xff, 0xff, 0xff, 0x9e, 0xf7, 0xae, 0x73, 0x82, 0x10, 0x00, 0x00,
    0x00, 0x00, 0x00, 0x00, 0xcb, 0x5a, 0x1c, 0xe7, 0xff, 0xff, 0xff, 0xff,
    0xff, 0xff, 0x08, 0x42, 0x20, 0x00, 0x00, 0x00, 0x00, 0x00, 0x00, 0x00,
    0x20, 0x00, 0x28, 0x42, 0x3c, 0xe7, 0xff, 0xff, 0xff, 0xff, 0xff, 0xff,
    0x55, 0xad, 0x24, 0x21, 0x00, 0x00, 0x00, 0x00, 0x00, 0x00, 0x82, 0x10,
    0xaf, 0x7b, 0xbf, 0xff, 0xff, 0xff, 0xff, 0xff, 0xff, 0xff, 0xff, 0xff,
    0xff, 0xff, 0xff, 0xff, 0xff, 0xff, 0xff, 0xff, 0xff, 0xff, 0xdf, 0xff,
    0x96, 0xb5, 0x86, 0x31, 0x41, 0x08, 0x00, 0x00, 0x00, 0x00, 0x00, 0x00,
    0x41, 0x08, 0x69, 0x4a, 0x1c, 0xe7, 0xff, 0xff, 0xff, 0xff, 0xff, 0xff,
    0xff, 0xff, 0xff, 0xff, 0xff, 0xff, 0xff, 0xff, 0xff, 0xff, 0xff, 0xff,
    0xff, 0xff, 0xff, 0xff, 0x96, 0xb5, 0x45, 0x29, 0x00, 0x00, 0x00, 0x00,
    0x00, 0x00, 0x21, 0x08, 0x8a, 0x52, 0x59, 0xce, 0xff, 0xff, 0xff, 0xff,
    0xff, 0xff, 0xff, 0xff, 0xff, 0xff, 0xff, 0xff, 0xff, 0xff, 0xff, 0xff,
    0xff, 0xff, 0xff, 0xff, 0xff, 0xff, 0x96, 0xb5, 0xe8, 0x41, 0x00, 0x00,
    0x00, 0x00, 0x00, 0x00, 0x8a, 0x52, 0x9a, 0xd6, 0xff, 0xff, 0xff, 0xff,
    0xff, 0xff, 0xff, 0xff, 0xff, 0xff, 0xff, 0xff, 0xff, 0xff, 0xff, 0xff,
    0xff, 0xff, 0xff, 0xff, 0xff, 0xff, 0xff, 0xff, 0x7e, 0xf7, 0x92, 0x94,
    0x65, 0x29, 0x00, 0x00, 0x00, 0x00, 0x00, 0x00, 0x00, 0x00, 0x41, 0x08,
    0x2c, 0x63, 0x7e, 0xf7, 0xff, 0xff, 0xff, 0xff, 0xff, 0xff, 0xff, 0xff,
    0xff, 0xff, 0xff, 0xff, 0xff, 0xff, 0xff, 0xff, 0xff, 0xff, 0xff, 0xff,
    0x39, 0xce, 0x28, 0x42, 0x62, 0x10, 0x00, 0x00, 0x00, 0x00, 0x86, 0x31,
    0x7d, 0xef, 0xff, 0xff, 0xff, 0xff, 0xff, 0xff, 0xb7, 0xbd, 0x66, 0x31,
    0x00, 0x00, 0x00, 0x00, 0x00, 0x00, 0x00, 0x00, 0x61, 0x08, 0xb3, 0x9c,
    0xbe, 0xf7, 0xff, 0xff, 0xff, 0xff, 0xff, 0xff, 0xaf, 0x7b, 0x00, 0x00,
    0x00, 0x00, 0x00, 0x00, 0x00, 0x00, 0x00, 0x00, 0x00, 0x00, 0x00, 0x00,
    0x00, 0x00, 0x00, 0x00, 0x00, 0x00, 0x00, 0x00, 0x00, 0x00, 0x00, 0x00,
    0x00, 0x00, 0x00, 0x00, 0x00, 0x00, 0x00, 0x00, 0x00, 0x00, 0x00, 0x00,
    0x00, 0x00, 0x00, 0x00, 0x00, 0x00, 0x00, 0x00, 0x00, 0x00, 0x00, 0x00,
    0x00, 0x00, 0x00, 0x00, 0x00, 0x00, 0x00, 0x00, 0x00, 0x00, 0x80, 0xfa,
    0x80, 0xfa, 0x80, 0xfa, 0x80, 0xfa, 0x80, 0xfa, 0x80, 0xfa, 0x80, 0xfa,
    0x80, 0xfa, 0x80, 0xfa, 0x80, 0xfa, 0x80, 0xfa, 0x80, 0xfa, 0x80, 0xfa,
    0x80, 0xfa, 0x80, 0xfa, 0x80, 0xfa, 0x80, 0xfa, 0x80, 0xfa, 0x80, 0xfa,
    0x80, 0xfa, 0x80, 0xfa, 0x80, 0xfa, 0x80, 0xfa, 0x80, 0xfa, 0x80, 0xfa,
    0x00, 0x71, 0x20, 0x08, 0x00, 0x00, 0x00, 0x00, 0x00, 0x00, 0x00, 0x00,
    0x60, 0x28, 0x40, 0xe2, 0x80, 0xfa, 0x80, 0xfa, 0x80, 0xfa, 0x80, 0xfa,
    0x80, 0xfa, 0x80, 0xfa, 0x80, 0xfa, 0x80, 0xfa, 0x80, 0xfa, 0x80, 0xfa,
    0x80, 0xfa, 0x80, 0xfa, 0x80, 0xfa, 0x80, 0xfa, 0x80, 0xfa, 0x80, 0xfa,
    0x80, 0xfa, 0x80, 0xfa, 0x80, 0xfa, 0x80, 0xfa, 0x80, 0xfa, 0x80, 0xfa,
    0x80, 0xfa, 0x80, 0xfa, 0x80, 0xfa, 0x80, 0xfa, 0x80, 0xfa, 0x80, 0xfa,
    0x80, 0xfa, 0x80, 0xfa, 0x80, 0xfa, 0x80, 0xfa, 0x80, 0xfa, 0x80, 0xfa,
    0x80, 0xfa, 0x80, 0xfa, 0x80, 0xfa, 0x80, 0xfa, 0x80, 0xfa, 0x80, 0xfa,
    0x80, 0xfa, 0x80, 0xfa, 0x80, 0xfa, 0x80, 0xfa, 0x80, 0xfa, 0x80, 0xfa,
    0x80, 0xfa, 0x80, 0xfa, 0x80, 0xfa, 0x80, 0xfa, 0x80, 0xfa, 0x80, 0xfa,
    0x80, 0xfa, 0x80, 0xfa, 0x80, 0xfa, 0x80, 0xfa, 0x80, 0xfa, 0x80, 0xfa,
    0x80, 0xfa, 0x40, 0x20, 0x00, 0x00, 0x00, 0x00, 0x00, 0x00, 0x00, 0x00,
    0x00, 0x00, 0x00, 0x00, 0x00, 0x00, 0x00, 0x00, 0x00, 0x00, 0x00, 0x00,
    0x00, 0x00, 0x00, 0x00, 0x00, 0x00, 0x00, 0x00, 0x00, 0x00, 0x00, 0x00,
    0x00, 0x00, 0x00, 0x00, 0x00, 0x00, 0x00, 0x00, 0x41, 0x08, 0x08, 0x42,
    0xb3, 0x9c, 0x1c, 0xe7, 0xff, 0xff, 0xff, 0xff, 0xff, 0xff, 0xff, 0xff,
    0xff, 0xff, 0xff, 0xff, 0xdf, 0xff, 0x38, 0xc6, 0x6e, 0x73, 0xc3, 0x18,
    0x00, 0x00, 0x00, 0x00, 0x00, 0x00, 0x00, 0x00, 0xcb, 0x5a, 0x1c, 0xe7,
    0xff, 0xff, 0xff, 0xff, 0xff, 0xff, 0xe8, 0x41, 0x20, 0x00, 0x00, 0x00,
    0x00, 0x00, 0x00, 0x00, 0x00, 0x00, 0xe3, 0x18, 0x14, 0xa5, 0xff, 0xff,
    0xff, 0xff, 0xff, 0xff, 0x3c, 0xe7, 0x6a, 0x52, 0x00, 0x00, 0x00, 0x00,
    0x00, 0x00, 0x00, 0x00, 0xa2, 0x10, 0x6d, 0x6b, 0x39, 0xce, 0xff, 0xff,
    0xff, 0xff, 0xff, 0xff, 0xff, 0xff, 0xff, 0xff, 0xff, 0xff, 0xff, 0xff,
    0xfb, 0xde, 0x51, 0x8c, 0xa6, 0x31, 0x41, 0x08, 0x00, 0x00, 0x00, 0x00,
    0x00, 0x00, 0x00, 0x00, 0x00, 0x00, 0x62, 0x10, 0xec, 0x62, 0x96, 0xb5,
    0x5d, 0xef, 0xff, 0xff, 0xff, 0xff, 0xff, 0xff, 0xff, 0xff, 0xff, 0xff,
    0xff, 0xff, 0xff, 0xff, 0xdb, 0xde, 0x51, 0x8c, 0x86, 0x31, 0x00, 0x00,
    0x00, 0x00, 0x00, 0x00, 0x00, 0x00, 0x00, 0x00, 0x82, 0x10, 0x49, 0x4a,
    0x34, 0xa5, 0x1c, 0xe7, 0xff, 0xff, 0xff, 0xff, 0xff, 0xff, 0xff, 0xff,
    0xff, 0xff, 0xff, 0xff, 0xff, 0xff, 0x3c, 0xe7, 0x92, 0x94, 0xe7, 0x39,
    0x20, 0x00, 0x00, 0x00, 0x00, 0x00, 0x00, 0x00, 0xaa, 0x52, 0x9a, 0xd6,
    0xff, 0xff, 0xff, 0xff, 0xff, 0xff, 0xff, 0xff, 0xff, 0xff, 0xff, 0xff,
    0xff, 0xff, 0xff, 0xff, 0xff, 0xff, 0xff, 0xff, 0xbe, 0xf7, 0xf8, 0xc5,
    0xaf, 0x7b, 0x24, 0x21, 0x21, 0x08, 0x00, 0x00, 0x00, 0x00, 0x00, 0x00,
    0x00, 0x00, 0x00, 0x00, 0x82, 0x10, 0x0c, 0x63, 0xb7, 0xbd, 0xdf, 0xff,
    0xff, 0xff, 0xff, 0xff, 0xff, 0xff, 0xff, 0xff, 0xff, 0xff, 0xff, 0xff,
    0x3d, 0xef, 0xf3, 0x9c, 0x28, 0x42, 0x62, 0x10, 0x00, 0x00, 0x00, 0x00,
    0x00, 0x00, 0x55, 0xad, 0xff, 0xff, 0xff, 0xff, 0xff, 0xff, 0x3d, 0xef,
    0x6d, 0x6b, 0x21, 0x08, 0x00, 0x00, 0x00, 0x00, 0x00, 0x00, 0x00, 0x00,
    0x00, 0x00, 0xa7, 0x39, 0x9a, 0xd6, 0xff, 0xff, 0xff, 0xff, 0xff, 0xff,
    0x7a, 0xd6, 0x24, 0x21, 0x00, 0x00, 0x00, 0x00, 0x00, 0x00, 0x00, 0x00,
    0x00, 0x00, 0x00, 0x00, 0x00, 0x00, 0x00, 0x00, 0x00, 0x00, 0x00, 0x00,
    0x00, 0x00, 0x00, 0x00, 0x00, 0x00, 0x00, 0x00, 0x00, 0x00, 0x00, 0x00,
    0x00, 0x00, 0x00, 0x00, 0x00, 0x00, 0x00, 0x00, 0x00, 0x00, 0x00, 0x00,
    0x00, 0x00, 0x00, 0x00, 0x00, 0x00, 0x00, 0x00, 0x00, 0x00, 0x00, 0x00,
    0x00, 0x00, 0x80, 0xfa, 0x80, 0xfa, 0x80, 0xfa, 0x80, 0xfa, 0x80, 0xfa,
    0x80, 0xfa, 0x80, 0xfa, 0x80, 0xfa, 0x80, 0xfa, 0x80, 0xfa, 0x80, 0xfa,
    0x80, 0xfa, 0x80, 0xfa, 0x80, 0xfa, 0x80, 0xfa, 0x80, 0xfa, 0x80, 0xfa,
    0x80, 0xfa, 0x80, 0xfa, 0x80, 0xfa, 0x80, 0xfa, 0x80, 0xfa, 0x80, 0xfa,
    0x80, 0xfa, 0x80, 0xfa, 0xe0, 0xc1, 0x60, 0x28, 0x00, 0x00, 0x00, 0x00,
    0x00, 0x00, 0x00, 0x00, 0x20, 0x10, 0x40, 0x81, 0x80, 0xfa, 0x80, 0xfa,
    0x80, 0xfa, 0x80, 0xfa, 0x80, 0xfa, 0x80, 0xfa, 0x80, 0xfa, 0x80, 0xfa,
    0x80, 0xfa, 0x80, 0xfa, 0x80, 0xfa, 0x80, 0xfa, 0x80, 0xfa, 0x80, 0xfa,
    0x80, 0xfa, 0x80, 0xfa, 0x80, 0xfa, 0x80, 0xfa, 0x80, 0xfa, 0x80, 0xfa,
    0x80, 0xfa, 0x80, 0xfa, 0x80, 0xfa, 0x80, 0xfa, 0x80, 0xfa, 0x80, 0xfa,
    0x80, 0xfa, 0x80, 0xfa, 0x80, 0xfa, 0x80, 0xfa, 0x80, 0xfa, 0x80, 0xfa,
    0x80, 0xfa, 0x80, 0xfa, 0x80, 0xfa, 0x80, 0xfa, 0x80, 0xfa, 0x80, 0xfa,
    0x80, 0xfa, 0x80, 0xfa, 0x80, 0xfa, 0x80, 0xfa, 0x80, 0xfa, 0x80, 0xfa,
    0x80, 0xfa, 0x80, 0xfa, 0x80, 0xfa, 0x80, 0xfa, 0x80, 0xfa, 0x80, 0xfa,
    0x80, 0xfa, 0x80, 0xfa, 0x80, 0xfa, 0x80, 0xfa, 0x80, 0xfa, 0x80, 0xfa,
    0x80, 0xfa, 0x80, 0xfa, 0x80, 0xfa, 0x40, 0x20, 0x00, 0x00, 0x00, 0x00,
    0x00, 0x00, 0x00, 0x00, 0x00, 0x00, 0x00, 0x00, 0x00, 0x00, 0x00, 0x00,
    0x00, 0x00, 0x00, 0x00, 0x00, 0x00, 0x00, 0x00, 0x00, 0x00, 0x00, 0x00,
    0x00, 0x00, 0x00, 0x00, 0x00, 0x00, 0x00, 0x00, 0x00, 0x00, 0x00, 0x00,
    0x00, 0x00, 0x20, 0x00, 0xc3, 0x18, 0xc7, 0x39, 0x6e, 0x73, 0xb2, 0x94,
    0x14, 0xa5, 0x14, 0xa5, 0x14, 0xa5, 0x10, 0x84, 0x28, 0x42, 0x24, 0x21,
    0x41, 0x08, 0x00, 0x00, 0x00, 0x00, 0x00, 0x00, 0x00, 0x00, 0x00, 0x00,
    0x25, 0x29, 0x2c, 0x63, 0x8e, 0x73, 0x8e, 0x73, 0x8e, 0x73, 0x82, 0x10,
    0x00, 0x00, 0x00, 0x00, 0x00, 0x00, 0x00, 0x00, 0x00, 0x00, 0x21, 0x08,
    0x45, 0x29, 0x6e, 0x73, 0x8e, 0x73, 0x8e, 0x73, 0x4d, 0x6b, 0x04, 0x21,
    0x00, 0x00, 0x00, 0x00, 0x00, 0x00, 0x00, 0x00, 0x00, 0x00, 0x41, 0x08,
    0x86, 0x31, 0x8a, 0x52, 0x71, 0x8c, 0x96, 0xb5, 0x38, 0xc6, 0xf7, 0xbd,
    0xb3, 0x9c, 0x2d, 0x6b, 0xc7, 0x39, 0x62, 0x10, 0x00, 0x00, 0x00, 0x00,
    0x00, 0x00, 0x00, 0x00, 0x00, 0x00, 0x00, 0x00, 0x00, 0x00, 0x00, 0x00,
    0x41, 0x08, 0xe4, 0x20, 0x08, 0x42, 0x2c, 0x63, 0xb3, 0x9c, 0x14, 0xa5,
    0x14, 0xa5, 0x14, 0xa5, 0x92, 0x94, 0x8e, 0x73, 0xa7, 0x39, 0x61, 0x08,
    0x00, 0x00, 0x00, 0x00, 0x00, 0x00, 0x00, 0x00, 0x00, 0x00, 0x00, 0x00,
    0x00, 0x00, 0x41, 0x08, 0xe3, 0x18, 0xa7, 0x39, 0x2c, 0x63, 0x72, 0x94,
    0x14, 0xa5, 0x14, 0xa5, 0x14, 0xa5, 0xd3, 0x9c, 0xaf, 0x7b, 0xa6, 0x31,
    0x82, 0x10, 0x00, 0x00, 0x00, 0x00, 0x00, 0x00, 0x00, 0x00, 0x00, 0x00,
    0x24, 0x21, 0xeb, 0x5a, 0x8e, 0x73, 0x8e, 0x73, 0x8e, 0x73, 0x8e, 0x73,
    0x8e, 0x73, 0x8e, 0x73, 0x8e, 0x73, 0x8e, 0x73, 0x8e, 0x73, 0x0c, 0x63,
    0x28, 0x42, 0x24, 0x21, 0x41, 0x08, 0x00, 0x00, 0x00, 0x00, 0x00, 0x00,
    0x00, 0x00, 0x00, 0x00, 0x00, 0x00, 0x00, 0x00, 0x00, 0x00, 0x20, 0x00,
    0x24, 0x21, 0x49, 0x4a, 0xf0, 0x83, 0x75, 0xad, 0x18, 0xc6, 0x18, 0xc6,
    0x34, 0xa5, 0x8e, 0x73, 0x08, 0x42, 0xa2, 0x10, 0x20, 0x00, 0x00, 0x00,
    0x00, 0x00, 0x00, 0x00, 0x00, 0x00, 0x0c, 0x63, 0x8e, 0x73, 0x8e, 0x73,
    0x8e, 0x73, 0xeb, 0x5a, 0x82, 0x10, 0x00, 0x00, 0x00, 0x00, 0x00, 0x00,
    0x00, 0x00, 0x00, 0x00, 0x00, 0x00, 0x21, 0x08, 0x29, 0x4a, 0x6e, 0x73,
    0x8e, 0x73, 0x8e, 0x73, 0x0c, 0x63, 0x82, 0x10, 0x00, 0x00, 0x00, 0x00,
    0x00, 0x00, 0x00, 0x00, 0x00, 0x00, 0x00, 0x00, 0x00, 0x00, 0x00, 0x00,
    0x00, 0x00, 0x00, 0x00, 0x00, 0x00, 0x00, 0x00, 0x00, 0x00, 0x00, 0x00,
    0x00, 0x00, 0x00, 0x00, 0x00, 0x00, 0x00, 0x00, 0x00, 0x00, 0x00, 0x00,
    0x00, 0x00, 0x00, 0x00, 0x00, 0x00, 0x00, 0x00, 0x00, 0x00, 0x00, 0x00,
    0x00, 0x00, 0x00, 0x00, 0x00, 0x00, 0x80, 0xfa, 0x80, 0xfa, 0x80, 0xfa,
    0x80, 0xfa, 0x80, 0xfa, 0x80, 0xfa, 0x80, 0xfa, 0x80, 0xfa, 0x80, 0xfa,
    0x80, 0xfa, 0x80, 0xfa, 0x80, 0xfa, 0x80, 0xfa, 0x80, 0xfa, 0x80, 0xfa,
    0x80, 0xfa, 0x80, 0xfa, 0x80, 0xfa, 0x80, 0xfa, 0x80, 0xfa, 0x80, 0xfa,
    0x80, 0xfa, 0x80, 0xfa, 0x80, 0xfa, 0x80, 0xfa, 0x60, 0xf2, 0xe0, 0x58,
    0x00, 0x08, 0x00, 0x00, 0x00, 0x00, 0x00, 0x00, 0x00, 0x00, 0x80, 0x30,
    0xa0, 0xb1, 0x80, 0xfa, 0x80, 0xfa, 0x80, 0xfa, 0x80, 0xfa, 0x80, 0xfa,
    0x80, 0xfa, 0x80, 0xfa, 0x80, 0xfa, 0x80, 0xfa, 0x80, 0xfa, 0x80, 0xfa,
    0x80, 0xfa, 0x80, 0xfa, 0x80, 0xfa, 0x80, 0xfa, 0x80, 0xfa, 0x80, 0xfa,
    0x80, 0xfa, 0x80, 0xfa, 0x80, 0xfa, 0x80, 0xfa, 0x80, 0xfa, 0x80, 0xfa,
    0x80, 0xfa, 0x80, 0xfa, 0x80, 0xfa, 0x80, 0xfa, 0x80, 0xfa, 0x80, 0xfa,
    0x80, 0xfa, 0x80, 0xfa, 0x80, 0xfa, 0x80, 0xfa, 0x80, 0xfa, 0x80, 0xfa,
    0x80, 0xfa, 0x80, 0xfa, 0x80, 0xfa, 0x80, 0xfa, 0x80, 0xfa, 0x80, 0xfa,
    0x80, 0xfa, 0x80, 0xfa, 0x80, 0xfa, 0x80, 0xfa, 0x80, 0xfa, 0x80, 0xfa,
    0x80, 0xfa, 0x80, 0xfa, 0x80, 0xfa, 0x80, 0xfa, 0x80, 0xfa, 0x80, 0xfa,
    0x80, 0xfa, 0x80, 0xfa, 0x80, 0xfa, 0x80, 0xfa, 0x80, 0xfa, 0x60, 0x20,
    0x00, 0x00, 0x00, 0x00, 0x00, 0x00, 0x00, 0x00, 0x00, 0x00, 0x00, 0x00,
    0x00, 0x00, 0x00, 0x00, 0x00, 0x00, 0x00, 0x00, 0x00, 0x00, 0x00, 0x00,
    0x00, 0x00, 0x00, 0x00, 0x00, 0x00, 0x00, 0x00, 0x00, 0x00, 0x00, 0x00,
    0x00, 0x00, 0x00, 0x00, 0x00, 0x00, 0x00, 0x00, 0x00, 0x00, 0x20, 0x00,
    0x82, 0x10, 0xe4, 0x20, 0x04, 0x21, 0x04, 0x21, 0x04, 0x21, 0xa2, 0x10,
    0x00, 0x00, 0x00, 0x00, 0x00, 0x00, 0x00, 0x00, 0x00, 0x00, 0x00, 0x00,
    0x00, 0x00, 0x00, 0x00, 0x21, 0x08, 0x82, 0x10, 0x82, 0x10, 0x82, 0x10,
    0x82, 0x10, 0x00, 0x00, 0x00, 0x00, 0x00, 0x00, 0x00, 0x00, 0x00, 0x00,
    0x00, 0x00, 0x00, 0x00, 0x21, 0x08, 0x82, 0x10, 0x82, 0x10, 0x82, 0x10,
    0x62, 0x10, 0x20, 0x00, 0x00, 0x00, 0x00, 0x00, 0x00, 0x00, 0x00, 0x00,
    0x00, 0x00, 0x00, 0x00, 0x00, 0x00, 0x41, 0x08, 0xe3, 0x18, 0x45, 0x29,
    0x66, 0x31, 0x45, 0x29, 0xe3, 0x18, 0x61, 0x08, 0x20, 0x00, 0x00, 0x00,
    0x00, 0x00, 0x00, 0x00, 0x00, 0x00, 0x00, 0x00, 0x00, 0x00, 0x00, 0x00,
    0x00, 0x00, 0x00, 0x00, 0x00, 0x00, 0x00, 0x00, 0x20, 0x00, 0x62, 0x10,
    0xe4, 0x20, 0x04, 0x21, 0x04, 0x21, 0x04, 0x21, 0xe3, 0x18, 0x82, 0x10,
    0x00, 0x00, 0x00, 0x00, 0x00, 0x00, 0x00, 0x00, 0x00, 0x00, 0x00, 0x00,
    0x00, 0x00, 0x00, 0x00, 0x00, 0x00, 0x00, 0x00, 0x00, 0x00, 0x00, 0x00,
    0x62, 0x10, 0xe4, 0x20, 0x04, 0x21, 0x04, 0x21, 0x04, 0x21, 0xe4, 0x20,
    0x82, 0x10, 0x00, 0x00, 0x00, 0x00, 0x00, 0x00, 0x00, 0x00, 0x00, 0x00,
    0x00, 0x00, 0x00, 0x00, 0x21, 0x08, 0x62, 0x10, 0x82, 0x10, 0x82, 0x10,
    0x82, 0x10, 0x82, 0x10, 0x82, 0x10, 0x82, 0x10, 0x82, 0x10, 0x82, 0x10,
    0x82, 0x10, 0x61, 0x08, 0x00, 0x00, 0x00, 0x00, 0x00, 0x00, 0x00, 0x00,
    0x00, 0x00, 0x00, 0x00, 0x00, 0x00, 0x00, 0x00, 0x00, 0x00, 0x00, 0x00,
    0x00, 0x00, 0x00, 0x00, 0x00, 0x00, 0x41, 0x08, 0xc3, 0x18, 0x24, 0x21,
    0x65, 0x29, 0x45, 0x29, 0x04, 0x21, 0x82, 0x10, 0x20, 0x00, 0x00, 0x00,
    0x00, 0x00, 0x00, 0x00, 0x00, 0x00, 0x00, 0x00, 0x00, 0x00, 0x62, 0x10,
    0x82, 0x10, 0x82, 0x10, 0x82, 0x10, 0x62, 0x10, 0x00, 0x00, 0x00, 0x00,
    0x00, 0x00, 0x00, 0x00, 0x00, 0x00, 0x00, 0x00, 0x00, 0x00, 0x00, 0x00,
    0x41, 0x08, 0x82, 0x10, 0x82, 0x10, 0x82, 0x10, 0x61, 0x08, 0x00, 0x00,
    0x00, 0x00, 0x00, 0x00, 0x00, 0x00, 0x00, 0x00, 0x00, 0x00, 0x00, 0x00,
    0x00, 0x00, 0x00, 0x00, 0x00, 0x00, 0x00, 0x00, 0x00, 0x00, 0x00, 0x00,
    0x00, 0x00, 0x00, 0x00, 0x00, 0x00, 0x00, 0x00, 0x00, 0x00, 0x00, 0x00,
    0x00, 0x00, 0x00, 0x00, 0x00, 0x00, 0x00, 0x00, 0x00, 0x00, 0x00, 0x00,
    0x00, 0x00, 0x00, 0x00, 0x00, 0x00, 0x00, 0x00, 0x00, 0x00, 0x80, 0xfa,
    0x80, 0xfa, 0x80, 0xfa, 0x80, 0xfa, 0x80, 0xfa, 0x80, 0xfa, 0x80, 0xfa,
    0x80, 0xfa, 0x80, 0xfa, 0x80, 0xfa, 0x80, 0xfa, 0x80, 0xfa, 0x80, 0xfa,
    0x80, 0xfa, 0x80, 0xfa, 0x80, 0xfa, 0x80, 0xfa, 0x80, 0xfa, 0x80, 0xfa,
    0x80, 0xfa, 0x80, 0xfa, 0x80, 0xfa, 0x80, 0xfa, 0x80, 0xfa, 0x80, 0xfa,
    0x80, 0xfa, 0xe0, 0xb9, 0x40, 0x18, 0x00, 0x00, 0x00, 0x00, 0x00, 0x00,
    0x00, 0x00, 0x00, 0x00, 0x80, 0x38, 0x00, 0xca, 0x80, 0xfa, 0x80, 0xfa,
    0x80, 0xfa, 0x80, 0xfa, 0x80, 0xfa, 0x80, 0xfa, 0x80, 0xfa, 0x80, 0xfa,
    0x80, 0xfa, 0x80, 0xfa, 0x80, 0xfa, 0x80, 0xfa, 0x80, 0xfa, 0x80, 0xfa,
    0x80, 0xfa, 0x80, 0xfa, 0x80, 0xfa, 0x80, 0xfa, 0x80, 0xfa, 0x80, 0xfa,
    0x80, 0xfa, 0x80, 0xfa, 0x80, 0xfa, 0x80, 0xfa, 0x80, 0xfa, 0x80, 0xfa,
    0x80, 0xfa, 0x80, 0xfa, 0x80, 0xfa, 0x80, 0xfa, 0x80, 0xfa, 0x80, 0xfa,
    0x80, 0xfa, 0x80, 0xfa, 0x80, 0xfa, 0x80, 0xfa, 0x80, 0xfa, 0x80, 0xfa,
    0x80, 0xfa, 0x80, 0xfa, 0x80, 0xfa, 0x80, 0xfa, 0x80, 0xfa, 0x80, 0xfa,
    0x80, 0xfa, 0x80, 0xfa, 0x80, 0xfa, 0x80, 0xfa, 0x80, 0xfa, 0x80, 0xfa,
    0x80, 0xfa, 0x80, 0xfa, 0x80, 0xfa, 0x80, 0xfa, 0x80, 0xfa, 0x80, 0xfa,
    0x80, 0xfa, 0x40, 0x20, 0x00, 0x00, 0x00, 0x00, 0x00, 0x00, 0x00, 0x00,
    0x00, 0x00, 0x00, 0x00, 0x00, 0x00, 0x00, 0x00, 0x00, 0x00, 0x00, 0x00,
    0x00, 0x00, 0x00, 0x00, 0x00, 0x00, 0x00, 0x00, 0x00, 0x00, 0x00, 0x00,
    0x00, 0x00, 0x00, 0x00, 0x00, 0x00, 0x00, 0x00, 0x00, 0x00, 0x00, 0x00,
    0x00, 0x00, 0x00, 0x00, 0x00, 0x00, 0x00, 0x00, 0x00, 0x00, 0x00, 0x00,
    0x00, 0x00, 0x00, 0x00, 0x00, 0x00, 0x00, 0x00, 0x00, 0x00, 0x00, 0x00,
    0x00, 0x00, 0x00, 0x00, 0x00, 0x00, 0x00, 0x00, 0x00, 0x00, 0x00, 0x00,
    0x00, 0x00, 0x00, 0x00, 0x00, 0x00, 0x00, 0x00, 0x00, 0x00, 0x00, 0x00,
    0x00, 0x00, 0x00, 0x00, 0x00, 0x00, 0x00, 0x00, 0x00, 0x00, 0x00, 0x00,
    0x00, 0x00, 0x00, 0x00, 0x00, 0x00, 0x00, 0x00, 0x00, 0x00, 0x00, 0x00,
    0x00, 0x00, 0x00, 0x00, 0x00, 0x00, 0x00, 0x00, 0x00, 0x00, 0x00, 0x00,
    0x00, 0x00, 0x00, 0x00, 0x00, 0x00, 0x00, 0x00, 0x00, 0x00, 0x00, 0x00,
    0x00, 0x00, 0x00, 0x00, 0x00, 0x00, 0x00, 0x00, 0x00, 0x00, 0x00, 0x00,
    0x00, 0x00, 0x00, 0x00, 0x00, 0x00, 0x00, 0x00, 0x00, 0x00, 0x00, 0x00,
    0x00, 0x00, 0x00, 0x00, 0x00, 0x00, 0x00, 0x00, 0x00, 0x00, 0x00, 0x00,
    0x00, 0x00, 0x00, 0x00, 0x00, 0x00, 0x00, 0x00, 0x00, 0x00, 0x00, 0x00,
    0x00, 0x00, 0x00, 0x00, 0x00, 0x00, 0x00, 0x00, 0x00, 0x00, 0x00, 0x00,
    0x00, 0x00, 0x00, 0x00, 0x00, 0x00, 0x00, 0x00, 0x00, 0x00, 0x00, 0x00,
    0x00, 0x00, 0x00, 0x00, 0x00, 0x00, 0x00, 0x00, 0x00, 0x00, 0x00, 0x00,
    0x00, 0x00, 0x00, 0x00, 0x00, 0x00, 0x00, 0x00, 0x00, 0x00, 0x00, 0x00,
    0x00, 0x00, 0x00, 0x00, 0x00, 0x00, 0x00, 0x00, 0x00, 0x00, 0x00, 0x00,
    0x00, 0x00, 0x00, 0x00, 0x00, 0x00, 0x00, 0x00, 0x00, 0x00, 0x00, 0x00,
    0x00, 0x00, 0x00, 0x00, 0x00, 0x00, 0x00, 0x00, 0x00, 0x00, 0x00, 0x00,
    0x00, 0x00, 0x00, 0x00, 0x00, 0x00, 0x00, 0x00, 0x00, 0x00, 0x00, 0x00,
    0x00, 0x00, 0x00, 0x00, 0x00, 0x00, 0x00, 0x00, 0x00, 0x00, 0x00, 0x00,
    0x00, 0x00, 0x00, 0x00, 0x00, 0x00, 0x00, 0x00, 0x00, 0x00, 0x00, 0x00,
    0x00, 0x00, 0x00, 0x00, 0x00, 0x00, 0x00, 0x00, 0x00, 0x00, 0x00, 0x00,
    0x00, 0x00, 0x00, 0x00, 0x00, 0x00, 0x00, 0x00, 0x00, 0x00, 0x00, 0x00,
    0x00, 0x00, 0x00, 0x00, 0x00, 0x00, 0x00, 0x00, 0x00, 0x00, 0x00, 0x00,
    0x00, 0x00, 0x00, 0x00, 0x00, 0x00, 0x00, 0x00, 0x00, 0x00, 0x00, 0x00,
    0x00, 0x00, 0x00, 0x00, 0x00, 0x00, 0x00, 0x00, 0x00, 0x00, 0x00, 0x00,
    0x00, 0x00, 0x00, 0x00, 0x00, 0x00, 0x00, 0x00, 0x00, 0x00, 0x00, 0x00,
    0x00, 0x00, 0x00, 0x00, 0x00, 0x00, 0x00, 0x00, 0x00, 0x00, 0x00, 0x00,
    0x00, 0x00, 0x00, 0x00, 0x00, 0x00, 0x00, 0x00, 0x00, 0x00, 0x00, 0x00,
    0x00, 0x00, 0x80, 0xfa, 0x80, 0xfa, 0x80, 0xfa, 0x80, 0xfa, 0x80, 0xfa,
    0x80, 0xfa, 0x80, 0xfa, 0x80, 0xfa, 0x80, 0xfa, 0x80, 0xfa, 0x80, 0xfa,
    0x80, 0xfa, 0x80, 0xfa, 0x80, 0xfa, 0x80, 0xfa, 0x80, 0xfa, 0x80, 0xfa,
    0x80, 0xfa, 0x80, 0xfa, 0x80, 0xfa, 0x80, 0xfa, 0x80, 0xfa, 0x80, 0xfa,
    0x80, 0xfa, 0x80, 0xfa, 0x80, 0xfa, 0x80, 0xfa, 0xc0, 0x58, 0x20, 0x08,
    0x00, 0x00, 0x00, 0x00, 0x00, 0x00, 0x00, 0x00, 0x00, 0x00, 0xc0, 0x50,
    0x00, 0xd2, 0x80, 0xfa, 0x80, 0xfa, 0x80, 0xfa, 0x80, 0xfa, 0x80, 0xfa,
    0x80, 0xfa, 0x80, 0xfa, 0x80, 0xfa, 0x80, 0xfa, 0x80, 0xfa, 0x80, 0xfa,
    0x80, 0xfa, 0x80, 0xfa, 0x80, 0xfa, 0x80, 0xfa, 0x80, 0xfa, 0x80, 0xfa,
    0x80, 0xfa, 0x80, 0xfa, 0x80, 0xfa, 0x80, 0xfa, 0x80, 0xfa, 0x80, 0xfa,
    0x80, 0xfa, 0x80, 0xfa, 0x80, 0xfa, 0x80, 0xfa, 0x80, 0xfa, 0x80, 0xfa,
    0x80, 0xfa, 0x80, 0xfa, 0x80, 0xfa, 0x80, 0xfa, 0x80, 0xfa, 0x80, 0xfa,
    0x80, 0xfa, 0x80, 0xfa, 0x80, 0xfa, 0x80, 0xfa, 0x80, 0xfa, 0x80, 0xfa,
    0x80, 0xfa, 0x80, 0xfa, 0x80, 0xfa, 0x80, 0xfa, 0x80, 0xfa, 0x80, 0xfa,
    0x80, 0xfa, 0x80, 0xfa, 0x80, 0xfa, 0x80, 0xfa, 0x80, 0xfa, 0x80, 0xfa,
    0x80, 0xfa, 0x80, 0xfa, 0x80, 0xfa, 0x60, 0x20, 0x00, 0x00, 0x00, 0x00,
    0x00, 0x00, 0x00, 0x00, 0x00, 0x00, 0x00, 0x00, 0x00, 0x00, 0x00, 0x00,
    0x00, 0x00, 0x00, 0x00, 0x00, 0x00, 0x00, 0x00, 0x00, 0x00, 0x00, 0x00,
    0x00, 0x00, 0x00, 0x00, 0x00, 0x00, 0x00, 0x00, 0x00, 0x00, 0x00, 0x00,
    0x00, 0x00, 0x00, 0x00, 0x00, 0x00, 0x00, 0x00, 0x00, 0x00, 0x00, 0x00,
    0x00, 0x00, 0x00, 0x00, 0x00, 0x00, 0x00, 0x00, 0x00, 0x00, 0x00, 0x00,
    0x00, 0x00, 0x00, 0x00, 0x00, 0x00, 0x00, 0x00, 0x00, 0x00, 0x00, 0x00,
    0x00, 0x00, 0x00, 0x00, 0x00, 0x00, 0x00, 0x00, 0x00, 0x00, 0x00, 0x00,
    0x00, 0x00, 0x00, 0x00, 0x00, 0x00, 0x00, 0x00, 0x00, 0x00, 0x00, 0x00,
    0x00, 0x00, 0x00, 0x00, 0x00, 0x00, 0x00, 0x00, 0x00, 0x00, 0x00, 0x00,
    0x00, 0x00, 0x00, 0x00, 0x00, 0x00, 0x00, 0x00, 0x00, 0x00, 0x00, 0x00,
    0x00, 0x00, 0x00, 0x00, 0x00, 0x00, 0x00, 0x00, 0x00, 0x00, 0x00, 0x00,
    0x00, 0x00, 0x00, 0x00, 0x00, 0x00, 0x00, 0x00, 0x00, 0x00, 0x00, 0x00,
    0x00, 0x00, 0x00, 0x00, 0x00, 0x00, 0x00, 0x00, 0x00, 0x00, 0x00, 0x00,
    0x00, 0x00, 0x00, 0x00, 0x00, 0x00, 0x00, 0x00, 0x00, 0x00, 0x00, 0x00,
    0x00, 0x00, 0x00, 0x00, 0x00, 0x00, 0x00, 0x00, 0x00, 0x00, 0x00, 0x00,
    0x00, 0x00, 0x00, 0x00, 0x00, 0x00, 0x00, 0x00, 0x00, 0x00, 0x00, 0x00,
    0x00, 0x00, 0x00, 0x00, 0x00, 0x00, 0x00, 0x00, 0x00, 0x00, 0x00, 0x00,
    0x00, 0x00, 0x00, 0x00, 0x00, 0x00, 0x00, 0x00, 0x00, 0x00, 0x00, 0x00,
    0x00, 0x00, 0x00, 0x00, 0x00, 0x00, 0x00, 0x00, 0x00, 0x00, 0x00, 0x00,
    0x00, 0x00, 0x00, 0x00, 0x00, 0x00, 0x00, 0x00, 0x00, 0x00, 0x00, 0x00,
    0x00, 0x00, 0x00, 0x00, 0x00, 0x00, 0x00, 0x00, 0x00, 0x00, 0x00, 0x00,
    0x00, 0x00, 0x00, 0x00, 0x00, 0x00, 0x00, 0x00, 0x00, 0x00, 0x00, 0x00,
    0x00, 0x00, 0x00, 0x00, 0x00, 0x00, 0x00, 0x00, 0x00, 0x00, 0x00, 0x00,
    0x00, 0x00, 0x00, 0x00, 0x00, 0x00, 0x00, 0x00, 0x00, 0x00, 0x00, 0x00,
    0x00, 0x00, 0x00, 0x00, 0x00, 0x00, 0x00, 0x00, 0x00, 0x00, 0x00, 0x00,
    0x00, 0x00, 0x00, 0x00, 0x00, 0x00, 0x00, 0x00, 0x00, 0x00, 0x00, 0x00,
    0x00, 0x00, 0x00, 0x00, 0x00, 0x00, 0x00, 0x00, 0x00, 0x00, 0x00, 0x00,
    0x00, 0x00, 0x00, 0x00, 0x00, 0x00, 0x00, 0x00, 0x00, 0x00, 0x00, 0x00,
    0x00, 0x00, 0x00, 0x00, 0x00, 0x00, 0x00, 0x00, 0x00, 0x00, 0x00, 0x00,
    0x00, 0x00, 0x00, 0x00, 0x00, 0x00, 0x00, 0x00, 0x00, 0x00, 0x00, 0x00,
    0x00, 0x00, 0x00, 0x00, 0x00, 0x00, 0x00, 0x00, 0x00, 0x00, 0x00, 0x00,
    0x00, 0x00, 0x00, 0x00, 0x00, 0x00, 0x00, 0x00, 0x00, 0x00, 0x00, 0x00,
    0x00, 0x00, 0x00, 0x00, 0x00, 0x00, 0x00, 0x00, 0x00, 0x00, 0x00, 0x00,
    0x00, 0x00, 0x00, 0x00, 0x00, 0x00, 0x80, 0xfa, 0x80, 0xfa, 0x80, 0xfa,
    0x80, 0xfa, 0x80, 0xfa, 0x80, 0xfa, 0x80, 0xfa, 0x80, 0xfa, 0x80, 0xfa,
    0x80, 0xfa, 0x80, 0xfa, 0x80, 0xfa, 0x80, 0xfa, 0x80, 0xfa, 0x80, 0xfa,
    0x80, 0xfa, 0x80, 0xfa, 0x80, 0xfa, 0x80, 0xfa, 0x80, 0xfa, 0x80, 0xfa,
    0x80, 0xfa, 0x80, 0xfa, 0x80, 0xfa, 0x80, 0xfa, 0x80, 0xfa, 0x80, 0xfa,
    0x40, 0xe2, 0x60, 0x28, 0x00, 0x00, 0x00, 0x00, 0x00, 0x00, 0x00, 0x00,
    0x00, 0x00, 0x00, 0x00, 0x80, 0x30, 0xe0, 0xc1, 0x80, 0xfa, 0x80, 0xfa,
    0x80, 0xfa, 0x80, 0xfa, 0x80, 0xfa, 0x80, 0xfa, 0x80, 0xfa, 0x80, 0xfa,
    0x80, 0xfa, 0x80, 0xfa, 0x80, 0xfa, 0x80, 0xfa, 0x80, 0xfa, 0x80, 0xfa,
    0x80, 0xfa, 0x80, 0xfa, 0x80, 0xfa, 0x80, 0xfa, 0x80, 0xfa, 0x80, 0xfa,
    0x00, 0xd2, 0xa0, 0x48, 0xe0, 0xc1, 0x80, 0xfa, 0x80, 0xfa, 0x80, 0xfa,
    0x80, 0xfa, 0x80, 0xfa, 0x80, 0xfa, 0x80, 0xfa, 0x80, 0xfa, 0x80, 0xfa,
    0x80, 0xfa, 0x80, 0xfa, 0x80, 0xfa, 0x80, 0xfa, 0x80, 0xfa, 0x80, 0xfa,
    0x80, 0xfa, 0x80, 0xfa, 0x80, 0xfa, 0x80, 0xfa, 0x80, 0xfa, 0x80, 0xfa,
    0x80, 0xfa, 0x80, 0xfa, 0x80, 0xfa, 0x80, 0xfa, 0x80, 0xfa, 0x80, 0xfa,
    0x80, 0xfa, 0x80, 0xfa, 0x80, 0xfa, 0x80, 0xfa, 0x80, 0xfa, 0x40, 0x20,
    0x00, 0x00, 0x00, 0x00, 0x00, 0x00, 0x00, 0x00, 0x00, 0x00, 0x00, 0x00,
    0x00, 0x00, 0x00, 0x00, 0x00, 0x00, 0x00, 0x00, 0x00, 0x00, 0x00, 0x00,
    0x00, 0x00, 0x00, 0x00, 0x00, 0x00, 0x00, 0x00, 0x00, 0x00, 0x00, 0x00,
    0x00, 0x00, 0x00, 0x00, 0x00, 0x00, 0x00, 0x00, 0x00, 0x00, 0x00, 0x00,
    0x00, 0x00, 0x00, 0x00, 0x00, 0x00, 0x00, 0x00, 0x00, 0x00, 0x00, 0x00,
    0x00, 0x00, 0x00, 0x00, 0x00, 0x00, 0x00, 0x00, 0x00, 0x00, 0x00, 0x00,
    0x00, 0x00, 0x00, 0x00, 0x00, 0x00, 0x00, 0x00, 0x00, 0x00, 0x00, 0x00,
    0x00, 0x00, 0x00, 0x00, 0x00, 0x00, 0x00, 0x00, 0x00, 0x00, 0x00, 0x00,
    0x00, 0x00, 0x00, 0x00, 0x00, 0x00, 0x00, 0x00, 0x00, 0x00, 0x00, 0x00,
    0x00, 0x00, 0x00, 0x00, 0x00, 0x00, 0x00, 0x00, 0x00, 0x00, 0x00, 0x00,
    0x00, 0x00, 0x00, 0x00, 0x00, 0x00, 0x00, 0x00, 0x00, 0x00, 0x00, 0x00,
    0x00, 0x00, 0x00, 0x00, 0x00, 0x00, 0x00, 0x00, 0x00, 0x00, 0x00, 0x00,
    0x00, 0x00, 0x00, 0x00, 0x00, 0x00, 0x00, 0x00, 0x00, 0x00, 0x00, 0x00,
    0x00, 0x00, 0x00, 0x00, 0x00, 0x00, 0x00, 0x00, 0x00, 0x00, 0x00, 0x00,
    0x00, 0x00, 0x00, 0x00, 0x00, 0x00, 0x00, 0x00, 0x00, 0x00, 0x00, 0x00,
    0x00, 0x00, 0x00, 0x00, 0x00, 0x00, 0x00, 0x00, 0x00, 0x00, 0x00, 0x00,
    0x00, 0x00, 0x00, 0x00, 0x00, 0x00, 0x00, 0x00, 0x00, 0x00, 0x00, 0x00,
    0x00, 0x00, 0x00, 0x00, 0x00, 0x00, 0x00, 0x00, 0x00, 0x00, 0x00, 0x00,
    0x00, 0x00, 0x00, 0x00, 0x00, 0x00, 0x00, 0x00, 0x00, 0x00, 0x00, 0x00,
    0x00, 0x00, 0x00, 0x00, 0x00, 0x00, 0x00, 0x00, 0x00, 0x00, 0x00, 0x00,
    0x00, 0x00, 0x00, 0x00, 0x00, 0x00, 0x00, 0x00, 0x00, 0x00, 0x00, 0x00,
    0x00, 0x00, 0x00, 0x00, 0x00, 0x00, 0x00, 0x00, 0x00, 0x00, 0x00, 0x00,
    0x00, 0x00, 0x00, 0x00, 0x00, 0x00, 0x00, 0x00, 0x00, 0x00, 0x00, 0x00,
    0x00, 0x00, 0x00, 0x00, 0x00, 0x00, 0x00, 0x00, 0x00, 0x00, 0x00, 0x00,
    0x00, 0x00, 0x00, 0x00, 0x00, 0x00, 0x00, 0x00, 0x00, 0x00, 0x00, 0x00,
    0x00, 0x00, 0x00, 0x00, 0x00, 0x00, 0x00, 0x00, 0x00, 0x00, 0x00, 0x00,
    0x00, 0x00, 0x00, 0x00, 0x00, 0x00, 0x00, 0x00, 0x00, 0x00, 0x00, 0x00,
    0x00, 0x00, 0x00, 0x00, 0x00, 0x00, 0x00, 0x00, 0x00, 0x00, 0x00, 0x00,
    0x00, 0x00, 0x00, 0x00, 0x00, 0x00, 0x00, 0x00, 0x00, 0x00, 0x00, 0x00,
    0x00, 0x00, 0x00, 0x00, 0x00, 0x00, 0x00, 0x00, 0x00, 0x00, 0x00, 0x00,
    0x00, 0x00, 0x00, 0x00, 0x00, 0x00, 0x00, 0x00, 0x00, 0x00, 0x00, 0x00,
    0x00, 0x00, 0x00, 0x00, 0x00, 0x00, 0x00, 0x00, 0x00, 0x00, 0x00, 0x00,
    0x00, 0x00, 0x00, 0x00, 0x00, 0x00, 0x00, 0x00, 0x00, 0x00, 0x00, 0x00,
    0x00, 0x00, 0x00, 0x00, 0x00, 0x00, 0x00, 0x00, 0x00, 0x00, 0x80, 0xfa,
    0x80, 0xfa, 0x80, 0xfa, 0x80, 0xfa, 0x80, 0xfa, 0x80, 0xfa, 0x80, 0xfa,
    0x80, 0xfa, 0x80, 0xfa, 0x80, 0xfa, 0x80, 0xfa, 0x80, 0xfa, 0x80, 0xfa,
    0x80, 0xfa, 0x80, 0xfa, 0x80, 0xfa, 0x80, 0xfa, 0x80, 0xfa, 0x80, 0xfa,
    0x80, 0xfa, 0x80, 0xfa, 0x80, 0xfa, 0x80, 0xfa, 0x80, 0xfa, 0x80, 0xfa,
    0x80, 0xfa, 0x80, 0xfa, 0x80, 0xfa, 0xe0, 0xc1, 0x20, 0x10, 0x00, 0x00,
    0x00, 0x00, 0x00, 0x00, 0x00, 0x00, 0x00, 0x00, 0x00, 0x00, 0x80, 0x30,
    0x80, 0x99, 0x40, 0xea, 0x80, 0xfa, 0x80, 0xfa, 0x80, 0xfa, 0x80, 0xfa,
    0x80, 0xfa, 0x80, 0xfa, 0x80, 0xfa, 0x80, 0xfa, 0x80, 0xfa, 0x80, 0xfa,
    0x80, 0xfa, 0x80, 0xfa, 0x80, 0xfa, 0x80, 0xfa, 0x80, 0xfa, 0x60, 0xfa,
    0x60, 0xea, 0x60, 0x91, 0x40, 0x20, 0x00, 0x00, 0x20, 0x10, 0xe0, 0xc1,
    0x60, 0xfa, 0x80, 0xfa, 0x80, 0xfa, 0x80, 0xfa, 0x80, 0xfa, 0x80, 0xfa,
    0x80, 0xfa, 0x80, 0xfa, 0x80, 0xfa, 0x80, 0xfa, 0x80, 0xfa, 0x80, 0xfa,
    0x80, 0xfa, 0x80, 0xfa, 0x80, 0xfa, 0x80, 0xfa, 0x80, 0xfa, 0x80, 0xfa,
    0x80, 0xfa, 0x80, 0xfa, 0x80, 0xfa, 0x80, 0xfa, 0x80, 0xfa, 0x80, 0xfa,
    0x80, 0xfa, 0x80, 0xfa, 0x80, 0xfa, 0x80, 0xfa, 0x80, 0xfa, 0x80, 0xfa,
    0x80, 0xfa, 0x60, 0x20, 0x00, 0x00, 0x00, 0x00, 0x00, 0x00, 0x00, 0x00,
    0x00, 0x00, 0x00, 0x00, 0x00, 0x00, 0x00, 0x00, 0x00, 0x00, 0x00, 0x00,
    0x00, 0x00, 0x00, 0x00, 0x00, 0x00, 0x00, 0x00, 0x00, 0x00, 0x00, 0x00,
    0x00, 0x00, 0x00, 0x00, 0x00, 0x00, 0x00, 0x00, 0x00, 0x00, 0x00, 0x00,
    0x00, 0x00, 0x00, 0x00, 0x00, 0x00, 0x00, 0x00, 0x00, 0x00, 0x00, 0x00,
    0x00, 0x00, 0x00, 0x00, 0x00, 0x00, 0x00, 0x00, 0x00, 0x00, 0x00, 0x00,
    0x00, 0x00, 0x00, 0x00, 0x00, 0x00, 0x00, 0x00, 0x00, 0x00, 0x00, 0x00,
    0x00, 0x00, 0x00, 0x00, 0x00, 0x00, 0x00, 0x00, 0x00, 0x00, 0x00, 0x00,
    0x00, 0x00, 0x00, 0x00, 0x00, 0x00, 0x00, 0x00, 0x00, 0x00, 0x00, 0x00,
    0x00, 0x00, 0x00, 0x00, 0x00, 0x00, 0x00, 0x00, 0x00, 0x00, 0x00, 0x00,
    0x00, 0x00, 0x00, 0x00, 0x00, 0x00, 0x00, 0x00, 0x00, 0x00, 0x00, 0x00,
    0x00, 0x00, 0x00, 0x00, 0x00, 0x00, 0x00, 0x00, 0x00, 0x00, 0x00, 0x00,
    0x00, 0x00, 0x00, 0x00, 0x00, 0x00, 0x00, 0x00, 0x00, 0x00, 0x00, 0x00,
    0x00, 0x00, 0x00, 0x00, 0x00, 0x00, 0x00, 0x00, 0x00, 0x00, 0x00, 0x00,
    0x00, 0x00, 0x00, 0x00, 0x00, 0x00, 0x00, 0x00, 0x00, 0x00, 0x00, 0x00,
    0x00, 0x00, 0x00, 0x00, 0x00, 0x00, 0x00, 0x00, 0x00, 0x00, 0x00, 0x00,
    0x00, 0x00, 0x00, 0x00, 0x00, 0x00, 0x00, 0x00, 0x00, 0x00, 0x00, 0x00,
    0x00, 0x00, 0x00, 0x00, 0x00, 0x00, 0x00, 0x00, 0x00, 0x00, 0x00, 0x00,
    0x00, 0x00, 0x00, 0x00, 0x00, 0x00, 0x00, 0x00, 0x00, 0x00, 0x00, 0x00,
    0x00, 0x00, 0x00, 0x00, 0x00, 0x00, 0x00, 0x00, 0x00, 0x00, 0x00, 0x00,
    0x00, 0x00, 0x00, 0x00, 0x00, 0x00, 0x00, 0x00, 0x00, 0x00, 0x00, 0x00,
    0x00, 0x00, 0x00, 0x00, 0x00, 0x00, 0x00, 0x00, 0x00, 0x00, 0x00, 0x00,
    0x00, 0x00, 0x00, 0x00, 0x00, 0x00, 0x00, 0x00, 0x00, 0x00, 0x00, 0x00,
    0x00, 0x00, 0x00, 0x00, 0x00, 0x00, 0x00, 0x00, 0x00, 0x00, 0x00, 0x00,
    0x00, 0x00, 0x00, 0x00, 0x00, 0x00, 0x00, 0x00, 0x00, 0x00, 0x00, 0x00,
    0x00, 0x00, 0x00, 0x00, 0x00, 0x00, 0x00, 0x00, 0x00, 0x00, 0x00, 0x00,
    0x00, 0x00, 0x00, 0x00, 0x00, 0x00, 0x00, 0x00, 0x00, 0x00, 0x00, 0x00,
    0x00, 0x00, 0x00, 0x00, 0x00, 0x00, 0x00, 0x00, 0x00, 0x00, 0x00, 0x00,
    0x00, 0x00, 0x00, 0x00, 0x00, 0x00, 0x00, 0x00, 0x00, 0x00, 0x00, 0x00,
    0x00, 0x00, 0x00, 0x00, 0x00, 0x00, 0x00, 0x00, 0x00, 0x00, 0x00, 0x00,
    0x00, 0x00, 0x00, 0x00, 0x00, 0x00, 0x00, 0x00, 0x00, 0x00, 0x00, 0x00,
    0x00, 0x00, 0x00, 0x00, 0x00, 0x00, 0x00, 0x00, 0x00, 0x00, 0x00, 0x00,
    0x00, 0x00, 0x00, 0x00, 0x00, 0x00, 0x00, 0x00, 0x00, 0x00, 0x00, 0x00,
    0x00, 0x00, 0x00, 0x00, 0x00, 0x00, 0x00, 0x00, 0x00, 0x00, 0x00, 0x00,
    0x00, 0x00, 0x80, 0xfa, 0x80, 0xfa, 0x80, 0xfa, 0x80, 0xfa, 0x80, 0xfa,
    0x80, 0xfa, 0x80, 0xfa, 0x80, 0xfa, 0x80, 0xfa, 0x80, 0xfa, 0x80, 0xfa,
    0x80, 0xfa, 0x80, 0xfa, 0x80, 0xfa, 0x80, 0xfa, 0x80, 0xfa, 0x80, 0xfa,
    0x80, 0xfa, 0x80, 0xfa, 0x80, 0xfa, 0x80, 0xfa, 0x80, 0xfa, 0x80, 0xfa,
    0x80, 0xfa, 0x80, 0xfa, 0x80, 0xfa, 0x80, 0xfa, 0x80, 0xfa, 0x80, 0xfa,
    0x40, 0x89, 0x20, 0x10, 0x00, 0x00, 0x00, 0x00, 0x00, 0x00, 0x00, 0x00,
    0x00, 0x00, 0x00, 0x00, 0x20, 0x10, 0xe0, 0x60, 0xe0, 0xc1, 0x60, 0xf2,
    0x80, 0xfa, 0x80, 0xfa, 0x80, 0xfa, 0x80, 0xfa, 0x80, 0xfa, 0x80, 0xfa,
    0x80, 0xfa, 0x80, 0xfa, 0x80, 0xfa, 0x80, 0xfa, 0x80, 0xfa, 0x60, 0xfa,
    0x40, 0xea, 0xc0, 0xb1, 0xa0, 0x48, 0x20, 0x08, 0x00, 0x00, 0x00, 0x00,
    0x00, 0x00, 0x20, 0x10, 0xe0, 0xc1, 0x80, 0xfa, 0x80, 0xfa, 0x80, 0xfa,
    0x80, 0xfa, 0x80, 0xfa, 0x80, 0xfa, 0x80, 0xfa, 0x80, 0xfa, 0x80, 0xfa,
    0x80, 0xfa, 0x80, 0xfa, 0x80, 0xfa, 0x80, 0xfa, 0x80, 0xfa, 0x80, 0xfa,
    0x80, 0xfa, 0x80, 0xfa, 0x80, 0xfa, 0x80, 0xfa, 0x80, 0xfa, 0x80, 0xfa,
    0x80, 0xfa, 0x80, 0xfa, 0x80, 0xfa, 0x80, 0xfa, 0x80, 0xfa, 0x80, 0xfa,
    0x80, 0xfa, 0x80, 0xfa, 0x80, 0xfa, 0x40, 0x20, 0x00, 0x00, 0x00, 0x00,
    0x00, 0x00, 0x00, 0x00, 0x00, 0x00, 0x00, 0x00, 0x00, 0x00, 0x00, 0x00,
    0x00, 0x00, 0x00, 0x00, 0x00, 0x00, 0x00, 0x00, 0x00, 0x00, 0x00, 0x00,
    0x00, 0x00, 0x00, 0x00, 0x00, 0x00, 0x00, 0x00, 0x00, 0x00, 0x00, 0x00,
    0x00, 0x00, 0x00, 0x00, 0x00, 0x00, 0x00, 0x00, 0x00, 0x00, 0x00, 0x00,
    0x00, 0x00, 0x00, 0x00, 0x00, 0x00, 0x00, 0x00, 0x00, 0x00, 0x00, 0x00,
    0x00, 0x00, 0x00, 0x00, 0x00, 0x00, 0x00, 0x00, 0x00, 0x00, 0x00, 0x00,
    0x00, 0x00, 0x00, 0x00, 0x00, 0x00, 0x00, 0x00, 0x00, 0x00, 0x00, 0x00,
    0x00, 0x00, 0x00, 0x00, 0x00, 0x00, 0x00, 0x00, 0x00, 0x00, 0x00, 0x00,
    0x00, 0x00, 0x00, 0x00, 0x00, 0x00, 0x00, 0x00, 0x00, 0x00, 0x00, 0x00,
    0x00, 0x00, 0x00, 0x00, 0x00, 0x00, 0x00, 0x00, 0x00, 0x00, 0x00, 0x00,
    0x00, 0x00, 0x00, 0x00, 0x00, 0x00, 0x00, 0x00, 0x00, 0x00, 0x00, 0x00,
    0x00, 0x00, 0x00, 0x00, 0x00, 0x00, 0x00, 0x00, 0x00, 0x00, 0x00, 0x00,
    0x00, 0x00, 0x00, 0x00, 0x00, 0x00, 0x00, 0x00, 0x00, 0x00, 0x00, 0x00,
    0x00, 0x00, 0x00, 0x00, 0x00, 0x00, 0x00, 0x00, 0x00, 0x00, 0x00, 0x00,
    0x00, 0x00, 0x00, 0x00, 0x00, 0x00, 0x00, 0x00, 0x00, 0x00, 0x00, 0x00,
    0x00, 0x00, 0x00, 0x00, 0x00, 0x00, 0x00, 0x00, 0x00, 0x00, 0x00, 0x00,
    0x00, 0x00, 0x00, 0x00, 0x00, 0x00, 0x00, 0x00, 0x00, 0x00, 0x00, 0x00,
    0x00, 0x00, 0x00, 0x00, 0x00, 0x00, 0x00, 0x00, 0x00, 0x00, 0x00, 0x00,
    0x00, 0x00, 0x00, 0x00, 0x00, 0x00, 0x00, 0x00, 0x00, 0x00, 0x00, 0x00,
    0x00, 0x00, 0x00, 0x00, 0x00, 0x00, 0x00, 0x00, 0x00, 0x00, 0x00, 0x00,
    0x00, 0x00, 0x00, 0x00, 0x00, 0x00, 0x00, 0x00, 0x00, 0x00, 0x00, 0x00,
    0x00, 0x00, 0x00, 0x00, 0x00, 0x00, 0x00, 0x00, 0x00, 0x00, 0x00, 0x00,
    0x00, 0x00, 0x00, 0x00, 0x00, 0x00, 0x00, 0x00, 0x00, 0x00, 0x00, 0x00,
    0x00, 0x00, 0x00, 0x00, 0x00, 0x00, 0x00, 0x00, 0x00, 0x00, 0x00, 0x00,
    0x00, 0x00, 0x00, 0x00, 0x00, 0x00, 0x00, 0x00, 0x00, 0x00, 0x00, 0x00,
    0x00, 0x00, 0x00, 0x00, 0x00, 0x00, 0x00, 0x00, 0x00, 0x00, 0x00, 0x00,
    0x00, 0x00, 0x00, 0x00, 0x00, 0x00, 0x00, 0x00, 0x00, 0x00, 0x00, 0x00,
    0x00, 0x00, 0x00, 0x00, 0x00, 0x00, 0x00, 0x00, 0x00, 0x00, 0x00, 0x00,
    0x00, 0x00, 0x00, 0x00, 0x00, 0x00, 0x00, 0x00, 0x00, 0x00, 0x00, 0x00,
    0x00, 0x00, 0x00, 0x00, 0x00, 0x00, 0x00, 0x00, 0x00, 0x00, 0x00, 0x00,
    0x00, 0x00, 0x00, 0x00, 0x00, 0x00, 0x00, 0x00, 0x00, 0x00, 0x00, 0x00,
    0x00, 0x00, 0x00, 0x00, 0x00, 0x00, 0x00, 0x00, 0x00, 0x00, 0x00, 0x00,
    0x00, 0x00, 0x00, 0x00, 0x00, 0x00, 0x00, 0x00, 0x00, 0x00, 0x00, 0x00,
    0x00, 0x00, 0x00, 0x00, 0x00, 0x00, 0x80, 0xfa, 0x80, 0xfa, 0x80, 0xfa,
    0x80, 0xfa, 0x80, 0xfa, 0x80, 0xfa, 0x80, 0xfa, 0x80, 0xfa, 0x80, 0xfa,
    0x80, 0xfa, 0x80, 0xfa, 0x80, 0xfa, 0x80, 0xfa, 0x80, 0xfa, 0x80, 0xfa,
    0x80, 0xfa, 0x80, 0xfa, 0x80, 0xfa, 0x80, 0xfa, 0x80, 0xfa, 0x80, 0xfa,
    0x80, 0xfa, 0x80, 0xfa, 0x80, 0xfa, 0x80, 0xfa, 0x80, 0xfa, 0x80, 0xfa,
    0x80, 0xfa, 0x80, 0xfa, 0x80, 0xfa, 0x60, 0x89, 0x60, 0x20, 0x00, 0x00,
    0x00, 0x00, 0x00, 0x00, 0x00, 0x00, 0x00, 0x00, 0x00, 0x00, 0x00, 0x00,
    0x20, 0x18, 0xe0, 0x60, 0x80, 0xa1, 0x00, 0xca, 0x20, 0xda, 0x40, 0xea,
    0x60, 0xf2, 0x60, 0xfa, 0x80, 0xfa, 0x60, 0xf2, 0x40, 0xea, 0x20, 0xda,
    0xe0, 0xc1, 0x60, 0x89, 0xa0, 0x40, 0x20, 0x08, 0x00, 0x00, 0x00, 0x00,
    0x00, 0x00, 0x00, 0x00, 0x00, 0x00, 0x00, 0x00, 0x60, 0x20, 0xa0, 0xa9,
    0x80, 0xfa, 0x80, 0xfa, 0x80, 0xfa, 0x80, 0xfa, 0x80, 0xfa, 0x80, 0xfa,
    0x80, 0xfa, 0x80, 0xfa, 0x80, 0xfa, 0x80, 0xfa, 0x80, 0xfa, 0x80, 0xfa,
    0x80, 0xfa, 0x80, 0xfa, 0x80, 0xfa, 0x80, 0xfa, 0x80, 0xfa, 0x80, 0xfa,
    0x80, 0xfa, 0x80, 0xfa, 0x80, 0xfa, 0x80, 0xfa, 0x80, 0xfa, 0x80, 0xfa,
    0x80, 0xfa, 0x80, 0xfa, 0x80, 0xfa, 0x80, 0xfa, 0x80, 0xfa, 0x40, 0x20,
    0x00, 0x00, 0x00, 0x00, 0x00, 0x00, 0x00, 0x00, 0x00, 0x00, 0x00, 0x00,
    0x00, 0x00, 0x00, 0x00, 0x00, 0x00, 0x00, 0x00, 0x00, 0x00, 0x00, 0x00,
    0x00, 0x00, 0x00, 0x00, 0x00, 0x00, 0x00, 0x00, 0x00, 0x00, 0x00, 0x00,
    0x00, 0x00, 0x00, 0x00, 0x00, 0x00, 0x00, 0x00, 0x00, 0x00, 0x00, 0x00,
    0x00, 0x00, 0x00, 0x00, 0x00, 0x00, 0x00, 0x00, 0x00, 0x00, 0x00, 0x00,
    0x00, 0x00, 0x00, 0x00, 0x00, 0x00, 0x00, 0x00, 0x00, 0x00, 0x00, 0x00,
    0x00, 0x00, 0x00, 0x00, 0x00, 0x00, 0x00, 0x00, 0x00, 0x00, 0x00, 0x00,
    0x00, 0x00, 0x00, 0x00, 0x00, 0x00, 0x00, 0x00, 0x00, 0x00, 0x00, 0x00,
    0x00, 0x00, 0x00, 0x00, 0x00, 0x00, 0x00, 0x00, 0x00, 0x00, 0x00, 0x00,
    0x00, 0x00, 0x00, 0x00, 0x00, 0x00, 0x00, 0x00, 0x00, 0x00, 0x00, 0x00,
    0x00, 0x00, 0x00, 0x00, 0x00, 0x00, 0x00, 0x00, 0x00, 0x00, 0x00, 0x00,
    0x00, 0x00, 0x00, 0x00, 0x00, 0x00, 0x00, 0x00, 0x00, 0x00, 0x00, 0x00,
    0x00, 0x00, 0x00, 0x00, 0x00, 0x00, 0x00, 0x00, 0x00, 0x00, 0x00, 0x00,
    0x00, 0x00, 0x00, 0x00, 0x00, 0x00, 0x00, 0x00, 0x00, 0x00, 0x00, 0x00,
    0x00, 0x00, 0x00, 0x00, 0x00, 0x00, 0x00, 0x00, 0x00, 0x00, 0x00, 0x00,
    0x00, 0x00, 0x00, 0x00, 0x00, 0x00, 0x00, 0x00, 0x00, 0x00, 0x00, 0x00,
    0x00, 0x00, 0x00, 0x00, 0x00, 0x00, 0x00, 0x00, 0x00, 0x00, 0x00, 0x00,
    0x00, 0x00, 0x00, 0x00, 0x00, 0x00, 0x00, 0x00, 0x00, 0x00, 0x00, 0x00,
    0x00, 0x00, 0x00, 0x00, 0x00, 0x00, 0x00, 0x00, 0x00, 0x00, 0x00, 0x00,
    0x00, 0x00, 0x00, 0x00, 0x00, 0x00, 0x00, 0x00, 0x00, 0x00, 0x00, 0x00,
    0x00, 0x00, 0x00, 0x00, 0x00, 0x00, 0x00, 0x00, 0x00, 0x00, 0x00, 0x00,
    0x00, 0x00, 0x00, 0x00, 0x00, 0x00, 0x00, 0x00, 0x00, 0x00, 0x00, 0x00,
    0x00, 0x00, 0x00, 0x00, 0x00, 0x00, 0x00, 0x00, 0x00, 0x00, 0x00, 0x00,
    0x00, 0x00, 0x00, 0x00, 0x00, 0x00, 0x00, 0x00, 0x00, 0x00, 0x00, 0x00,
    0x00, 0x00, 0x00, 0x00, 0x00, 0x00, 0x00, 0x00, 0x00, 0x00, 0x00, 0x00,
    0x00, 0x00, 0x00, 0x00, 0x00, 0x00, 0x00, 0x00, 0x00, 0x00, 0x00, 0x00,
    0x00, 0x00, 0x00, 0x00, 0x00, 0x00, 0x00, 0x00, 0x00, 0x00, 0x00, 0x00,
    0x00, 0x00, 0x00, 0x00, 0x00, 0x00, 0x00, 0x00, 0x00, 0x00, 0x00, 0x00,
    0x00, 0x00, 0x00, 0x00, 0x00, 0x00, 0x00, 0x00, 0x00, 0x00, 0x00, 0x00,
    0x00, 0x00, 0x00, 0x00, 0x00, 0x00, 0x00, 0x00, 0x00, 0x00, 0x00, 0x00,
    0x00, 0x00, 0x00, 0x00, 0x00, 0x00, 0x00, 0x00, 0x00, 0x00, 0x00, 0x00,
    0x00, 0x00, 0x00, 0x00, 0x00, 0x00, 0x00, 0x00, 0x00, 0x00, 0x00, 0x00,
    0x00, 0x00, 0x00, 0x00, 0x00, 0x00, 0x00, 0x00, 0x00, 0x00, 0x00, 0x00,
    0x00, 0x00, 0x00, 0x00, 0x00, 0x00, 0x00, 0x00, 0x00, 0x00, 0x80, 0xfa,
    0x80, 0xfa, 0x80, 0xfa, 0x80, 0xfa, 0x80, 0xfa, 0x80, 0xfa, 0x80, 0xfa,
    0x80, 0xfa, 0x80, 0xfa, 0x80, 0xfa, 0x80, 0xfa, 0x80, 0xfa, 0x80, 0xfa,
    0x80, 0xfa, 0x80, 0xfa, 0x80, 0xfa, 0x80, 0xfa, 0x80, 0xfa, 0x80, 0xfa,
    0x80, 0xfa, 0x80, 0xfa, 0x80, 0xfa, 0x80, 0xfa, 0x80, 0xfa, 0x80, 0xfa,
    0x80, 0xfa, 0x80, 0xfa, 0x80, 0xfa, 0x80, 0xfa, 0x80, 0xfa, 0x60, 0xf2,
    0x60, 0x91, 0x40, 0x18, 0x00, 0x00, 0x00, 0x00, 0x00, 0x00, 0x00, 0x00,
    0x00, 0x00, 0x00, 0x00, 0x00, 0x00, 0x00, 0x00, 0x00, 0x00, 0x40, 0x20,
    0xc0, 0x50, 0x20, 0x79, 0x60, 0x91, 0xa0, 0xb1, 0xc0, 0xb1, 0x60, 0x91,
    0x20, 0x79, 0xc0, 0x48, 0x20, 0x18, 0x00, 0x00, 0x00, 0x00, 0x00, 0x00,
    0x00, 0x00, 0x00, 0x00, 0x00, 0x00, 0x00, 0x00, 0x00, 0x00, 0x00, 0x00,
    0x20, 0x10, 0x20, 0x71, 0x80, 0xfa, 0x80, 0xfa, 0x80, 0xfa, 0x80, 0xfa,
    0x80, 0xfa, 0x80, 0xfa, 0x80, 0xfa, 0x80, 0xfa, 0x80, 0xfa, 0x80, 0xfa,
    0x80, 0xfa, 0x80, 0xfa, 0x80, 0xfa, 0x80, 0xfa, 0x80, 0xfa, 0x80, 0xfa,
    0x80, 0xfa, 0x80, 0xfa, 0x80, 0xfa, 0x80, 0xfa, 0x80, 0xfa, 0x80, 0xfa,
    0x80, 0xfa, 0x80, 0xfa, 0x80, 0xfa, 0x80, 0xfa, 0x80, 0xfa, 0x80, 0xfa,
    0x80, 0xfa, 0x60, 0x20, 0x00, 0x00, 0x00, 0x00, 0x00, 0x00, 0x00, 0x00,
    0x00, 0x00, 0x00, 0x00, 0x00, 0x00, 0x00, 0x00, 0x00, 0x00, 0x00, 0x00,
    0x00, 0x00, 0x00, 0x00, 0x00, 0x00, 0x00, 0x00, 0x00, 0x00, 0x00, 0x00,
    0x00, 0x00, 0x00, 0x00, 0x00, 0x00, 0x00, 0x00, 0x00, 0x00, 0x00, 0x00,
    0x00, 0x00, 0x00, 0x00, 0x00, 0x00, 0x00, 0x00, 0x00, 0x00, 0x00, 0x00,
    0x00, 0x00, 0x00, 0x00, 0x00, 0x00, 0x00, 0x00, 0x00, 0x00, 0x00, 0x00,
    0x00, 0x00, 0x00, 0x00, 0x00, 0x00, 0x00, 0x00, 0x00, 0x00, 0x00, 0x00,
    0x00, 0x00, 0x00, 0x00, 0x00, 0x00, 0x00, 0x00, 0x00, 0x00, 0x00, 0x00,
    0x00, 0x00, 0x00, 0x00, 0x00, 0x00, 0x00, 0x00, 0x00, 0x00, 0x00, 0x00,
    0x00, 0x00, 0x00, 0x00, 0x00, 0x00, 0x00, 0x00, 0x00, 0x00, 0x00, 0x00,
    0x00, 0x00, 0x00, 0x00, 0x00, 0x00, 0x00, 0x00, 0x00, 0x00, 0x00, 0x00,
    0x00, 0x00, 0x00, 0x00, 0x00, 0x00, 0x00, 0x00, 0x00, 0x00, 0x00, 0x00,
    0x00, 0x00, 0x00, 0x00, 0x00, 0x00, 0x00, 0x00, 0x00, 0x00, 0x00, 0x00,
    0x00, 0x00, 0x00, 0x00, 0x00, 0x00, 0x00, 0x00, 0x00, 0x00, 0x00, 0x00,
    0x00, 0x00, 0x00, 0x00, 0x00, 0x00, 0x00, 0x00, 0x00, 0x00, 0x00, 0x00,
    0x00, 0x00, 0x00, 0x00, 0x00, 0x00, 0x00, 0x00, 0x00, 0x00, 0x00, 0x00,
    0x00, 0x00, 0x00, 0x00, 0x00, 0x00, 0x00, 0x00, 0x00, 0x00, 0x00, 0x00,
    0x00, 0x00, 0x00, 0x00, 0x00, 0x00, 0x00, 0x00, 0x00, 0x00, 0x00, 0x00,
    0x00, 0x00, 0x00, 0x00, 0x00, 0x00, 0x00, 0x00, 0x00, 0x00, 0x00, 0x00,
    0x00, 0x00, 0x00, 0x00, 0x00, 0x00, 0x00, 0x00, 0x00, 0x00, 0x00, 0x00,
    0x00, 0x00, 0x00, 0x00, 0x00, 0x00, 0x00, 0x00, 0x00, 0x00, 0x00, 0x00,
    0x00, 0x00, 0x00, 0x00, 0x00, 0x00, 0x00, 0x00, 0x00, 0x00, 0x00, 0x00,
    0x00, 0x00, 0x00, 0x00, 0x00, 0x00, 0x00, 0x00, 0x00, 0x00, 0x00, 0x00,
    0x00, 0x00, 0x00, 0x00, 0x00, 0x00, 0x00, 0x00, 0x00, 0x00, 0x00, 0x00,
    0x00, 0x00, 0x00, 0x00, 0x00, 0x00, 0x00, 0x00, 0x00, 0x00, 0x00, 0x00,
    0x00, 0x00, 0x00, 0x00, 0x00, 0x00, 0x00, 0x00, 0x00, 0x00, 0x00, 0x00,
    0x00, 0x00, 0x00, 0x00, 0x00, 0x00, 0x00, 0x00, 0x00, 0x00, 0x00, 0x00,
    0x00, 0x00, 0x00, 0x00, 0x00, 0x00, 0x00, 0x00, 0x00, 0x00, 0x00, 0x00,
    0x00, 0x00, 0x00, 0x00, 0x00, 0x00, 0x00, 0x00, 0x00, 0x00, 0x00, 0x00,
    0x00, 0x00, 0x00, 0x00, 0x00, 0x00, 0x00, 0x00, 0x00, 0x00, 0x00, 0x00,
    0x00, 0x00, 0x00, 0x00, 0x00, 0x00, 0x00, 0x00, 0x00, 0x00, 0x00, 0x00,
    0x00, 0x00, 0x00, 0x00, 0x00, 0x00, 0x00, 0x00, 0x00, 0x00, 0x00, 0x00,
    0x00, 0x00, 0x00, 0x00, 0x00, 0x00, 0x00, 0x00, 0x00, 0x00, 0x00, 0x00,
    0x00, 0x00, 0x00, 0x00, 0x00, 0x00, 0x00, 0x00, 0x00, 0x00, 0x00, 0x00,
    0x00, 0x00, 0x80, 0xfa, 0x80, 0xfa, 0x80, 0xfa, 0x80, 0xfa, 0x80, 0xfa,
    0x80, 0xfa, 0x80, 0xfa, 0x80, 0xfa, 0x80, 0xfa, 0x80, 0xfa, 0x80, 0xfa,
    0x80, 0xfa, 0x80, 0xfa, 0x80, 0xfa, 0x80, 0xfa, 0x80, 0xfa, 0x80, 0xfa,
    0x80, 0xfa, 0x80, 0xfa, 0x80, 0xfa, 0x80, 0xfa, 0x80, 0xfa, 0x80, 0xfa,
    0x80, 0xfa, 0x80, 0xfa, 0x80, 0xfa, 0x80, 0xfa, 0x80, 0xfa, 0x80, 0xfa,
    0x80, 0xfa, 0x80, 0xfa, 0x60, 0xfa, 0xa0, 0xa1, 0x80, 0x30, 0x00, 0x08,
    0x00, 0x00, 0x00, 0x00, 0x00, 0x00, 0x00, 0x00, 0x00, 0x00, 0x00, 0x00,
    0x00, 0x00, 0x00, 0x00, 0x00, 0x00, 0x00, 0x00, 0x00, 0x00, 0x00, 0x00,
    0x00, 0x00, 0x00, 0x00, 0x00, 0x00, 0x00, 0x00, 0x00, 0x00, 0x00, 0x00,
    0x00, 0x00, 0x00, 0x00, 0x00, 0x00, 0x00, 0x00, 0x00, 0x00, 0x00, 0x00,
    0x00, 0x00, 0x60, 0x20, 0x40, 0x89, 0x60, 0xf2, 0x80, 0xfa, 0x80, 0xfa,
    0x80, 0xfa, 0x80, 0xfa, 0x80, 0xfa, 0x80, 0xfa, 0x80, 0xfa, 0x80, 0xfa,
    0x80, 0xfa, 0x80, 0xfa, 0x80, 0xfa, 0x80, 0xfa, 0x80, 0xfa, 0x80, 0xfa,
    0x80, 0xfa, 0x80, 0xfa, 0x80, 0xfa, 0x80, 0xfa, 0x80, 0xfa, 0x80, 0xfa,
    0x80, 0xfa, 0x80, 0xfa, 0x80, 0xfa, 0x80, 0xfa, 0x80, 0xfa, 0x80, 0xfa,
    0x80, 0xfa, 0x80, 0xfa, 0x80, 0xfa, 0x60, 0x20, 0x00, 0x00, 0x00, 0x00,
    0x00, 0x00, 0x00, 0x00, 0x00, 0x00, 0x00, 0x00, 0x00, 0x00, 0x00, 0x00,
    0x00, 0x00, 0x00, 0x00, 0x00, 0x00, 0x00, 0x00, 0x00, 0x00, 0x00, 0x00,
    0x00, 0x00, 0x00, 0x00, 0x00, 0x00, 0x00, 0x00, 0x00, 0x00, 0x00, 0x00,
    0x00, 0x00, 0x00, 0x00, 0x00, 0x00, 0x00, 0x00, 0x00, 0x00, 0x00, 0x00,
    0x00, 0x00, 0x00, 0x00, 0x00, 0x00, 0x00, 0x00, 0x00, 0x00, 0x00, 0x00,
    0x00, 0x00, 0x00, 0x00, 0x00, 0x00, 0x00, 0x00, 0x00, 0x00, 0x00, 0x00,
    0x00, 0x00, 0x00, 0x00, 0x00, 0x00, 0x00, 0x00, 0x00, 0x00, 0x00, 0x00,
    0x00, 0x00, 0x00, 0x00, 0x00, 0x00, 0x00, 0x00, 0x00, 0x00, 0x00, 0x00,
    0x00, 0x00, 0x00, 0x00, 0x00, 0x00, 0x00, 0x00, 0x00, 0x00, 0x00, 0x00,
    0x00, 0x00, 0x00, 0x00, 0x00, 0x00, 0x00, 0x00, 0x00, 0x00, 0x00, 0x00,
    0x00, 0x00, 0x00, 0x00, 0x00, 0x00, 0x00, 0x00, 0x00, 0x00, 0x00, 0x00,
    0x00, 0x00, 0x00, 0x00, 0x00, 0x00, 0x00, 0x00, 0x00, 0x00, 0x00, 0x00,
    0x00, 0x00, 0x00, 0x00, 0x00, 0x00, 0x00, 0x00, 0x00, 0x00, 0x00, 0x00,
    0x00, 0x00, 0x00, 0x00, 0x00, 0x00, 0x00, 0x00, 0x00, 0x00, 0x00, 0x00,
    0x00, 0x00, 0x00, 0x00, 0x00, 0x00, 0x00, 0x00, 0x00, 0x00, 0x00, 0x00,
    0x00, 0x00, 0x00, 0x00, 0x00, 0x00, 0x00, 0x00, 0x00, 0x00, 0x00, 0x00,
    0x00, 0x00, 0x00, 0x00, 0x00, 0x00, 0x00, 0x00, 0x00, 0x00, 0x00, 0x00,
    0x00, 0x00, 0x00, 0x00, 0x00, 0x00, 0x00, 0x00, 0x00, 0x00, 0x00, 0x00,
    0x00, 0x00, 0x00, 0x00, 0x00, 0x00, 0x00, 0x00, 0x00, 0x00, 0x00, 0x00,
    0x00, 0x00, 0x00, 0x00, 0x00, 0x00, 0x00, 0x00, 0x00, 0x00, 0x00, 0x00,
    0x00, 0x00, 0x00, 0x00, 0x00, 0x00, 0x00, 0x00, 0x00, 0x00, 0x00, 0x00,
    0x00, 0x00, 0x00, 0x00, 0x00, 0x00, 0x00, 0x00, 0x00, 0x00, 0x00, 0x00,
    0x00, 0x00, 0x00, 0x00, 0x00, 0x00, 0x00, 0x00, 0x00, 0x00, 0x00, 0x00,
    0x00, 0x00, 0x00, 0x00, 0x00, 0x00, 0x00, 0x00, 0x00, 0x00, 0x00, 0x00,
    0x00, 0x00, 0x00, 0x00, 0x00, 0x00, 0x00, 0x00, 0x00, 0x00, 0x00, 0x00,
    0x00, 0x00, 0x00, 0x00, 0x00, 0x00, 0x00, 0x00, 0x00, 0x00, 0x00, 0x00,
    0x00, 0x00, 0x00, 0x00, 0x00, 0x00, 0x00, 0x00, 0x00, 0x00, 0x00, 0x00,
    0x00, 0x00, 0x00, 0x00, 0x00, 0x00, 0x00, 0x00, 0x00, 0x00, 0x00, 0x00,
    0x00, 0x00, 0x00, 0x00, 0x00, 0x00, 0x00, 0x00, 0x00, 0x00, 0x00, 0x00,
    0x00, 0x00, 0x00, 0x00, 0x00, 0x00, 0x00, 0x00, 0x00, 0x00, 0x00, 0x00,
    0x00, 0x00, 0x00, 0x00, 0x00, 0x00, 0x00, 0x00, 0x00, 0x00, 0x00, 0x00,
    0x00, 0x00, 0x00, 0x00, 0x00, 0x00, 0x00, 0x00, 0x00, 0x00, 0x00, 0x00,
    0x00, 0x00, 0x00, 0x00, 0x00, 0x00, 0x00, 0x00, 0x00, 0x00, 0x00, 0x00,
    0x00, 0x00, 0x00, 0x00, 0x00, 0x00, 0x80, 0xfa, 0x80, 0xfa, 0x80, 0xfa,
    0x80, 0xfa, 0x80, 0xfa, 0x80, 0xfa, 0x80, 0xfa, 0x80, 0xfa, 0x80, 0xfa,
    0x80, 0xfa, 0x80, 0xfa, 0x80, 0xfa, 0x80, 0xfa, 0x80, 0xfa, 0x80, 0xfa,
    0x80, 0xfa, 0x80, 0xfa, 0x80, 0xfa, 0x80, 0xfa, 0x80, 0xfa, 0x80, 0xfa,
    0x80, 0xfa, 0x80, 0xfa, 0x80, 0xfa, 0x80, 0xfa, 0x80, 0xfa, 0x80, 0xfa,
    0x80, 0xfa, 0x80, 0xfa, 0x80, 0xfa, 0x80, 0xfa, 0x80, 0xfa, 0x60, 0xfa,
    0xe0, 0xc1, 0xc0, 0x50, 0x40, 0x18, 0x00, 0x00, 0x00, 0x00, 0x00, 0x00,
    0x00, 0x00, 0x00, 0x00, 0x00, 0x00, 0x00, 0x00, 0x00, 0x00, 0x00, 0x00,
    0x00, 0x00, 0x00, 0x00, 0x00, 0x00, 0x00, 0x00, 0x00, 0x00, 0x00, 0x00,
    0x00, 0x00, 0x00, 0x00, 0x00, 0x00, 0x00, 0x00, 0x00, 0x00, 0x00, 0x00,
    0x00, 0x00, 0x20, 0x08, 0x80, 0x30, 0x80, 0x99, 0x60, 0xfa, 0x80, 0xfa,
    0x80, 0xfa, 0x80, 0xfa, 0x80, 0xfa, 0x80, 0xfa, 0x80, 0xfa, 0x80, 0xfa,
    0x80, 0xfa, 0x80, 0xfa, 0x80, 0xfa, 0x80, 0xfa, 0x80, 0xfa, 0x80, 0xfa,
    0x80, 0xfa, 0x80, 0xfa, 0x80, 0xfa, 0x80, 0xfa, 0x80, 0xfa, 0x80, 0xfa,
    0x80, 0xfa, 0x80, 0xfa, 0x80, 0xfa, 0x80, 0xfa, 0x80, 0xfa, 0x80, 0xfa,
    0x80, 0xfa, 0x80, 0xfa, 0x80, 0xfa, 0x80, 0xfa, 0x80, 0xfa, 0x40, 0x20,
    0x00, 0x00, 0x00, 0x00, 0x00, 0x00, 0x00, 0x00, 0x00, 0x00, 0x00, 0x00,
    0x00, 0x00, 0x00, 0x00, 0x00, 0x00, 0x00, 0x00, 0x00, 0x00, 0x00, 0x00,
    0x00, 0x00, 0x00, 0x00, 0x00, 0x00, 0x00, 0x00, 0x00, 0x00, 0x00, 0x00,
    0x00, 0x00, 0x00, 0x00, 0x00, 0x00, 0x00, 0x00, 0x00, 0x00, 0x00, 0x00,
    0x00, 0x00, 0x00, 0x00, 0x00, 0x00, 0x00, 0x00, 0x00, 0x00, 0x00, 0x00,
    0x00, 0x00, 0x00, 0x00, 0x00, 0x00, 0x00, 0x00, 0x00, 0x00, 0x00, 0x00,
    0x00, 0x00, 0x00, 0x00, 0x00, 0x00, 0x00, 0x00, 0x00, 0x00, 0x00, 0x00,
    0x00, 0x00, 0x00, 0x00, 0x00, 0x00, 0x00, 0x00, 0x00, 0x00, 0x00, 0x00,
    0x00, 0x00, 0x00, 0x00, 0x00, 0x00, 0x00, 0x00, 0x00, 0x00, 0x00, 0x00,
    0x00, 0x00, 0x00, 0x00, 0x00, 0x00, 0x00, 0x00, 0x00, 0x00, 0x00, 0x00,
    0x00, 0x00, 0x00, 0x00, 0x00, 0x00, 0x00, 0x00, 0x00, 0x00, 0x00, 0x00,
    0x00, 0x00, 0x00, 0x00, 0x00, 0x00, 0x00, 0x00, 0x00, 0x00, 0x00, 0x00,
    0x00, 0x00, 0x00, 0x00, 0x00, 0x00, 0x00, 0x00, 0x00, 0x00, 0x00, 0x00,
    0x00, 0x00, 0x00, 0x00, 0x00, 0x00, 0x00, 0x00, 0x00, 0x00, 0x00, 0x00,
    0x00, 0x00, 0x00, 0x00, 0x00, 0x00, 0x00, 0x00, 0x00, 0x00, 0x00, 0x00,
    0x00, 0x00, 0x00, 0x00, 0x00, 0x00, 0x00, 0x00, 0x00, 0x00, 0x00, 0x00,
    0x00, 0x00, 0x00, 0x00, 0x00, 0x00, 0x00, 0x00, 0x00, 0x00, 0x00, 0x00,
    0x00, 0x00, 0x00, 0x00, 0x00, 0x00, 0x00, 0x00, 0x00, 0x00, 0x00, 0x00,
    0x00, 0x00, 0x00, 0x00, 0x00, 0x00, 0x00, 0x00, 0x00, 0x00, 0x00, 0x00,
    0x00, 0x00, 0x00, 0x00, 0x00, 0x00, 0x00, 0x00, 0x00, 0x00, 0x00, 0x00,
    0x00, 0x00, 0x00, 0x00, 0x00, 0x00, 0x00, 0x00, 0x00, 0x00, 0x00, 0x00,
    0x00, 0x00, 0x00, 0x00, 0x00, 0x00, 0x00, 0x00, 0x00, 0x00, 0x00, 0x00,
    0x00, 0x00, 0x00, 0x00, 0x00, 0x00, 0x00, 0x00, 0x00, 0x00, 0x00, 0x00,
    0x00, 0x00, 0x00, 0x00, 0x00, 0x00, 0x00, 0x00, 0x00, 0x00, 0x00, 0x00,
    0x00, 0x00, 0x00, 0x00, 0x00, 0x00, 0x00, 0x00, 0x00, 0x00, 0x00, 0x00,
    0x00, 0x00, 0x00, 0x00, 0x00, 0x00, 0x00, 0x00, 0x00, 0x00, 0x00, 0x00,
    0x00, 0x00, 0x00, 0x00, 0x00, 0x00, 0x00, 0x00, 0x00, 0x00, 0x00, 0x00,
    0x00, 0x00, 0x00, 0x00, 0x00, 0x00, 0x00, 0x00, 0x00, 0x00, 0x00, 0x00,
    0x00, 0x00, 0x00, 0x00, 0x00, 0x00, 0x00, 0x00, 0x00, 0x00, 0x00, 0x00,
    0x00, 0x00, 0x00, 0x00, 0x00, 0x00, 0x00, 0x00, 0x00, 0x00, 0x00, 0x00,
    0x00, 0x00, 0x00, 0x00, 0x00, 0x00, 0x00, 0x00, 0x00, 0x00, 0x00, 0x00,
    0x00, 0x00, 0x00, 0x00, 0x00, 0x00, 0x00, 0x00, 0x00, 0x00, 0x00, 0x00,
    0x00, 0x00, 0x00, 0x00, 0x00, 0x00, 0x00, 0x00, 0x00, 0x00, 0x00, 0x00,
    0x00, 0x00, 0x00, 0x00, 0x00, 0x00, 0x00, 0x00, 0x00, 0x00, 0x80, 0xfa,
    0x80, 0xfa, 0x80, 0xfa, 0x80, 0xfa, 0x80, 0xfa, 0x80, 0xfa, 0x80, 0xfa,
    0x80, 0xfa, 0x80, 0xfa, 0x80, 0xfa, 0x80, 0xfa, 0x80, 0xfa, 0x80, 0xfa,
    0x80, 0xfa, 0x80, 0xfa, 0x80, 0xfa, 0x80, 0xfa, 0x80, 0xfa, 0x80, 0xfa,
    0x80, 0xfa, 0x80, 0xfa, 0x80, 0xfa, 0x80, 0xfa, 0x80, 0xfa, 0x80, 0xfa,
    0x80, 0xfa, 0x80, 0xfa, 0x80, 0xfa, 0x80, 0xfa, 0x80, 0xfa, 0x80, 0xfa,
    0x80, 0xfa, 0x80, 0xfa, 0x80, 0xfa, 0x20, 0xda, 0x80, 0xa1, 0xe0, 0x58,
    0x60, 0x20, 0x00, 0x00, 0x00, 0x00, 0x00, 0x00, 0x00, 0x00, 0x00, 0x00,
    0x00, 0x00, 0x00, 0x00, 0x00, 0x00, 0x00, 0x00, 0x00, 0x00, 0x00, 0x00,
    0x00, 0x00, 0x00, 0x00, 0x00, 0x00, 0x00, 0x00, 0x00, 0x00, 0x00, 0x00,
    0x00, 0x00, 0x20, 0x08, 0x80, 0x38, 0x40, 0x81, 0x00, 0xca, 0x80, 0xfa,
    0x80, 0xfa, 0x80, 0xfa, 0x80, 0xfa, 0x80, 0xfa, 0x80, 0xfa, 0x80, 0xfa,
    0x80, 0xfa, 0x80, 0xfa, 0x80, 0xfa, 0x80, 0xfa, 0x80, 0xfa, 0x80, 0xfa,
    0x80, 0xfa, 0x80, 0xfa, 0x80, 0xfa, 0x80, 0xfa, 0x80, 0xfa, 0x80, 0xfa,
    0x80, 0xfa, 0x80, 0xfa, 0x80, 0xfa, 0x80, 0xfa, 0x80, 0xfa, 0x80, 0xfa,
    0x80, 0xfa, 0x80, 0xfa, 0x80, 0xfa, 0x80, 0xfa, 0x80, 0xfa, 0x80, 0xfa,
    0x80, 0xfa, 0x40, 0x20, 0x00, 0x00, 0x00, 0x00, 0x00, 0x00, 0x00, 0x00,
    0x00, 0x00, 0x00, 0x00, 0x00, 0x00, 0x00, 0x00, 0x00, 0x00, 0x00, 0x00,
    0x00, 0x00, 0x00, 0x00, 0x00, 0x00, 0x00, 0x00, 0x00, 0x00, 0x00, 0x00,
    0x00, 0x00, 0x00, 0x00, 0x00, 0x00, 0x00, 0x00, 0x00, 0x00, 0x00, 0x00,
    0x00, 0x00, 0x00, 0x00, 0x00, 0x00, 0x00, 0x00, 0x00, 0x00, 0x00, 0x00,
    0x00, 0x00, 0x00, 0x00, 0x00, 0x00, 0x00, 0x00, 0x00, 0x00, 0x00, 0x00,
    0x00, 0x00, 0x00, 0x00, 0x00, 0x00, 0x00, 0x00, 0x00, 0x00, 0x00, 0x00,
    0x00, 0x00, 0x00, 0x00, 0x00, 0x00, 0x00, 0x00, 0x00, 0x00, 0x00, 0x00,
    0x00, 0x00, 0x00, 0x00, 0x00, 0x00, 0x00, 0x00, 0x00, 0x00, 0x00, 0x00,
    0x00, 0x00, 0x00, 0x00, 0x00, 0x00, 0x00, 0x00, 0x00, 0x00, 0x00, 0x00,
    0x00, 0x00, 0x00, 0x00, 0x00, 0x00, 0x00, 0x00, 0x00, 0x00, 0x00, 0x00,
    0x00, 0x00, 0x00, 0x00, 0x00, 0x00, 0x00, 0x00, 0x00, 0x00, 0x00, 0x00,
    0x00, 0x00, 0x00, 0x00, 0x00, 0x00, 0x00, 0x00, 0x00, 0x00, 0x00, 0x00,
    0x00, 0x00, 0x00, 0x00, 0x00, 0x00, 0x00, 0x00, 0x00, 0x00, 0x00, 0x00,
    0x00, 0x00, 0x00, 0x00, 0x00, 0x00, 0x00, 0x00, 0x00, 0x00, 0x00, 0x00,
    0x00, 0x00, 0x00, 0x00, 0x00, 0x00, 0x00, 0x00, 0x00, 0x00, 0x00, 0x00,
    0x00, 0x00, 0x00, 0x00, 0x00, 0x00, 0x00, 0x00, 0x00, 0x00, 0x00, 0x00,
    0x00, 0x00, 0x00, 0x00, 0x00, 0x00, 0x00, 0x00, 0x00, 0x00, 0x00, 0x00,
    0x00, 0x00, 0x00, 0x00, 0x00, 0x00, 0x00, 0x00, 0x00, 0x00, 0x00, 0x00,
    0x00, 0x00, 0x00, 0x00, 0x00, 0x00, 0x00, 0x00, 0x00, 0x00, 0x00, 0x00,
    0x00, 0x00, 0x00, 0x00, 0x00, 0x00, 0x00, 0x00, 0x00, 0x00, 0x00, 0x00,
    0x00, 0x00, 0x00, 0x00, 0x00, 0x00, 0x00, 0x00, 0x00, 0x00, 0x00, 0x00,
    0x00, 0x00, 0x00, 0x00, 0x00, 0x00, 0x00, 0x00, 0x00, 0x00, 0x00, 0x00,
    0x00, 0x00, 0x00, 0x00, 0x00, 0x00, 0x00, 0x00, 0x00, 0x00, 0x00, 0x00,
    0x00, 0x00, 0x00, 0x00, 0x00, 0x00, 0x00, 0x00, 0x00, 0x00, 0x00, 0x00,
    0x00, 0x00, 0x00, 0x00, 0x00, 0x00, 0x00, 0x00, 0x00, 0x00, 0x00, 0x00,
    0x00, 0x00, 0x00, 0x00, 0x00, 0x00, 0x00, 0x00, 0x00, 0x00, 0x00, 0x00,
    0x00, 0x00, 0x00, 0x00, 0x00, 0x00, 0x00, 0x00, 0x00, 0x00, 0x00, 0x00,
    0x00, 0x00, 0x00, 0x00, 0x00, 0x00, 0x00, 0x00, 0x00, 0x00, 0x00, 0x00,
    0x00, 0x00, 0x00, 0x00, 0x00, 0x00, 0x00, 0x00, 0x00, 0x00, 0x00, 0x00,
    0x00, 0x00, 0x00, 0x00, 0x00, 0x00, 0x00, 0x00, 0x00, 0x00, 0x00, 0x00,
    0x00, 0x00, 0x00, 0x00, 0x00, 0x00, 0x00, 0x00, 0x00, 0x00, 0x00, 0x00,
    0x00, 0x00, 0x00, 0x00, 0x00, 0x00, 0x00, 0x00, 0x00, 0x00, 0x00, 0x00,
    0x00, 0x00, 0x00, 0x00, 0x00, 0x00, 0x00, 0x00, 0x00, 0x00, 0x00, 0x00,
    0x00, 0x00, 0x80, 0xfa, 0x80, 0xfa, 0x80, 0xfa, 0x80, 0xfa, 0x80, 0xfa,
    0x80, 0xfa, 0x80, 0xfa, 0x80, 0xfa, 0x80, 0xfa, 0x80, 0xfa, 0x80, 0xfa,
    0x80, 0xfa, 0x80, 0xfa, 0x80, 0xfa, 0x80, 0xfa, 0x80, 0xfa, 0x80, 0xfa,
    0x80, 0xfa, 0x80, 0xfa, 0x80, 0xfa, 0x80, 0xfa, 0x80, 0xfa, 0x80, 0xfa,
    0x80, 0xfa, 0x80, 0xfa, 0x80, 0xfa, 0x80, 0xfa, 0x80, 0xfa, 0x80, 0xfa,
    0x80, 0xfa, 0x80, 0xfa, 0x80, 0xfa, 0x80, 0xfa, 0x80, 0xfa, 0x80, 0xfa,
    0x80, 0xfa, 0x20, 0xda, 0x80, 0xa1, 0xe0, 0x58, 0x60, 0x20, 0x00, 0x00,
    0x00, 0x00, 0x00, 0x00, 0x00, 0x00, 0x00, 0x00, 0x00, 0x00, 0x00, 0x00,
    0x00, 0x00, 0x00, 0x00, 0x00, 0x00, 0x00, 0x00, 0x00, 0x00, 0x00, 0x00,
    0x00, 0x00, 0x40, 0x18, 0xa0, 0x40, 0x40, 0x81, 0xe0, 0xb9, 0x60, 0xfa,
    0x80, 0xfa, 0x80, 0xfa, 0x80, 0xfa, 0x80, 0xfa, 0x80, 0xfa, 0x80, 0xfa,
    0x80, 0xfa, 0x80, 0xfa, 0x80, 0xfa, 0x80, 0xfa, 0x80, 0xfa, 0x80, 0xfa,
    0x80, 0xfa, 0x80, 0xfa, 0x80, 0xfa, 0x80, 0xfa, 0x80, 0xfa, 0x80, 0xfa,
    0x80, 0xfa, 0x80, 0xfa, 0x80, 0xfa, 0x80, 0xfa, 0x80, 0xfa, 0x80, 0xfa,
    0x80, 0xfa, 0x80, 0xfa, 0x80, 0xfa, 0x80, 0xfa, 0x80, 0xfa, 0x80, 0xfa,
    0x80, 0xfa, 0x80, 0xfa, 0x80, 0xfa, 0x60, 0x20, 0x00, 0x00, 0x00, 0x00,
    0x00, 0x00, 0x00, 0x00, 0x00, 0x00, 0x00, 0x00, 0x00, 0x00, 0x00, 0x00,
    0x00, 0x00, 0x00, 0x00, 0x00, 0x00, 0x00, 0x00, 0x00, 0x00, 0x00, 0x00,
    0x00, 0x00, 0x00, 0x00, 0x00, 0x00, 0x00, 0x00, 0x00, 0x00, 0x00, 0x00,
    0x00, 0x00, 0x00, 0x00, 0x00, 0x00, 0x00, 0x00, 0x00, 0x00, 0x00, 0x00,
    0x00, 0x00, 0x00, 0x00, 0x00, 0x00, 0x00, 0x00, 0x00, 0x00, 0x00, 0x00,
    0x00, 0x00, 0x00, 0x00, 0x00, 0x00, 0x00, 0x00, 0x00, 0x00, 0x00, 0x00,
    0x00, 0x00, 0x00, 0x00, 0x00, 0x00, 0x00, 0x00, 0x00, 0x00, 0x00, 0x00,
    0x00, 0x00, 0x00, 0x00, 0x00, 0x00, 0x00, 0x00, 0x00, 0x00, 0x00, 0x00,
    0x00, 0x00, 0x00, 0x00, 0x00, 0x00, 0x00, 0x00, 0x00, 0x00, 0x00, 0x00,
    0x00, 0x00, 0x00, 0x00, 0x00, 0x00, 0x00, 0x00, 0x00, 0x00, 0x00, 0x00,
    0x00, 0x00, 0x00, 0x00, 0x00, 0x00, 0x00, 0x00, 0x00, 0x00, 0x00, 0x00,
    0x00, 0x00, 0x00, 0x00, 0x00, 0x00, 0x00, 0x00, 0x00, 0x00, 0x00, 0x00,
    0x00, 0x00, 0x00, 0x00, 0x00, 0x00, 0x00, 0x00, 0x00, 0x00, 0x00, 0x00,
    0x00, 0x00, 0x00, 0x00, 0x00, 0x00, 0x00, 0x00, 0x00, 0x00, 0x00, 0x00,
    0x00, 0x00, 0x00, 0x00, 0x00, 0x00, 0x00, 0x00, 0x00, 0x00, 0x00, 0x00,
    0x00, 0x00, 0x00, 0x00, 0x00, 0x00, 0x00, 0x00, 0x00, 0x00, 0x00, 0x00,
    0x00, 0x00, 0x00, 0x00, 0x00, 0x00, 0x00, 0x00, 0x00, 0x00, 0x00, 0x00,
    0x00, 0x00, 0x00, 0x00, 0x00, 0x00, 0x00, 0x00, 0x00, 0x00, 0x00, 0x00,
    0x00, 0x00, 0x00, 0x00, 0x00, 0x00, 0x00, 0x00, 0x00, 0x00, 0x00, 0x00,
    0x00, 0x00, 0x00, 0x00, 0x00, 0x00, 0x00, 0x00, 0x00, 0x00, 0x00, 0x00,
    0x00, 0x00, 0x00, 0x00, 0x00, 0x00, 0x00, 0x00, 0x00, 0x00, 0x00, 0x00,
    0x00, 0x00, 0x00, 0x00, 0x00, 0x00, 0x00, 0x00, 0x00, 0x00, 0x00, 0x00,
    0x00, 0x00, 0x00, 0x00, 0x00, 0x00, 0x00, 0x00, 0x00, 0x00, 0x00, 0x00,
    0x00, 0x00, 0x00, 0x00, 0x00, 0x00, 0x00, 0x00, 0x00, 0x00, 0x00, 0x00,
    0x00, 0x00, 0x00, 0x00, 0x00, 0x00, 0x00, 0x00, 0x00, 0x00, 0x00, 0x00,
    0x00, 0x00, 0x00, 0x00, 0x00, 0x00, 0x00, 0x00, 0x00, 0x00, 0x00, 0x00,
    0x00, 0x00, 0x00, 0x00, 0x00, 0x00, 0x00, 0x00, 0x00, 0x00, 0x00, 0x00,
    0x00, 0x00, 0x00, 0x00, 0x00, 0x00, 0x00, 0x00, 0x00, 0x00, 0x00, 0x00,
    0x00, 0x00, 0x00, 0x00, 0x00, 0x00, 0x00, 0x00, 0x00, 0x00, 0x00, 0x00,
    0x00, 0x00, 0x00, 0x00, 0x00, 0x00, 0x00, 0x00, 0x00, 0x00, 0x00, 0x00,
    0x00, 0x00, 0x00, 0x00, 0x00, 0x00, 0x00, 0x00, 0x00, 0x00, 0x00, 0x00,
    0x00, 0x00, 0x00, 0x00, 0x00, 0x00, 0x00, 0x00, 0x00, 0x00, 0x00, 0x00,
    0x00, 0x00, 0x00, 0x00, 0x00, 0x00, 0x00, 0x00, 0x00, 0x00, 0x00, 0x00,
    0x00, 0x00, 0x00, 0x00, 0x00, 0x00, 0x80, 0xfa, 0x80, 0xfa, 0x80, 0xfa,
    0x80, 0xfa, 0x80, 0xfa, 0x80, 0xfa, 0x80, 0xfa, 0x80, 0xfa, 0x80, 0xfa,
    0x80, 0xfa, 0x80, 0xfa, 0x80, 0xfa, 0x80, 0xfa, 0x80, 0xfa, 0x80, 0xfa,
    0x80, 0xfa, 0x80, 0xfa, 0x80, 0xfa, 0x80, 0xfa, 0x80, 0xfa, 0x80, 0xfa,
    0x80, 0xfa, 0x80, 0xfa, 0x80, 0xfa, 0x80, 0xfa, 0x80, 0xfa, 0x80, 0xfa,
    0x80, 0xfa, 0x80, 0xfa, 0x80, 0xfa, 0x80, 0xfa, 0x80, 0xfa, 0x80, 0xfa,
    0x80, 0xfa, 0x80, 0xfa, 0x80, 0xfa, 0x80, 0xfa, 0x80, 0xfa, 0x20, 0xda,
    0xa0, 0xa9, 0x00, 0x69, 0xa0, 0x48, 0x60, 0x28, 0x40, 0x10, 0x00, 0x08,
    0x00, 0x00, 0x00, 0x00, 0x00, 0x00, 0x00, 0x00, 0x00, 0x00, 0x20, 0x10,
    0x60, 0x28, 0xa0, 0x40, 0xe0, 0x60, 0x60, 0x91, 0xe0, 0xc1, 0x60, 0xf2,
    0x80, 0xfa, 0x80, 0xfa, 0x80, 0xfa, 0x80, 0xfa, 0x80, 0xfa, 0x80, 0xfa,
    0x80, 0xfa, 0x80, 0xfa, 0x80, 0xfa, 0x80, 0xfa, 0x80, 0xfa, 0x80, 0xfa,
    0x80, 0xfa, 0x80, 0xfa, 0x80, 0xfa, 0x80, 0xfa, 0x80, 0xfa, 0x80, 0xfa,
    0x80, 0xfa, 0x80, 0xfa, 0x80, 0xfa, 0x80, 0xfa, 0x80, 0xfa, 0x80, 0xfa,
    0x80, 0xfa, 0x80, 0xfa, 0x80, 0xfa, 0x80, 0xfa, 0x80, 0xfa, 0x80, 0xfa,
    0x80, 0xfa, 0x80, 0xfa, 0x80, 0xfa, 0x80, 0xfa, 0x80, 0xfa, 0x40, 0x20,
    0x00, 0x00, 0x00, 0x00, 0x00, 0x00, 0x00, 0x00, 0x00, 0x00, 0x00, 0x00,
    0x00, 0x00, 0x00, 0x00, 0x00, 0x00, 0x00, 0x00, 0x00, 0x00, 0x00, 0x00,
    0x00, 0x00, 0x00, 0x00, 0x00, 0x00, 0x00, 0x00, 0x00, 0x00, 0x00, 0x00,
    0x00, 0x00, 0x00, 0x00, 0x00, 0x00, 0x00, 0x00, 0x00, 0x00, 0x00, 0x00,
    0x00, 0x00, 0x00, 0x00, 0x00, 0x00, 0x00, 0x00, 0x00, 0x00, 0x00, 0x00,
    0x00, 0x00, 0x00, 0x00, 0x00, 0x00, 0x00, 0x00, 0x00, 0x00, 0x00, 0x00,
    0x00, 0x00, 0x00, 0x00, 0x00, 0x00, 0x00, 0x00, 0x00, 0x00, 0x00, 0x00,
    0x00, 0x00, 0x00, 0x00, 0x00, 0x00, 0x00, 0x00, 0x00, 0x00, 0x00, 0x00,
    0x00, 0x00, 0x00, 0x00, 0x00, 0x00, 0x00, 0x00, 0x00, 0x00, 0x00, 0x00,
    0x00, 0x00, 0x00, 0x00, 0x00, 0x00, 0x00, 0x00, 0x00, 0x00, 0x00, 0x00,
    0x00, 0x00, 0x00, 0x00, 0x00, 0x00, 0x00, 0x00, 0x00, 0x00, 0x00, 0x00,
    0x00, 0x00, 0x00, 0x00, 0x00, 0x00, 0x00, 0x00, 0x00, 0x00, 0x00, 0x00,
    0x00, 0x00, 0x00, 0x00, 0x00, 0x00, 0x00, 0x00, 0x00, 0x00, 0x00, 0x00,
    0x00, 0x00, 0x00, 0x00, 0x00, 0x00, 0x00, 0x00, 0x00, 0x00, 0x00, 0x00,
    0x00, 0x00, 0x00, 0x00, 0x00, 0x00, 0x00, 0x00, 0x00, 0x00, 0x00, 0x00,
    0x00, 0x00, 0x00, 0x00, 0x00, 0x00, 0x00, 0x00, 0x00, 0x00, 0x00, 0x00,
    0x00, 0x00, 0x00, 0x00, 0x00, 0x00, 0x00, 0x00, 0x00, 0x00, 0x00, 0x00,
    0x00, 0x00, 0x00, 0x00, 0x00, 0x00, 0x00, 0x00, 0x00, 0x00, 0x00, 0x00,
    0x00, 0x00, 0x00, 0x00, 0x00, 0x00, 0x00, 0x00, 0x00, 0x00, 0x00, 0x00,
    0x00, 0x00, 0x00, 0x00, 0x00, 0x00, 0x00, 0x00, 0x00, 0x00, 0x00, 0x00,
    0x00, 0x00, 0x00, 0x00, 0x00, 0x00, 0x00, 0x00, 0x00, 0x00, 0x00, 0x00,
    0x00, 0x00, 0x00, 0x00, 0x00, 0x00, 0x00, 0x00, 0x00, 0x00, 0x00, 0x00,
    0x00, 0x00, 0x00, 0x00, 0x00, 0x00, 0x00, 0x00, 0x00, 0x00, 0x00, 0x00,
    0x00, 0x00, 0x00, 0x00, 0x00, 0x00, 0x00, 0x00, 0x00, 0x00, 0x00, 0x00,
    0x00, 0x00, 0x00, 0x00, 0x00, 0x00, 0x00, 0x00, 0x00, 0x00, 0x00, 0x00,
    0x00, 0x00, 0x00, 0x00, 0x00, 0x00, 0x00, 0x00, 0x00, 0x00, 0x00, 0x00,
    0x00, 0x00, 0x00, 0x00, 0x00, 0x00, 0x00, 0x00, 0x00, 0x00, 0x00, 0x00,
    0x00, 0x00, 0x00, 0x00, 0x00, 0x00, 0x00, 0x00, 0x00, 0x00, 0x00, 0x00,
    0x00, 0x00, 0x00, 0x00, 0x00, 0x00, 0x00, 0x00, 0x00, 0x00, 0x00, 0x00,
    0x00, 0x00, 0x00, 0x00, 0x00, 0x00, 0x00, 0x00, 0x00, 0x00, 0x00, 0x00,
    0x00, 0x00, 0x00, 0x00, 0x00, 0x00, 0x00, 0x00, 0x00, 0x00, 0x00, 0x00,
    0x00, 0x00, 0x00, 0x00, 0x00, 0x00, 0x00, 0x00, 0x00, 0x00, 0x00, 0x00,
    0x00, 0x00, 0x00, 0x00, 0x00, 0x00, 0x00, 0x00, 0x00, 0x00, 0x00, 0x00,
    0x00, 0x00, 0x00, 0x00, 0x00, 0x00, 0x00, 0x00, 0x00, 0x00, 0x80, 0xfa,
    0x80, 0xfa, 0x80, 0xfa, 0x80, 0xfa, 0x80, 0xfa, 0x80, 0xfa, 0x80, 0xfa,
    0x80, 0xfa, 0x80, 0xfa, 0x80, 0xfa, 0x80, 0xfa, 0x80, 0xfa, 0x80, 0xfa,
    0x80, 0xfa, 0x80, 0xfa, 0x80, 0xfa, 0x80, 0xfa, 0x80, 0xfa, 0x80, 0xfa,
    0x80, 0xfa, 0x80, 0xfa, 0x80, 0xfa, 0x80, 0xfa, 0x80, 0xfa, 0x80, 0xfa,
    0x80, 0xfa, 0x80, 0xfa, 0x80, 0xfa, 0x80, 0xfa, 0x80, 0xfa, 0x80, 0xfa,
    0x80, 0xfa, 0x80, 0xfa, 0x80, 0xfa, 0x80, 0xfa, 0x80, 0xfa, 0x80, 0xfa,
    0x80, 0xfa, 0x80, 0xfa, 0x80, 0xfa, 0x60, 0xf2, 0x20, 0xda, 0xe0, 0xc1,
    0xc0, 0xb1, 0xa0, 0xa1, 0x80, 0x99, 0x40, 0x81, 0x40, 0x81, 0x60, 0x91,
    0xa0, 0xa1, 0xc0, 0xb1, 0xc0, 0xb9, 0x00, 0xd2, 0x40, 0xea, 0x80, 0xfa,
    0x80, 0xfa, 0x80, 0xfa, 0x80, 0xfa, 0x80, 0xfa, 0x80, 0xfa, 0x80, 0xfa,
    0x80, 0xfa, 0x80, 0xfa, 0x80, 0xfa, 0x80, 0xfa, 0x80, 0xfa, 0x80, 0xfa,
    0x80, 0xfa, 0x80, 0xfa, 0x80, 0xfa, 0x80, 0xfa, 0x80, 0xfa, 0x80, 0xfa,
    0x80, 0xfa, 0x80, 0xfa, 0x80, 0xfa, 0x80, 0xfa, 0x80, 0xfa, 0x80, 0xfa,
    0x80, 0xfa, 0x80, 0xfa, 0x80, 0xfa, 0x80, 0xfa, 0x80, 0xfa, 0x80, 0xfa,
    0x80, 0xfa, 0x80, 0xfa, 0x80, 0xfa, 0x80, 0xfa, 0x80, 0xfa, 0x80, 0xfa,
    0x80, 0xfa, 0x60, 0x20, 0x00, 0x00, 0x00, 0x00, 0x00, 0x00, 0x00, 0x00,
    0x00, 0x00, 0x00, 0x00, 0x00, 0x00, 0x00, 0x00, 0x00, 0x00, 0x00, 0x00,
    0x00, 0x00, 0x00, 0x00, 0x00, 0x00, 0x00, 0x00, 0x00, 0x00, 0x00, 0x00,
    0x00, 0x00, 0x00, 0x00, 0x00, 0x00, 0x00, 0x00, 0x00, 0x00, 0x00, 0x00,
    0x00, 0x00, 0x00, 0x00, 0x00, 0x00, 0x00, 0x00, 0x00, 0x00, 0x00, 0x00,
    0x00, 0x00, 0x00, 0x00, 0x00, 0x00, 0x00, 0x00, 0x00, 0x00, 0x00, 0x00,
    0x00, 0x00, 0x00, 0x00, 0x00, 0x00, 0x00, 0x00, 0x00, 0x00, 0x00, 0x00,
    0x00, 0x00, 0x00, 0x00, 0x00, 0x00, 0x00, 0x00, 0x00, 0x00, 0x00, 0x00,
    0x00, 0x00, 0x00, 0x00, 0x00, 0x00, 0x00, 0x00, 0x00, 0x00, 0x00, 0x00,
    0x00, 0x00, 0x00, 0x00, 0x00, 0x00, 0x00, 0x00, 0x00, 0x00, 0x00, 0x00,
    0x00, 0x00, 0x00, 0x00, 0x00, 0x00, 0x00, 0x00, 0x00, 0x00, 0x00, 0x00,
    0x00, 0x00, 0x00, 0x00, 0x00, 0x00, 0x00, 0x00, 0x00, 0x00, 0x00, 0x00,
    0x00, 0x00, 0x00, 0x00, 0x00, 0x00, 0x00, 0x00, 0x00, 0x00, 0x00, 0x00,
    0x00, 0x00, 0x00, 0x00, 0x00, 0x00, 0x00, 0x00, 0x00, 0x00, 0x00, 0x00,
    0x00, 0x00, 0x00, 0x00, 0x00, 0x00, 0x00, 0x00, 0x00, 0x00, 0x00, 0x00,
    0x00, 0x00, 0x00, 0x00, 0x00, 0x00, 0x00, 0x00, 0x00, 0x00, 0x00, 0x00,
    0x00, 0x00, 0x00, 0x00, 0x00, 0x00, 0x00, 0x00, 0x00, 0x00, 0x00, 0x00,
    0x00, 0x00, 0x00, 0x00, 0x00, 0x00, 0x00, 0x00, 0x00, 0x00, 0x00, 0x00,
    0x00, 0x00, 0x00, 0x00, 0x00, 0x00, 0x00, 0x00, 0x00, 0x00, 0x00, 0x00,
    0x00, 0x00, 0x00, 0x00, 0x00, 0x00, 0x00, 0x00, 0x00, 0x00, 0x00, 0x00,
    0x00, 0x00, 0x00, 0x00, 0x00, 0x00, 0x00, 0x00, 0x00, 0x00, 0x00, 0x00,
    0x00, 0x00, 0x00, 0x00, 0x00, 0x00, 0x00, 0x00, 0x00, 0x00, 0x00, 0x00,
    0x00, 0x00, 0x00, 0x00, 0x00, 0x00, 0x00, 0x00, 0x00, 0x00, 0x00, 0x00,
    0x00, 0x00, 0x00, 0x00, 0x00, 0x00, 0x00, 0x00, 0x00, 0x00, 0x00, 0x00,
    0x00, 0x00, 0x00, 0x00, 0x00, 0x00, 0x00, 0x00, 0x00, 0x00, 0x00, 0x00,
    0x00, 0x00, 0x00, 0x00, 0x00, 0x00, 0x00, 0x00, 0x00, 0x00, 0x00, 0x00,
    0x00, 0x00, 0x00, 0x00, 0x00, 0x00, 0x00, 0x00, 0x00, 0x00, 0x00, 0x00,
    0x00, 0x00, 0x00, 0x00, 0x00, 0x00, 0x00, 0x00, 0x00, 0x00, 0x00, 0x00,
    0x00, 0x00, 0x00, 0x00, 0x00, 0x00, 0x00, 0x00, 0x00, 0x00, 0x00, 0x00,
    0x00, 0x00, 0x00, 0x00, 0x00, 0x00, 0x00, 0x00, 0x00, 0x00, 0x00, 0x00,
    0x00, 0x00, 0x00, 0x00, 0x00, 0x00, 0x00, 0x00, 0x00, 0x00, 0x00, 0x00,
    0x00, 0x00, 0x00, 0x00, 0x00, 0x00, 0x00, 0x00, 0x00, 0x00, 0x00, 0x00,
    0x00, 0x00, 0x00, 0x00, 0x00, 0x00, 0x00, 0x00, 0x00, 0x00, 0x00, 0x00,
    0x00, 0x00, 0x00, 0x00, 0x00, 0x00, 0x00, 0x00, 0x00, 0x00, 0x00, 0x00,
    0x00, 0x00, 0x80, 0xfa, 0x80, 0xfa, 0x80, 0xfa, 0x80, 0xfa, 0x80, 0xfa,
    0x80, 0xfa, 0x80, 0xfa, 0x80, 0xfa, 0x80, 0xfa, 0x80, 0xfa, 0x80, 0xfa,
    0x80, 0xfa, 0x80, 0xfa, 0x80, 0xfa, 0x80, 0xfa, 0x80, 0xfa, 0x80, 0xfa,
    0x80, 0xfa, 0x80, 0xfa, 0x80, 0xfa, 0x80, 0xfa, 0x80, 0xfa, 0x80, 0xfa,
    0x80, 0xfa, 0x80, 0xfa, 0x80, 0xfa, 0x80, 0xfa, 0x80, 0xfa, 0x80, 0xfa,
    0x80, 0xfa, 0x80, 0xfa, 0x80, 0xfa, 0x80, 0xfa, 0x80, 0xfa, 0x80, 0xfa,
    0x80, 0xfa, 0x80, 0xfa, 0x80, 0xfa, 0x80, 0xfa, 0x80, 0xfa, 0x80, 0xfa,
    0x80, 0xfa, 0x80, 0xfa, 0x80, 0xfa, 0x80, 0xfa, 0x60, 0xfa, 0x60, 0xf2,
    0x60, 0xea, 0x60, 0xfa, 0x80, 0xfa, 0x80, 0xfa, 0x80, 0xfa, 0x80, 0xfa,
    0x80, 0xfa, 0x80, 0xfa, 0x80, 0xfa, 0x80, 0xfa, 0x80, 0xfa, 0x80, 0xfa,
    0x80, 0xfa, 0x80, 0xfa, 0x80, 0xfa, 0x80, 0xfa, 0x80, 0xfa, 0x80, 0xfa,
    0x80, 0xfa, 0x80, 0xfa, 0x80, 0xfa, 0x80, 0xfa, 0x80, 0xfa, 0x80, 0xfa,
    0x80, 0xfa, 0x80, 0xfa, 0x80, 0xfa, 0x80, 0xfa, 0x80, 0xfa, 0x80, 0xfa,
    0x80, 0xfa, 0x80, 0xfa, 0x80, 0xfa, 0x80, 0xfa, 0x80, 0xfa, 0x80, 0xfa,
    0x80, 0xfa, 0x80, 0xfa, 0x80, 0xfa, 0x80, 0xfa, 0x80, 0xfa, 0x80, 0xfa,
    0x80, 0xfa, 0x80, 0xfa, 0x80, 0xfa, 0x40, 0x20, 0x00, 0x00, 0x00, 0x00,
    0x00, 0x00, 0x00, 0x00, 0x00, 0x00, 0x00, 0x00, 0x00, 0x00, 0x00, 0x00,
    0x00, 0x00, 0x00, 0x00, 0x00, 0x00, 0x00, 0x00, 0x00, 0x00, 0x00, 0x00,
    0x00, 0x00, 0x00, 0x00, 0x00, 0x00, 0x00, 0x00, 0x00, 0x00, 0x00, 0x00,
    0x00, 0x00, 0x00, 0x00, 0x00, 0x00, 0x00, 0x00, 0x00, 0x00, 0x00, 0x00,
    0x00, 0x00, 0x00, 0x00, 0x00, 0x00, 0x00, 0x00, 0x00, 0x00, 0x00, 0x00,
    0x00, 0x00, 0x00, 0x00, 0x00, 0x00, 0x00, 0x00, 0x00, 0x00, 0x00, 0x00,
    0x00, 0x00, 0x00, 0x00, 0x00, 0x00, 0x00, 0x00, 0x00, 0x00, 0x00, 0x00,
    0x00, 0x00, 0x00, 0x00, 0x00, 0x00, 0x00, 0x00, 0x00, 0x00, 0x00, 0x00,
    0x00, 0x00, 0x00, 0x00, 0x00, 0x00, 0x00, 0x00, 0x00, 0x00, 0x00, 0x00,
    0x00, 0x00, 0x00, 0x00, 0x00, 0x00, 0x00, 0x00, 0x00, 0x00, 0x00, 0x00,
    0x00, 0x00, 0x00, 0x00, 0x00, 0x00, 0x00, 0x00, 0x00, 0x00, 0x00, 0x00,
    0x00, 0x00, 0x00, 0x00, 0x00, 0x00, 0x00, 0x00, 0x00, 0x00, 0x00, 0x00,
    0x00, 0x00, 0x00, 0x00, 0x00, 0x00, 0x00, 0x00, 0x00, 0x00, 0x00, 0x00,
    0x00, 0x00, 0x00, 0x00, 0x00, 0x00, 0x00, 0x00, 0x00, 0x00, 0x00, 0x00,
    0x00, 0x00, 0x00, 0x00, 0x00, 0x00, 0x00, 0x00, 0x00, 0x00, 0x00, 0x00,
    0x00, 0x00, 0x00, 0x00, 0x00, 0x00, 0x00, 0x00, 0x00, 0x00, 0x00, 0x00,
    0x00, 0x00, 0x00, 0x00, 0x00, 0x00, 0x00, 0x00, 0x00, 0x00, 0x00, 0x00,
    0x00, 0x00, 0x00, 0x00, 0x00, 0x00, 0x00, 0x00, 0x00, 0x00, 0x00, 0x00,
    0x00, 0x00, 0x00, 0x00, 0x00, 0x00, 0x00, 0x00, 0x00, 0x00, 0x00, 0x00,
    0x00, 0x00, 0x00, 0x00, 0x00, 0x00, 0x00, 0x00, 0x00, 0x00, 0x00, 0x00,
    0x00, 0x00, 0x00, 0x00, 0x00, 0x00, 0x00, 0x00, 0x00, 0x00, 0x00, 0x00,
    0x00, 0x00, 0x00, 0x00, 0x00, 0x00, 0x00, 0x00, 0x00, 0x00, 0x00, 0x00,
    0x00, 0x00, 0x00, 0x00, 0x00, 0x00, 0x00, 0x00, 0x00, 0x00, 0x00, 0x00,
    0x00, 0x00, 0x00, 0x00, 0x00, 0x00, 0x00, 0x00, 0x00, 0x00, 0x00, 0x00,
    0x00, 0x00, 0x00, 0x00, 0x00, 0x00, 0x00, 0x00, 0x00, 0x00, 0x00, 0x00,
    0x00, 0x00, 0x00, 0x00, 0x00, 0x00, 0x00, 0x00, 0x00, 0x00, 0x00, 0x00,
    0x00, 0x00, 0x00, 0x00, 0x00, 0x00, 0x00, 0x00, 0x00, 0x00, 0x00, 0x00,
    0x00, 0x00, 0x00, 0x00, 0x00, 0x00, 0x00, 0x00, 0x00, 0x00, 0x00, 0x00,
    0x00, 0x00, 0x00, 0x00, 0x00, 0x00, 0x00, 0x00, 0x00, 0x00, 0x00, 0x00,
    0x00, 0x00, 0x00, 0x00, 0x00, 0x00, 0x00, 0x00, 0x00, 0x00, 0x00, 0x00,
    0x00, 0x00, 0x00, 0x00, 0x00, 0x00, 0x00, 0x00, 0x00, 0x00, 0x00, 0x00,
    0x00, 0x00, 0x00, 0x00, 0x00, 0x00, 0x00, 0x00, 0x00, 0x00, 0x00, 0x00,
    0x00, 0x00, 0x00, 0x00, 0x00, 0x00, 0x00, 0x00, 0x00, 0x00, 0x00, 0x00,
    0x00, 0x00, 0x00, 0x00, 0x00, 0x00, 0x80, 0xfa, 0x80, 0xfa, 0x80, 0xfa,
    0x80, 0xfa, 0x80, 0xfa, 0x80, 0xfa, 0x80, 0xfa, 0x80, 0xfa, 0x80, 0xfa,
    0x80, 0xfa, 0x80, 0xfa, 0x80, 0xfa, 0x80, 0xfa, 0x80, 0xfa, 0x80, 0xfa,
    0x80, 0xfa, 0x80, 0xfa, 0x80, 0xfa, 0x80, 0xfa, 0x80, 0xfa, 0x80, 0xfa,
    0x80, 0xfa, 0x80, 0xfa, 0x80, 0xfa, 0x80, 0xfa, 0x80, 0xfa, 0x80, 0xfa,
    0x80, 0xfa, 0x80, 0xfa, 0x80, 0xfa, 0x80, 0xfa, 0x80, 0xfa, 0x80, 0xfa,
    0x80, 0xfa, 0x80, 0xfa, 0x80, 0xfa, 0x80, 0xfa, 0x80, 0xfa, 0x80, 0xfa,
    0x80, 0xfa, 0x80, 0xfa, 0x80, 0xfa, 0x80, 0xfa, 0x80, 0xfa, 0x80, 0xfa,
    0x80, 0xfa, 0x80, 0xfa, 0x80, 0xfa, 0x80, 0xfa, 0x80, 0xfa, 0x80, 0xfa,
    0x80, 0xfa, 0x80, 0xfa, 0x80, 0xfa, 0x80, 0xfa, 0x80, 0xfa, 0x80, 0xfa,
    0x80, 0xfa, 0x80, 0xfa, 0x80, 0xfa, 0x80, 0xfa, 0x80, 0xfa, 0x80, 0xfa,
    0x80, 0xfa, 0x80, 0xfa, 0x80, 0xfa, 0x80, 0xfa, 0x80, 0xfa, 0x80, 0xfa,
    0x80, 0xfa, 0x80, 0xfa, 0x80, 0xfa, 0x80, 0xfa, 0x80, 0xfa, 0x80, 0xfa,
    0x80, 0xfa, 0x80, 0xfa, 0x80, 0xfa, 0x80, 0xfa, 0x80, 0xfa, 0x80, 0xfa,
    0x80, 0xfa, 0x80, 0xfa, 0x80, 0xfa, 0x80, 0xfa, 0x80, 0xfa, 0x80, 0xfa,
    0x80, 0xfa, 0x80, 0xfa, 0x80, 0xfa, 0x80, 0xfa, 0x80, 0xfa, 0x60, 0x20,
    0x00, 0x00, 0x00, 0x00, 0x00, 0x00, 0x00, 0x00, 0x00, 0x00, 0x00, 0x00,
    0x00, 0x00, 0x00, 0x00, 0x00, 0x00, 0x00, 0x00, 0x00, 0x00, 0x00, 0x00,
    0x00, 0x00, 0x00, 0x00, 0x00, 0x00, 0x00, 0x00, 0x00, 0x00, 0x00, 0x00,
    0x00, 0x00, 0x00, 0x00, 0x00, 0x00, 0x00, 0x00, 0x00, 0x00, 0x00, 0x00,
    0x00, 0x00, 0x00, 0x00, 0x00, 0x00, 0x00, 0x00, 0x00, 0x00, 0x00, 0x00,
    0x00, 0x00, 0x00, 0x00, 0x00, 0x00, 0x00, 0x00, 0x00, 0x00, 0x00, 0x00,
    0x00, 0x00, 0x00, 0x00, 0x00, 0x00, 0x00, 0x00, 0x00, 0x00, 0x00, 0x00,
    0x00, 0x00, 0x00, 0x00, 0x00, 0x00, 0x00, 0x00, 0x00, 0x00, 0x00, 0x00,
    0x00, 0x00, 0x00, 0x00, 0x00, 0x00, 0x00, 0x00, 0x00, 0x00, 0x00, 0x00,
    0x00, 0x00, 0x00, 0x00, 0x00, 0x00, 0x00, 0x00, 0x00, 0x00, 0x00, 0x00,
    0x00, 0x00, 0x00, 0x00, 0x00, 0x00, 0x00, 0x00, 0x00, 0x00, 0x00, 0x00,
    0x00, 0x00, 0x00, 0x00, 0x00, 0x00, 0x00, 0x00, 0x00, 0x00, 0x00, 0x00,
    0x00, 0x00, 0x00, 0x00, 0x00, 0x00, 0x00, 0x00, 0x00, 0x00, 0x00, 0x00,
    0x00, 0x00, 0x00, 0x00, 0x00, 0x00, 0x00, 0x00, 0x00, 0x00, 0x00, 0x00,
    0x00, 0x00, 0x00, 0x00, 0x00, 0x00, 0x00, 0x00, 0x00, 0x00, 0x00, 0x00,
    0x00, 0x00, 0x00, 0x00, 0x00, 0x00, 0x00, 0x00, 0x00, 0x00, 0x00, 0x00,
    0x00, 0x00, 0x00, 0x00, 0x00, 0x00, 0x00, 0x00, 0x00, 0x00, 0x00, 0x00,
    0x00, 0x00, 0x00, 0x00, 0x00, 0x00, 0x00, 0x00, 0x00, 0x00, 0x00, 0x00,
    0x00, 0x00, 0x00, 0x00, 0x00, 0x00, 0x00, 0x00, 0x00, 0x00, 0x00, 0x00,
    0x00, 0x00, 0x00, 0x00, 0x00, 0x00, 0x00, 0x00, 0x00, 0x00, 0x00, 0x00,
    0x00, 0x00, 0x00, 0x00, 0x00, 0x00, 0x00, 0x00, 0x00, 0x00, 0x00, 0x00,
    0x00, 0x00, 0x00, 0x00, 0x00, 0x00, 0x00, 0x00, 0x00, 0x00, 0x00, 0x00,
    0x00, 0x00, 0x00, 0x00, 0x00, 0x00, 0x00, 0x00, 0x00, 0x00, 0x00, 0x00,
    0x00, 0x00, 0x00, 0x00, 0x00, 0x00, 0x00, 0x00, 0x00, 0x00, 0x00, 0x00,
    0x00, 0x00, 0x00, 0x00, 0x00, 0x00, 0x00, 0x00, 0x00, 0x00, 0x00, 0x00,
    0x00, 0x00, 0x00, 0x00, 0x00, 0x00, 0x00, 0x00, 0x00, 0x00, 0x00, 0x00,
    0x00, 0x00, 0x00, 0x00, 0x00, 0x00, 0x00, 0x00, 0x00, 0x00, 0x00, 0x00,
    0x00, 0x00, 0x00, 0x00, 0x00, 0x00, 0x00, 0x00, 0x00, 0x00, 0x00, 0x00,
    0x00, 0x00, 0x00, 0x00, 0x00, 0x00, 0x00, 0x00, 0x00, 0x00, 0x00, 0x00,
    0x00, 0x00, 0x00, 0x00, 0x00, 0x00, 0x00, 0x00, 0x00, 0x00, 0x00, 0x00,
    0x00, 0x00, 0x00, 0x00, 0x00, 0x00, 0x00, 0x00, 0x00, 0x00, 0x00, 0x00,
    0x00, 0x00, 0x00, 0x00, 0x00, 0x00, 0x00, 0x00, 0x00, 0x00, 0x00, 0x00,
    0x00, 0x00, 0x00, 0x00, 0x00, 0x00, 0x00, 0x00, 0x00, 0x00, 0x00, 0x00,
    0x00, 0x00, 0x00, 0x00, 0x00, 0x00, 0x00, 0x00, 0x00, 0x00, 0x80, 0xfa,
    0x80, 0xfa, 0x80, 0xfa, 0x80, 0xfa, 0x80, 0xfa, 0x80, 0xfa, 0x80, 0xfa,
    0x80, 0xfa, 0x80, 0xfa, 0x80, 0xfa, 0x80, 0xfa, 0x80, 0xfa, 0x80, 0xfa,
    0x80, 0xfa, 0x80, 0xfa, 0x80, 0xfa, 0x80, 0xfa, 0x80, 0xfa, 0x80, 0xfa,
    0x80, 0xfa, 0x80, 0xfa, 0x80, 0xfa, 0x80, 0xfa, 0x80, 0xfa, 0x80, 0xfa,
    0x80, 0xfa, 0x80, 0xfa, 0x80, 0xfa, 0x80, 0xfa, 0x80, 0xfa, 0x80, 0xfa,
    0x80, 0xfa, 0x80, 0xfa, 0x80, 0xfa, 0x80, 0xfa, 0x80, 0xfa, 0x80, 0xfa,
    0x80, 0xfa, 0x80, 0xfa, 0x80, 0xfa, 0x80, 0xfa, 0x80, 0xfa, 0x80, 0xfa,
    0x80, 0xfa, 0x80, 0xfa, 0x80, 0xfa, 0x80, 0xfa, 0x80, 0xfa, 0x80, 0xfa,
    0x80, 0xfa, 0x80, 0xfa, 0x80, 0xfa, 0x80, 0xfa, 0x80, 0xfa, 0x80, 0xfa,
    0x80, 0xfa, 0x80, 0xfa, 0x80, 0xfa, 0x80, 0xfa, 0x80, 0xfa, 0x80, 0xfa,
    0x80, 0xfa, 0x80, 0xfa, 0x80, 0xfa, 0x80, 0xfa, 0x80, 0xfa, 0x80, 0xfa,
    0x80, 0xfa, 0x80, 0xfa, 0x80, 0xfa, 0x80, 0xfa, 0x80, 0xfa, 0x80, 0xfa,
    0x80, 0xfa, 0x80, 0xfa, 0x80, 0xfa, 0x80, 0xfa, 0x80, 0xfa, 0x80, 0xfa,
    0x80, 0xfa, 0x80, 0xfa, 0x80, 0xfa, 0x80, 0xfa, 0x80, 0xfa, 0x80, 0xfa,
    0x80, 0xfa, 0x80, 0xfa, 0x80, 0xfa, 0x80, 0xfa, 0x80, 0xfa, 0x80, 0xfa,
    0x80, 0xfa, 0x40, 0x20, 0x00, 0x00, 0x00, 0x00, 0x00, 0x00, 0x00, 0x00,
    0x00, 0x00, 0x00, 0x00, 0x00, 0x00, 0x00, 0x00, 0x00, 0x00, 0x00, 0x00,
    0x00, 0x00, 0x00, 0x00, 0x00, 0x00, 0x00, 0x00, 0x00, 0x00, 0x00, 0x00,
    0x00, 0x00, 0x00, 0x00, 0x00, 0x00, 0x00, 0x00, 0x00, 0x00, 0x00, 0x00,
    0x00, 0x00, 0x00, 0x00, 0x00, 0x00, 0x00, 0x00, 0x00, 0x00, 0x00, 0x00,
    0x00, 0x00, 0x00, 0x00, 0x00, 0x00, 0x00, 0x00, 0x00, 0x00, 0x00, 0x00,
    0x00, 0x00, 0x00, 0x00, 0x00, 0x00, 0x00, 0x00, 0x00, 0x00, 0x00, 0x00,
    0x00, 0x00, 0x00, 0x00, 0x00, 0x00, 0x00, 0x00, 0x00, 0x00, 0x00, 0x00,
    0x00, 0x00, 0x00, 0x00, 0x00, 0x00, 0x00, 0x00, 0x00, 0x00, 0x00, 0x00,
    0x00, 0x00, 0x00, 0x00, 0x00, 0x00, 0x00, 0x00, 0x00, 0x00, 0x00, 0x00,
    0x00, 0x00, 0x00, 0x00, 0x00, 0x00, 0x00, 0x00, 0x00, 0x00, 0x00, 0x00,
    0x00, 0x00, 0x00, 0x00, 0x00, 0x00, 0x00, 0x00, 0x00, 0x00, 0x00, 0x00,
    0x00, 0x00, 0x00, 0x00, 0x00, 0x00, 0x00, 0x00, 0x00, 0x00, 0x00, 0x00,
    0x00, 0x00, 0x00, 0x00, 0x00, 0x00, 0x00, 0x00, 0x00, 0x00, 0x00, 0x00,
    0x00, 0x00, 0x00, 0x00, 0x00, 0x00, 0x00, 0x00, 0x00, 0x00, 0x00, 0x00,
    0x00, 0x00, 0x00, 0x00, 0x00, 0x00, 0x00, 0x00, 0x00, 0x00, 0x00, 0x00,
    0x00, 0x00, 0x00, 0x00, 0x00, 0x00, 0x00, 0x00, 0x00, 0x00, 0x00, 0x00,
    0x00, 0x00, 0x00, 0x00, 0x00, 0x00, 0x00, 0x00, 0x00, 0x00, 0x00, 0x00,
    0x00, 0x00, 0x00, 0x00, 0x00, 0x00, 0x00, 0x00, 0x00, 0x00, 0x00, 0x00,
    0x00, 0x00, 0x00, 0x00, 0x00, 0x00, 0x00, 0x00, 0x00, 0x00, 0x00, 0x00,
    0x00, 0x00, 0x00, 0x00, 0x00, 0x00, 0x00, 0x00, 0x00, 0x00, 0x00, 0x00,
    0x00, 0x00, 0x00, 0x00, 0x00, 0x00, 0x00, 0x00, 0x00, 0x00, 0x00, 0x00,
    0x00, 0x00, 0x00, 0x00, 0x00, 0x00, 0x00, 0x00, 0x00, 0x00, 0x00, 0x00,
    0x00, 0x00, 0x00, 0x00, 0x00, 0x00, 0x00, 0x00, 0x00, 0x00, 0x00, 0x00,
    0x00, 0x00, 0x00, 0x00, 0x00, 0x00, 0x00, 0x00, 0x00, 0x00, 0x00, 0x00,
    0x00, 0x00, 0x00, 0x00, 0x00, 0x00, 0x00, 0x00, 0x00, 0x00, 0x00, 0x00,
    0x00, 0x00, 0x00, 0x00, 0x00, 0x00, 0x00, 0x00, 0x00, 0x00, 0x00, 0x00,
    0x00, 0x00, 0x00, 0x00, 0x00, 0x00, 0x00, 0x00, 0x00, 0x00, 0x00, 0x00,
    0x00, 0x00, 0x00, 0x00, 0x00, 0x00, 0x00, 0x00, 0x00, 0x00, 0x00, 0x00,
    0x00, 0x00, 0x00, 0x00, 0x00, 0x00, 0x00, 0x00, 0x00, 0x00, 0x00, 0x00,
    0x00, 0x00, 0x00, 0x00, 0x00, 0x00, 0x00, 0x00, 0x00, 0x00, 0x00, 0x00,
    0x00, 0x00, 0x00, 0x00, 0x00, 0x00, 0x00, 0x00, 0x00, 0x00, 0x00, 0x00,
    0x00, 0x00, 0x00, 0x00, 0x00, 0x00, 0x00, 0x00, 0x00, 0x00, 0x00, 0x00,
    0x00, 0x00, 0x00, 0x00, 0x00, 0x00, 0x00, 0x00, 0x00, 0x00, 0x00, 0x00,
    0x00, 0x00, 0x80, 0xfa, 0x80, 0xfa, 0x80, 0xfa, 0x80, 0xfa, 0x80, 0xfa,
    0x80, 0xfa, 0x80, 0xfa, 0x80, 0xfa, 0x80, 0xfa, 0x80, 0xfa, 0x80, 0xfa,
    0x80, 0xfa, 0x80, 0xfa, 0x80, 0xfa, 0x80, 0xfa, 0x80, 0xfa, 0x80, 0xfa,
    0x80, 0xfa, 0x80, 0xfa, 0x80, 0xfa, 0x80, 0xfa, 0x80, 0xfa, 0x80, 0xfa,
    0x80, 0xfa, 0x80, 0xfa, 0x80, 0xfa, 0x80, 0xfa, 0x80, 0xfa, 0x80, 0xfa,
    0x80, 0xfa, 0x80, 0xfa, 0x80, 0xfa, 0x80, 0xfa, 0x80, 0xfa, 0x80, 0xfa,
    0x80, 0xfa, 0x80, 0xfa, 0x80, 0xfa, 0x80, 0xfa, 0x80, 0xfa, 0x80, 0xfa,
    0x80, 0xfa, 0x80, 0xfa, 0x80, 0xfa, 0x80, 0xfa, 0x80, 0xfa, 0x80, 0xfa,
    0x80, 0xfa, 0x80, 0xfa, 0x80, 0xfa, 0x80, 0xfa, 0x80, 0xfa, 0x80, 0xfa,
    0x80, 0xfa, 0x80, 0xfa, 0x80, 0xfa, 0x80, 0xfa, 0x80, 0xfa, 0x80, 0xfa,
    0x80, 0xfa, 0x80, 0xfa, 0x80, 0xfa, 0x80, 0xfa, 0x80, 0xfa, 0x80, 0xfa,
    0x80, 0xfa, 0x80, 0xfa, 0x80, 0xfa, 0x80, 0xfa, 0x80, 0xfa, 0x80, 0xfa,
    0x80, 0xfa, 0x80, 0xfa, 0x80, 0xfa, 0x80, 0xfa, 0x80, 0xfa, 0x80, 0xfa,
    0x80, 0xfa, 0x80, 0xfa, 0x80, 0xfa, 0x80, 0xfa, 0x80, 0xfa, 0x80, 0xfa,
    0x80, 0xfa, 0x80, 0xfa, 0x80, 0xfa, 0x80, 0xfa, 0x80, 0xfa, 0x80, 0xfa,
    0x80, 0xfa, 0x80, 0xfa, 0x80, 0xfa, 0x40, 0x20, 0x00, 0x00, 0x00, 0x00,
    0x00, 0x00, 0x00, 0x00, 0x00, 0x00, 0x00, 0x00, 0x00, 0x00, 0x00, 0x00,
    0x00, 0x00, 0x00, 0x00, 0x00, 0x00, 0x00, 0x00, 0x00, 0x00, 0x00, 0x00,
    0x00, 0x00, 0x00, 0x00, 0x00, 0x00, 0x00, 0x00, 0x00, 0x00, 0x00, 0x00,
    0x00, 0x00, 0x00, 0x00, 0x00, 0x00, 0x00, 0x00, 0x00, 0x00, 0x00, 0x00,
    0x00, 0x00, 0x00, 0x00, 0x00, 0x00, 0x00, 0x00, 0x00, 0x00, 0x00, 0x00,
    0x00, 0x00, 0x00, 0x00, 0x00, 0x00, 0x00, 0x00, 0x00, 0x00, 0x00, 0x00,
    0x00, 0x00, 0x00, 0x00, 0x00, 0x00, 0x00, 0x00, 0x00, 0x00, 0x00, 0x00,
    0x00, 0x00, 0x00, 0x00, 0x00, 0x00, 0x00, 0x00, 0x00, 0x00, 0x00, 0x00,
    0x00, 0x00, 0x00, 0x00, 0x00, 0x00, 0x00, 0x00, 0x00, 0x00, 0x00, 0x00,
    0x00, 0x00, 0x00, 0x00, 0x00, 0x00, 0x00, 0x00, 0x00, 0x00, 0x00, 0x00,
    0x00, 0x00, 0x00, 0x00, 0x00, 0x00, 0x00, 0x00, 0x00, 0x00, 0x00, 0x00,
    0x00, 0x00, 0x00, 0x00, 0x00, 0x00, 0x00, 0x00, 0x00, 0x00, 0x00, 0x00,
    0x00, 0x00, 0x00, 0x00, 0x00, 0x00, 0x00, 0x00, 0x00, 0x00, 0x00, 0x00,
    0x00, 0x00, 0x00, 0x00, 0x00, 0x00, 0x00, 0x00, 0x00, 0x00, 0x00, 0x00,
    0x00, 0x00, 0x00, 0x00, 0x00, 0x00, 0x00, 0x00, 0x00, 0x00, 0x00, 0x00,
    0x00, 0x00, 0x00, 0x00, 0x00, 0x00, 0x00, 0x00, 0x00, 0x00, 0x00, 0x00,
    0x00, 0x00, 0x00, 0x00, 0x00, 0x00, 0x00, 0x00, 0x00, 0x00, 0x00, 0x00,
    0x00, 0x00, 0x00, 0x00, 0x00, 0x00, 0x00, 0x00, 0x00, 0x00, 0x00, 0x00,
    0x00, 0x00, 0x00, 0x00, 0x00, 0x00, 0x00, 0x00, 0x00, 0x00, 0x00, 0x00,
    0x00, 0x00, 0x00, 0x00, 0x00, 0x00, 0x00, 0x00, 0x00, 0x00, 0x00, 0x00,
    0x00, 0x00, 0x00, 0x00, 0x00, 0x00, 0x00, 0x00, 0x00, 0x00, 0x00, 0x00,
    0x00, 0x00, 0x00, 0x00, 0x00, 0x00, 0x00, 0x00, 0x00, 0x00, 0x00, 0x00,
    0x00, 0x00, 0x00, 0x00, 0x00, 0x00, 0x00, 0x00, 0x00, 0x00, 0x00, 0x00,
    0x00, 0x00, 0x00, 0x00, 0x00, 0x00, 0x00, 0x00, 0x00, 0x00, 0x00, 0x00,
    0x00, 0x00, 0x00, 0x00, 0x00, 0x00, 0x00, 0x00, 0x00, 0x00, 0x00, 0x00,
    0x00, 0x00, 0x00, 0x00, 0x00, 0x00, 0x00, 0x00, 0x00, 0x00, 0x00, 0x00,
    0x00, 0x00, 0x00, 0x00, 0x00, 0x00, 0x00, 0x00, 0x00, 0x00, 0x00, 0x00,
    0x00, 0x00, 0x00, 0x00, 0x00, 0x00, 0x00, 0x00, 0x00, 0x00, 0x00, 0x00,
    0x00, 0x00, 0x00, 0x00, 0x00, 0x00, 0x00, 0x00, 0x00, 0x00, 0x00, 0x00,
    0x00, 0x00, 0x00, 0x00, 0x00, 0x00, 0x00, 0x00, 0x00, 0x00, 0x00, 0x00,
    0x00, 0x00, 0x00, 0x00, 0x00, 0x00, 0x00, 0x00, 0x00, 0x00, 0x00, 0x00,
    0x00, 0x00, 0x00, 0x00, 0x00, 0x00, 0x00, 0x00, 0x00, 0x00, 0x00, 0x00,
    0x00, 0x00, 0x00, 0x00, 0x00, 0x00, 0x00, 0x00, 0x00, 0x00, 0x00, 0x00,
    0x00, 0x00, 0x00, 0x00, 0x00, 0x00, 0x80, 0xfa, 0x80, 0xfa, 0x80, 0xfa,
    0x80, 0xfa, 0x80, 0xfa, 0x80, 0xfa, 0x80, 0xfa, 0x80, 0xfa, 0x80, 0xfa,
    0x80, 0xfa, 0x80, 0xfa, 0x80, 0xfa, 0x80, 0xfa, 0x80, 0xfa, 0x80, 0xfa,
    0x80, 0xfa, 0x80, 0xfa, 0x80, 0xfa, 0x80, 0xfa, 0x80, 0xfa, 0x80, 0xfa,
    0x80, 0xfa, 0x80, 0xfa, 0x80, 0xfa, 0x80, 0xfa, 0x80, 0xfa, 0x80, 0xfa,
    0x80, 0xfa, 0x80, 0xfa, 0x80, 0xfa, 0x80, 0xfa, 0x80, 0xfa, 0x80, 0xfa,
    0x80, 0xfa, 0x80, 0xfa, 0x80, 0xfa, 0x80, 0xfa, 0x80, 0xfa, 0x80, 0xfa,
    0x80, 0xfa, 0x80, 0xfa, 0x80, 0xfa, 0x80, 0xfa, 0x80, 0xfa, 0x80, 0xfa,
    0x80, 0xfa, 0x80, 0xfa, 0x80, 0xfa, 0x80, 0xfa, 0x80, 0xfa, 0x80, 0xfa,
    0x80, 0xfa, 0x80, 0xfa, 0x80, 0xfa, 0x80, 0xfa, 0x80, 0xfa, 0x80, 0xfa,
    0x80, 0xfa, 0x80, 0xfa, 0x80, 0xfa, 0x80, 0xfa, 0x80, 0xfa, 0x80, 0xfa,
    0x80, 0xfa, 0x80, 0xfa, 0x80, 0xfa, 0x80, 0xfa, 0x80, 0xfa, 0x80, 0xfa,
    0x80, 0xfa, 0x80, 0xfa, 0x80, 0xfa, 0x80, 0xfa, 0x80, 0xfa, 0x80, 0xfa,
    0x80, 0xfa, 0x80, 0xfa, 0x80, 0xfa, 0x80, 0xfa, 0x80, 0xfa, 0x80, 0xfa,
    0x80, 0xfa, 0x80, 0xfa, 0x80, 0xfa, 0x80, 0xfa, 0x80, 0xfa, 0x80, 0xfa,
    0x80, 0xfa, 0x80, 0xfa, 0x80, 0xfa, 0x80, 0xfa, 0x80, 0xfa, 0x60, 0x20,
    0x00, 0x00, 0x00, 0x00, 0x00, 0x00, 0x00, 0x00, 0x00, 0x00, 0x00, 0x00,
    0x00, 0x00, 0x00, 0x00, 0x00, 0x00, 0x00, 0x00, 0x00, 0x00, 0x00, 0x00,
    0x00, 0x00, 0x00, 0x00, 0x00, 0x00, 0x00, 0x00, 0x00, 0x00, 0x00, 0x00,
    0x00, 0x00, 0x00, 0x00, 0x00, 0x00, 0x00, 0x00, 0x00, 0x00, 0x00, 0x00,
    0x00, 0x00, 0x00, 0x00, 0x00, 0x00, 0x00, 0x00, 0x00, 0x00, 0x00, 0x00,
    0x00, 0x00, 0x00, 0x00, 0x00, 0x00, 0x00, 0x00, 0x00, 0x00, 0x00, 0x00,
    0x00, 0x00, 0x00, 0x00, 0x00, 0x00, 0x00, 0x00, 0x00, 0x00, 0x00, 0x00,
    0x00, 0x00, 0x00, 0x00, 0x00, 0x00, 0x00, 0x00, 0x00, 0x00, 0x00, 0x00,
    0x00, 0x00, 0x00, 0x00, 0x00, 0x00, 0x00, 0x00, 0x00, 0x00, 0x00, 0x00,
    0x00, 0x00, 0x00, 0x00, 0x00, 0x00, 0x00, 0x00, 0x00, 0x00, 0x00, 0x00,
    0x00, 0x00, 0x00, 0x00, 0x00, 0x00, 0x00, 0x00, 0x00, 0x00, 0x00, 0x00,
    0x00, 0x00, 0x00, 0x00, 0x00, 0x00, 0x00, 0x00, 0x00, 0x00, 0x00, 0x00,
    0x00, 0x00, 0x00, 0x00, 0x00, 0x00, 0x00, 0x00, 0x00, 0x00, 0x00, 0x00,
    0x00, 0x00, 0x00, 0x00, 0x00, 0x00, 0x00, 0x00, 0x00, 0x00, 0x00, 0x00,
    0x00, 0x00, 0x00, 0x00, 0x00, 0x00, 0x00, 0x00, 0x00, 0x00, 0x00, 0x00,
    0x00, 0x00, 0x00, 0x00, 0x00, 0x00, 0x00, 0x00, 0x00, 0x00, 0x00, 0x00,
    0x00, 0x00, 0x00, 0x00, 0x00, 0x00, 0x00, 0x00, 0x00, 0x00, 0x00, 0x00,
    0x00, 0x00, 0x00, 0x00, 0x00, 0x00, 0x00, 0x00, 0x00, 0x00, 0x00, 0x00,
    0x00, 0x00, 0x00, 0x00, 0x00, 0x00, 0x00, 0x00, 0x00, 0x00, 0x00, 0x00,
    0x00, 0x00, 0x00, 0x00, 0x00, 0x00, 0x00, 0x00, 0x00, 0x00, 0x00, 0x00,
    0x00, 0x00, 0x00, 0x00, 0x00, 0x00, 0x00, 0x00, 0x00, 0x00, 0x00, 0x00,
    0x00, 0x00, 0x00, 0x00, 0x00, 0x00, 0x00, 0x00, 0x00, 0x00, 0x00, 0x00,
    0x00, 0x00, 0x00, 0x00, 0x00, 0x00, 0x00, 0x00, 0x00, 0x00, 0x00, 0x00,
    0x00, 0x00, 0x00, 0x00, 0x00, 0x00, 0x00, 0x00, 0x00, 0x00, 0x00, 0x00,
    0x00, 0x00, 0x00, 0x00, 0x00, 0x00, 0x00, 0x00, 0x00, 0x00, 0x00, 0x00,
    0x00, 0x00, 0x00, 0x00, 0x00, 0x00, 0x00, 0x00, 0x00, 0x00, 0x00, 0x00,
    0x00, 0x00, 0x00, 0x00, 0x00, 0x00, 0x00, 0x00, 0x00, 0x00, 0x00, 0x00,
    0x00, 0x00, 0x00, 0x00, 0x00, 0x00, 0x00, 0x00, 0x00, 0x00, 0x00, 0x00,
    0x00, 0x00, 0x00, 0x00, 0x00, 0x00, 0x00, 0x00, 0x00, 0x00, 0x00, 0x00,
    0x00, 0x00, 0x00, 0x00, 0x00, 0x00, 0x00, 0x00, 0x00, 0x00, 0x00, 0x00,
    0x00, 0x00, 0x00, 0x00, 0x00, 0x00, 0x00, 0x00, 0x00, 0x00, 0x00, 0x00,
    0x00, 0x00, 0x00, 0x00, 0x00, 0x00, 0x00, 0x00, 0x00, 0x00, 0x00, 0x00,
    0x00, 0x00, 0x00, 0x00, 0x00, 0x00, 0x00, 0x00, 0x00, 0x00, 0x00, 0x00,
    0x00, 0x00, 0x00, 0x00, 0x00, 0x00, 0x00, 0x00, 0x00, 0x00, 0x80, 0xfa,
    0x80, 0xfa, 0x80, 0xfa, 0x80, 0xfa, 0x80, 0xfa, 0x80, 0xfa, 0x80, 0xfa,
    0x80, 0xfa, 0x80, 0xfa, 0x80, 0xfa, 0x80, 0xfa, 0x80, 0xfa, 0x80, 0xfa,
    0x80, 0xfa, 0x80, 0xfa, 0x80, 0xfa, 0x80, 0xfa, 0x80, 0xfa, 0x80, 0xfa,
    0x80, 0xfa, 0x80, 0xfa, 0x80, 0xfa, 0x80, 0xfa, 0x80, 0xfa, 0x80, 0xfa,
    0x80, 0xfa, 0x80, 0xfa, 0x80, 0xfa, 0x80, 0xfa, 0x80, 0xfa, 0x80, 0xfa,
    0x80, 0xfa, 0x80, 0xfa, 0x80, 0xfa, 0x80, 0xfa, 0x80, 0xfa, 0x80, 0xfa,
    0x80, 0xfa, 0x80, 0xfa, 0x80, 0xfa, 0x80, 0xfa, 0x80, 0xfa, 0x80, 0xfa,
    0x80, 0xfa, 0x80, 0xfa, 0x80, 0xfa, 0x80, 0xfa, 0x80, 0xfa, 0x80, 0xfa,
    0x80, 0xfa, 0x80, 0xfa, 0x80, 0xfa, 0x80, 0xfa, 0x80, 0xfa, 0x80, 0xfa,
    0x80, 0xfa, 0x80, 0xfa, 0x80, 0xfa, 0x80, 0xfa, 0x80, 0xfa, 0x80, 0xfa,
    0x80, 0xfa, 0x80, 0xfa, 0x80, 0xfa, 0x80, 0xfa, 0x80, 0xfa, 0x80, 0xfa,
    0x80, 0xfa, 0x80, 0xfa, 0x80, 0xfa, 0x80, 0xfa, 0x80, 0xfa, 0x80, 0xfa,
    0x80, 0xfa, 0x80, 0xfa, 0x80, 0xfa, 0x80, 0xfa, 0x80, 0xfa, 0x80, 0xfa,
    0x80, 0xfa, 0x80, 0xfa, 0x80, 0xfa, 0x80, 0xfa, 0x80, 0xfa, 0x80, 0xfa,
    0x80, 0xfa, 0x80, 0xfa, 0x80, 0xfa, 0x80, 0xfa, 0x80, 0xfa, 0x80, 0xfa,
    0x80, 0xfa, 0x60, 0x20, 0x00, 0x00, 0x00, 0x00, 0x00, 0x00, 0x00, 0x00,
    0x00, 0x00, 0x00, 0x00, 0x00, 0x00, 0x00, 0x00, 0x00, 0x00, 0x00, 0x00,
    0x00, 0x00, 0x00, 0x00, 0x00, 0x00, 0x00, 0x00, 0x00, 0x00, 0x00, 0x00,
    0x00, 0x00, 0x00, 0x00, 0x00, 0x00, 0x00, 0x00, 0x00, 0x00, 0x00, 0x00,
    0x00, 0x00, 0x00, 0x00, 0x00, 0x00, 0x00, 0x00, 0x00, 0x00, 0x00, 0x00,
    0x00, 0x00, 0x00, 0x00, 0x00, 0x00, 0x00, 0x00, 0x00, 0x00, 0x00, 0x00,
    0x00, 0x00, 0x00, 0x00, 0x00, 0x00, 0x00, 0x00, 0x00, 0x00, 0x00, 0x00,
    0x00, 0x00, 0x00, 0x00, 0x00, 0x00, 0x00, 0x00, 0x00, 0x00, 0x00, 0x00,
    0x00, 0x00, 0x00, 0x00, 0x00, 0x00, 0x00, 0x00, 0x00, 0x00, 0x00, 0x00,
    0x00, 0x00, 0x00, 0x00, 0x00, 0x00, 0x00, 0x00, 0x00, 0x00, 0x00, 0x00,
    0x00, 0x00, 0x00, 0x00, 0x00, 0x00, 0x00, 0x00, 0x00, 0x00, 0x00, 0x00,
    0x00, 0x00, 0x00, 0x00, 0x00, 0x00, 0x00, 0x00, 0x00, 0x00, 0x00, 0x00,
    0x00, 0x00, 0x00, 0x00, 0x00, 0x00, 0x00, 0x00, 0x00, 0x00, 0x00, 0x00,
    0x00, 0x00, 0x00, 0x00, 0x00, 0x00, 0x00, 0x00, 0x00, 0x00, 0x00, 0x00,
    0x00, 0x00, 0x00, 0x00, 0x00, 0x00, 0x00, 0x00, 0x00, 0x00, 0x00, 0x00,
    0x00, 0x00, 0x00, 0x00, 0x00, 0x00, 0x00, 0x00, 0x00, 0x00, 0x00, 0x00,
    0x00, 0x00, 0x00, 0x00, 0x00, 0x00, 0x00, 0x00, 0x00, 0x00, 0x00, 0x00,
    0x00, 0x00, 0x00, 0x00, 0x00, 0x00, 0x00, 0x00, 0x00, 0x00, 0x00, 0x00,
    0x00, 0x00, 0x00, 0x00, 0x00, 0x00, 0x00, 0x00, 0x00, 0x00, 0x00, 0x00,
    0x00, 0x00, 0x00, 0x00, 0x00, 0x00, 0x00, 0x00, 0x00, 0x00, 0x00, 0x00,
    0x00, 0x00, 0x00, 0x00, 0x00, 0x00, 0x00, 0x00, 0x00, 0x00, 0x00, 0x00,
    0x00, 0x00, 0x00, 0x00, 0x00, 0x00, 0x00, 0x00, 0x00, 0x00, 0x00, 0x00,
    0x00, 0x00, 0x00, 0x00, 0x00, 0x00, 0x00, 0x00, 0x00, 0x00, 0x00, 0x00,
    0x00, 0x00, 0x00, 0x00, 0x00, 0x00, 0x00, 0x00, 0x00, 0x00, 0x00, 0x00,
    0x00, 0x00, 0x00, 0x00, 0x00, 0x00, 0x00, 0x00, 0x00, 0x00, 0x00, 0x00,
    0x00, 0x00, 0x00, 0x00, 0x00, 0x00, 0x00, 0x00, 0x00, 0x00, 0x00, 0x00,
    0x00, 0x00, 0x00, 0x00, 0x00, 0x00, 0x00, 0x00, 0x00, 0x00, 0x00, 0x00,
    0x00, 0x00, 0x00, 0x00, 0x00, 0x00, 0x00, 0x00, 0x00, 0x00, 0x00, 0x00,
    0x00, 0x00, 0x00, 0x00, 0x00, 0x00, 0x00, 0x00, 0x00, 0x00, 0x00, 0x00,
    0x00, 0x00, 0x00, 0x00, 0x00, 0x00, 0x00, 0x00, 0x00, 0x00, 0x00, 0x00,
    0x00, 0x00, 0x00, 0x00, 0x00, 0x00, 0x00, 0x00, 0x00, 0x00, 0x00, 0x00,
    0x00, 0x00, 0x00, 0x00, 0x00, 0x00, 0x00, 0x00, 0x00, 0x00, 0x00, 0x00,
    0x00, 0x00, 0x00, 0x00, 0x00, 0x00, 0x00, 0x00, 0x00, 0x00, 0x00, 0x00,
    0x00, 0x00, 0x00, 0x00, 0x00, 0x00, 0x00, 0x00, 0x00, 0x00, 0x00, 0x00,
    0x00, 0x00, 0x80, 0xfa, 0x80, 0xfa, 0x80, 0xfa, 0x80, 0xfa, 0x80, 0xfa,
    0x80, 0xfa, 0x80, 0xfa, 0x80, 0xfa, 0x80, 0xfa, 0x80, 0xfa, 0x80, 0xfa,
    0x80, 0xfa, 0x80, 0xfa, 0x80, 0xfa, 0x80, 0xfa, 0x80, 0xfa, 0x80, 0xfa,
    0x80, 0xfa, 0x80, 0xfa, 0x80, 0xfa, 0x80, 0xfa, 0x80, 0xfa, 0x80, 0xfa,
    0x80, 0xfa, 0x80, 0xfa, 0x80, 0xfa, 0x80, 0xfa, 0x80, 0xfa, 0x80, 0xfa,
    0x80, 0xfa, 0x80, 0xfa, 0x80, 0xfa, 0x80, 0xfa, 0x80, 0xfa, 0x80, 0xfa,
    0x80, 0xfa, 0x80, 0xfa, 0x80, 0xfa, 0x80, 0xfa, 0x80, 0xfa, 0x80, 0xfa,
    0x80, 0xfa, 0x80, 0xfa, 0x80, 0xfa, 0x80, 0xfa, 0x80, 0xfa, 0x80, 0xfa,
    0x80, 0xfa, 0x80, 0xfa, 0x80, 0xfa, 0x80, 0xfa, 0x80, 0xfa, 0x80, 0xfa,
    0x80, 0xfa, 0x80, 0xfa, 0x80, 0xfa, 0x80, 0xfa, 0x80, 0xfa, 0x80, 0xfa,
    0x80, 0xfa, 0x80, 0xfa, 0x80, 0xfa, 0x80, 0xfa, 0x80, 0xfa, 0x80, 0xfa,
    0x80, 0xfa, 0x80, 0xfa, 0x80, 0xfa, 0x80, 0xfa, 0x80, 0xfa, 0x80, 0xfa,
    0x80, 0xfa, 0x80, 0xfa, 0x80, 0xfa, 0x80, 0xfa, 0x80, 0xfa, 0x80, 0xfa,
    0x80, 0xfa, 0x80, 0xfa, 0x80, 0xfa, 0x80, 0xfa, 0x80, 0xfa, 0x80, 0xfa,
    0x80, 0xfa, 0x80, 0xfa, 0x80, 0xfa, 0x80, 0xfa, 0x80, 0xfa, 0x80, 0xfa,
    0x80, 0xfa, 0x80, 0xfa, 0x80, 0xfa, 0x40, 0x20, 0x00, 0x00, 0x00, 0x00,
    0x00, 0x00, 0x00, 0x00, 0x00, 0x00, 0x00, 0x00, 0x00, 0x00, 0x00, 0x00,
    0x00, 0x00, 0x00, 0x00, 0x00, 0x00, 0x00, 0x00, 0x00, 0x00, 0x00, 0x00,
    0x00, 0x00, 0x00, 0x00, 0x00, 0x00, 0x00, 0x00, 0x00, 0x00, 0x00, 0x00,
    0x00, 0x00, 0x00, 0x00, 0x00, 0x00, 0x00, 0x00, 0x00, 0x00, 0x00, 0x00,
    0x00, 0x00, 0x00, 0x00, 0x00, 0x00, 0x00, 0x00, 0x00, 0x00, 0x00, 0x00,
    0x00, 0x00, 0x00, 0x00, 0x00, 0x00, 0x00, 0x00, 0x00, 0x00, 0x00, 0x00,
    0x00, 0x00, 0x00, 0x00, 0x00, 0x00, 0x00, 0x00, 0x00, 0x00, 0x00, 0x00,
    0x00, 0x00, 0x00, 0x00, 0x00, 0x00, 0x00, 0x00, 0x00, 0x00, 0x00, 0x00,
    0x00, 0x00, 0x00, 0x00, 0x00, 0x00, 0x00, 0x00, 0x00, 0x00, 0x00, 0x00,
    0x00, 0x00, 0x00, 0x00, 0x00, 0x00, 0x00, 0x00, 0x00, 0x00, 0x00, 0x00,
    0x00, 0x00, 0x00, 0x00, 0x00, 0x00, 0x00, 0x00, 0x00, 0x00, 0x00, 0x00,
    0x00, 0x00, 0x00, 0x00, 0x00, 0x00, 0x00, 0x00, 0x00, 0x00, 0x00, 0x00,
    0x00, 0x00, 0x00, 0x00, 0x00, 0x00, 0x00, 0x00, 0x00, 0x00, 0x00, 0x00,
    0x00, 0x00, 0x00, 0x00, 0x00, 0x00, 0x00, 0x00, 0x00, 0x00, 0x00, 0x00,
    0x00, 0x00, 0x00, 0x00, 0x00, 0x00, 0x00, 0x00, 0x00, 0x00, 0x00, 0x00,
    0x00, 0x00, 0x00, 0x00, 0x00, 0x00, 0x00, 0x00, 0x00, 0x00, 0x00, 0x00,
    0x00, 0x00, 0x00, 0x00, 0x00, 0x00, 0x00, 0x00, 0x00, 0x00, 0x00, 0x00,
    0x00, 0x00, 0x00, 0x00, 0x00, 0x00, 0x00, 0x00, 0x00, 0x00, 0x00, 0x00,
    0x00, 0x00, 0x00, 0x00, 0x00, 0x00, 0x00, 0x00, 0x00, 0x00, 0x00, 0x00,
    0x00, 0x00, 0x00, 0x00, 0x00, 0x00, 0x00, 0x00, 0x00, 0x00, 0x00, 0x00,
    0x00, 0x00, 0x00, 0x00, 0x00, 0x00, 0x00, 0x00, 0x00, 0x00, 0x00, 0x00,
    0x00, 0x00, 0x00, 0x00, 0x00, 0x00, 0x00, 0x00, 0x00, 0x00, 0x00, 0x00,
    0x00, 0x00, 0x00, 0x00, 0x00, 0x00, 0x00, 0x00, 0x00, 0x00, 0x00, 0x00,
    0x00, 0x00, 0x00, 0x00, 0x00, 0x00, 0x00, 0x00, 0x00, 0x00, 0x00, 0x00,
    0x00, 0x00, 0x00, 0x00, 0x00, 0x00, 0x00, 0x00, 0x00, 0x00, 0x00, 0x00,
    0x00, 0x00, 0x00, 0x00, 0x00, 0x00, 0x00, 0x00, 0x00, 0x00, 0x00, 0x00,
    0x00, 0x00, 0x00, 0x00, 0x00, 0x00, 0x00, 0x00, 0x00, 0x00, 0x00, 0x00,
    0x00, 0x00, 0x00, 0x00, 0x00, 0x00, 0x00, 0x00, 0x00, 0x00, 0x00, 0x00,
    0x00, 0x00, 0x00, 0x00, 0x00, 0x00, 0x00, 0x00, 0x00, 0x00, 0x00, 0x00,
    0x00, 0x00, 0x00, 0x00, 0x00, 0x00, 0x00, 0x00, 0x00, 0x00, 0x00, 0x00,
    0x00, 0x00, 0x00, 0x00, 0x00, 0x00, 0x00, 0x00, 0x00, 0x00, 0x00, 0x00,
    0x00, 0x00, 0x00, 0x00, 0x00, 0x00, 0x00, 0x00, 0x00, 0x00, 0x00, 0x00,
    0x00, 0x00, 0x00, 0x00, 0x00, 0x00, 0x00, 0x00, 0x00, 0x00, 0x00, 0x00,
    0x00, 0x00, 0x00, 0x00, 0x00, 0x00, 0x80, 0xfa, 0x80, 0xfa, 0x80, 0xfa,
    0x80, 0xfa, 0x80, 0xfa, 0x80, 0xfa, 0x80, 0xfa, 0x80, 0xfa, 0x80, 0xfa,
    0x80, 0xfa, 0x80, 0xfa, 0x80, 0xfa, 0x80, 0xfa, 0x80, 0xfa, 0x80, 0xfa,
    0x80, 0xfa, 0x80, 0xfa, 0x80, 0xfa, 0x80, 0xfa, 0x80, 0xfa, 0x80, 0xfa,
    0x80, 0xfa, 0x80, 0xfa, 0x80, 0xfa, 0x80, 0xfa, 0x80, 0xfa, 0x80, 0xfa,
    0x80, 0xfa, 0x80, 0xfa, 0x80, 0xfa, 0x80, 0xfa, 0x80, 0xfa, 0x80, 0xfa,
    0x80, 0xfa, 0x80, 0xfa, 0x80, 0xfa, 0x80, 0xfa, 0x80, 0xfa, 0x80, 0xfa,
    0x80, 0xfa, 0x80, 0xfa, 0x80, 0xfa, 0x80, 0xfa, 0x80, 0xfa, 0x80, 0xfa,
    0x80, 0xfa, 0x80, 0xfa, 0x80, 0xfa, 0x80, 0xfa, 0x80, 0xfa, 0x80, 0xfa,
    0x80, 0xfa, 0x80, 0xfa, 0x80, 0xfa, 0x80, 0xfa, 0x80, 0xfa, 0x80, 0xfa,
    0x80, 0xfa, 0x80, 0xfa, 0x80, 0xfa, 0x80, 0xfa, 0x80, 0xfa, 0x80, 0xfa,
    0x80, 0xfa, 0x80, 0xfa, 0x80, 0xfa, 0x80, 0xfa, 0x80, 0xfa, 0x80, 0xfa,
    0x80, 0xfa, 0x80, 0xfa, 0x80, 0xfa, 0x80, 0xfa, 0x80, 0xfa, 0x80, 0xfa,
    0x80, 0xfa, 0x80, 0xfa, 0x80, 0xfa, 0x80, 0xfa, 0x80, 0xfa, 0x80, 0xfa,
    0x80, 0xfa, 0x80, 0xfa, 0x80, 0xfa, 0x80, 0xfa, 0x80, 0xfa, 0x80, 0xfa,
    0x80, 0xfa, 0x80, 0xfa, 0x80, 0xfa, 0x80, 0xfa, 0x80, 0xfa, 0x40, 0x20,
    0x00, 0x00, 0x00, 0x00, 0x00, 0x00, 0x00, 0x00, 0x00, 0x00, 0x00, 0x00,
    0x00, 0x00, 0x00, 0x00, 0x00, 0x00, 0x00, 0x00, 0x00, 0x00, 0x00, 0x00,
    0x00, 0x00, 0x00, 0x00, 0x00, 0x00, 0x00, 0x00, 0x00, 0x00, 0x00, 0x00,
    0x00, 0x00, 0x00, 0x00, 0x00, 0x00, 0x00, 0x00, 0x00, 0x00, 0x00, 0x00,
    0x00, 0x00, 0x00, 0x00, 0x00, 0x00, 0x00, 0x00, 0x00, 0x00, 0x00, 0x00,
    0x00, 0x00, 0x00, 0x00, 0x00, 0x00, 0x00, 0x00, 0x00, 0x00, 0x00, 0x00,
    0x00, 0x00, 0x00, 0x00, 0x00, 0x00, 0x00, 0x00, 0x00, 0x00, 0x00, 0x00,
    0x00, 0x00, 0x00, 0x00, 0x00, 0x00, 0x00, 0x00, 0x00, 0x00, 0x00, 0x00,
    0x00, 0x00, 0x00, 0x00, 0x00, 0x00, 0x00, 0x00, 0x00, 0x00, 0x00, 0x00,
    0x00, 0x00, 0x00, 0x00, 0x00, 0x00, 0x00, 0x00, 0x00, 0x00, 0x00, 0x00,
    0x00, 0x00, 0x00, 0x00, 0x00, 0x00, 0x00, 0x00, 0x00, 0x00, 0x00, 0x00,
    0x00, 0x00, 0x00, 0x00, 0x00, 0x00, 0x00, 0x00, 0x00, 0x00, 0x00, 0x00,
    0x00, 0x00, 0x00, 0x00, 0x00, 0x00, 0x00, 0x00, 0x00, 0x00, 0x00, 0x00,
    0x00, 0x00, 0x00, 0x00, 0x00, 0x00, 0x00, 0x00, 0x00, 0x00, 0x00, 0x00,
    0x00, 0x00, 0x00, 0x00, 0x00, 0x00, 0x00, 0x00, 0x00, 0x00, 0x00, 0x00,
    0x00, 0x00, 0x00, 0x00, 0x00, 0x00, 0x00, 0x00, 0x00, 0x00, 0x00, 0x00,
    0x00, 0x00, 0x00, 0x00, 0x00, 0x00, 0x00, 0x00, 0x00, 0x00, 0x00, 0x00,
    0x00, 0x00, 0x00, 0x00, 0x00, 0x00, 0x00, 0x00, 0x00, 0x00, 0x00, 0x00,
    0x00, 0x00, 0x00, 0x00, 0x00, 0x00, 0x00, 0x00, 0x00, 0x00, 0x00, 0x00,
    0x00, 0x00, 0x00, 0x00, 0x00, 0x00, 0x00, 0x00, 0x00, 0x00, 0x00, 0x00,
    0x00, 0x00, 0x00, 0x00, 0x00, 0x00, 0x00, 0x00, 0x00, 0x00, 0x00, 0x00,
    0x00, 0x00, 0x00, 0x00, 0x00, 0x00, 0x00, 0x00, 0x00, 0x00, 0x00, 0x00,
    0x00, 0x00, 0x00, 0x00, 0x00, 0x00, 0x00, 0x00, 0x00, 0x00, 0x00, 0x00,
    0x00, 0x00, 0x00, 0x00, 0x00, 0x00, 0x00, 0x00, 0x00, 0x00, 0x00, 0x00,
    0x00, 0x00, 0x00, 0x00, 0x00, 0x00, 0x00, 0x00, 0x00, 0x00, 0x00, 0x00,
    0x00, 0x00, 0x00, 0x00, 0x00, 0x00, 0x00, 0x00, 0x00, 0x00, 0x00, 0x00,
    0x00, 0x00, 0x00, 0x00, 0x00, 0x00, 0x00, 0x00, 0x00, 0x00, 0x00, 0x00,
    0x00, 0x00, 0x00, 0x00, 0x00, 0x00, 0x00, 0x00, 0x00, 0x00, 0x00, 0x00,
    0x00, 0x00, 0x00, 0x00, 0x00, 0x00, 0x00, 0x00, 0x00, 0x00, 0x00, 0x00,
    0x00, 0x00, 0x00, 0x00, 0x00, 0x00, 0x00, 0x00, 0x00, 0x00, 0x00, 0x00,
    0x00, 0x00, 0x00, 0x00, 0x00, 0x00, 0x00, 0x00, 0x00, 0x00, 0x00, 0x00,
    0x00, 0x00, 0x00, 0x00, 0x00, 0x00, 0x00, 0x00, 0x00, 0x00, 0x00, 0x00,
    0x00, 0x00, 0x00, 0x00, 0x00, 0x00, 0x00, 0x00, 0x00, 0x00, 0x00, 0x00,
    0x00, 0x00, 0x00, 0x00, 0x00, 0x00, 0x00, 0x00, 0x00, 0x00, 0x80, 0xfa,
    0x80, 0xfa, 0x80, 0xfa, 0x80, 0xfa, 0x80, 0xfa, 0x80, 0xfa, 0x80, 0xfa,
    0x80, 0xfa, 0x80, 0xfa, 0x80, 0xfa, 0x80, 0xfa, 0x80, 0xfa, 0x80, 0xfa,
    0x80, 0xfa, 0x80, 0xfa, 0x80, 0xfa, 0x80, 0xfa, 0x80, 0xfa, 0x80, 0xfa,
    0x80, 0xfa, 0x80, 0xfa, 0x80, 0xfa, 0x80, 0xfa, 0x80, 0xfa, 0x80, 0xfa,
    0x80, 0xfa, 0x80, 0xfa, 0x80, 0xfa, 0x80, 0xfa, 0x80, 0xfa, 0x80, 0xfa,
    0x80, 0xfa, 0x80, 0xfa, 0x80, 0xfa, 0x80, 0xfa, 0x80, 0xfa, 0x80, 0xfa,
    0x80, 0xfa, 0x80, 0xfa, 0x80, 0xfa, 0x80, 0xfa, 0x80, 0xfa, 0x80, 0xfa,
    0x80, 0xfa, 0x80, 0xfa, 0x80, 0xfa, 0x80, 0xfa, 0x80, 0xfa, 0x80, 0xfa,
    0x80, 0xfa, 0x80, 0xfa, 0x80, 0xfa, 0x80, 0xfa, 0x80, 0xfa, 0x80, 0xfa,
    0x80, 0xfa, 0x80, 0xfa, 0x80, 0xfa, 0x80, 0xfa, 0x80, 0xfa, 0x80, 0xfa,
    0x80, 0xfa, 0x80, 0xfa, 0x80, 0xfa, 0x80, 0xfa, 0x80, 0xfa, 0x80, 0xfa,
    0x80, 0xfa, 0x80, 0xfa, 0x80, 0xfa, 0x80, 0xfa, 0x80, 0xfa, 0x80, 0xfa,
    0x80, 0xfa, 0x80, 0xfa, 0x80, 0xfa, 0x80, 0xfa, 0x80, 0xfa, 0x80, 0xfa,
    0x80, 0xfa, 0x80, 0xfa, 0x80, 0xfa, 0x80, 0xfa, 0x80, 0xfa, 0x80, 0xfa,
    0x80, 0xfa, 0x80, 0xfa, 0x80, 0xfa, 0x80, 0xfa, 0x80, 0xfa, 0x80, 0xfa,
    0x80, 0xfa, 0x60, 0x20, 0x00, 0x00, 0x00, 0x00, 0x00, 0x00, 0x00, 0x00,
    0x00, 0x00, 0x00, 0x00, 0x00, 0x00, 0x00, 0x00, 0x00, 0x00, 0x00, 0x00,
    0x00, 0x00, 0x00, 0x00, 0x00, 0x00, 0x00, 0x00, 0x00, 0x00, 0x00, 0x00,
    0x00, 0x00, 0x00, 0x00, 0x00, 0x00, 0x00, 0x00, 0x00, 0x00, 0x00, 0x00,
    0x00, 0x00, 0x00, 0x00, 0x00, 0x00, 0x00, 0x00, 0x00, 0x00, 0x00, 0x00,
    0x00, 0x00, 0x00, 0x00, 0x00, 0x00, 0x00, 0x00, 0x00, 0x00, 0x00, 0x00,
    0x00, 0x00, 0x00, 0x00, 0x00, 0x00, 0x00, 0x00, 0x00, 0x00, 0x00, 0x00,
    0x00, 0x00, 0x00, 0x00, 0x00, 0x00, 0x00, 0x00, 0x00, 0x00, 0x00, 0x00,
    0x00, 0x00, 0x00, 0x00, 0x00, 0x00, 0x00, 0x00, 0x00, 0x00, 0x00, 0x00,
    0x00, 0x00, 0x00, 0x00, 0x00, 0x00, 0x00, 0x00, 0x00, 0x00, 0x00, 0x00,
    0x00, 0x00, 0x00, 0x00, 0x00, 0x00, 0x00, 0x00, 0x00, 0x00, 0x00, 0x00,
    0x00, 0x00, 0x00, 0x00, 0x00, 0x00, 0x00, 0x00, 0x00, 0x00, 0x00, 0x00,
    0x00, 0x00, 0x00, 0x00, 0x00, 0x00, 0x00, 0x00, 0x00, 0x00, 0x00, 0x00,
    0x00, 0x00, 0x00, 0x00, 0x00, 0x00, 0x00, 0x00, 0x00, 0x00, 0x00, 0x00,
    0x00, 0x00, 0x00, 0x00, 0x00, 0x00, 0x00, 0x00, 0x00, 0x00, 0x00, 0x00,
    0x00, 0x00, 0x00, 0x00, 0x00, 0x00, 0x00, 0x00, 0x00, 0x00, 0x00, 0x00,
    0x00, 0x00, 0x00, 0x00, 0x00, 0x00, 0x00, 0x00, 0x00, 0x00, 0x00, 0x00,
    0x00, 0x00, 0x00, 0x00, 0x00, 0x00, 0x00, 0x00, 0x00, 0x00, 0x00, 0x00,
    0x00, 0x00, 0x00, 0x00, 0x00, 0x00, 0x00, 0x00, 0x00, 0x00, 0x00, 0x00,
    0x00, 0x00, 0x00, 0x00, 0x00, 0x00, 0x00, 0x00, 0x00, 0x00, 0x00, 0x00,
    0x00, 0x00, 0x00, 0x00, 0x00, 0x00, 0x00, 0x00, 0x00, 0x00, 0x00, 0x00,
    0x00, 0x00, 0x00, 0x00, 0x00, 0x00, 0x00, 0x00, 0x00, 0x00, 0x00, 0x00,
    0x00, 0x00, 0x00, 0x00, 0x00, 0x00, 0x00, 0x00, 0x00, 0x00, 0x00, 0x00,
    0x00, 0x00, 0x00, 0x00, 0x00, 0x00, 0x00, 0x00, 0x00, 0x00, 0x00, 0x00,
    0x00, 0x00, 0x00, 0x00, 0x00, 0x00, 0x00, 0x00, 0x00, 0x00, 0x00, 0x00,
    0x00, 0x00, 0x00, 0x00, 0x00, 0x00, 0x00, 0x00, 0x00, 0x00, 0x00, 0x00,
    0x00, 0x00, 0x00, 0x00, 0x00, 0x00, 0x00, 0x00, 0x00, 0x00, 0x00, 0x00,
    0x00, 0x00, 0x00, 0x00, 0x00, 0x00, 0x00, 0x00, 0x00, 0x00, 0x00, 0x00,
    0x00, 0x00, 0x00, 0x00, 0x00, 0x00, 0x00, 0x00, 0x00, 0x00, 0x00, 0x00,
    0x00, 0x00, 0x00, 0x00, 0x00, 0x00, 0x00, 0x00, 0x00, 0x00, 0x00, 0x00,
    0x00, 0x00, 0x00, 0x00, 0x00, 0x00, 0x00, 0x00, 0x00, 0x00, 0x00, 0x00,
    0x00, 0x00, 0x00, 0x00, 0x00, 0x00, 0x00, 0x00, 0x00, 0x00, 0x00, 0x00,
    0x00, 0x00, 0x00, 0x00, 0x00, 0x00, 0x00, 0x00, 0x00, 0x00, 0x00, 0x00,
    0x00, 0x00, 0x00, 0x00, 0x00, 0x00, 0x00, 0x00, 0x00, 0x00, 0x00, 0x00,
    0x00, 0x00, 0x80, 0xfa, 0x80, 0xfa, 0x80, 0xfa, 0x80, 0xfa, 0x80, 0xfa,
    0x80, 0xfa, 0x80, 0xfa, 0x80, 0xfa, 0x80, 0xfa, 0x80, 0xfa, 0x80, 0xfa,
    0x80, 0xfa, 0x80, 0xfa, 0x80, 0xfa, 0x80, 0xfa, 0x80, 0xfa, 0x80, 0xfa,
    0x80, 0xfa, 0x80, 0xfa, 0x80, 0xfa, 0x80, 0xfa, 0x80, 0xfa, 0x80, 0xfa,
    0x80, 0xfa, 0x80, 0xfa, 0x80, 0xfa, 0x80, 0xfa, 0x80, 0xfa, 0x80, 0xfa,
    0x80, 0xfa, 0x80, 0xfa, 0x80, 0xfa, 0x80, 0xfa, 0x80, 0xfa, 0x80, 0xfa,
    0x80, 0xfa, 0x80, 0xfa, 0x80, 0xfa, 0x80, 0xfa, 0x80, 0xfa, 0x80, 0xfa,
    0x80, 0xfa, 0x80, 0xfa, 0x80, 0xfa, 0x80, 0xfa, 0x80, 0xfa, 0x80, 0xfa,
    0x80, 0xfa, 0x80, 0xfa, 0x80, 0xfa, 0x80, 0xfa, 0x80, 0xfa, 0x80, 0xfa,
    0x80, 0xfa, 0x80, 0xfa, 0x80, 0xfa, 0x80, 0xfa, 0x80, 0xfa, 0x80, 0xfa,
    0x80, 0xfa, 0x80, 0xfa, 0x80, 0xfa, 0x80, 0xfa, 0x80, 0xfa, 0x80, 0xfa,
    0x80, 0xfa, 0x80, 0xfa, 0x80, 0xfa, 0x80, 0xfa, 0x80, 0xfa, 0x80, 0xfa,
    0x80, 0xfa, 0x80, 0xfa, 0x80, 0xfa, 0x80, 0xfa, 0x80, 0xfa, 0x80, 0xfa,
    0x80, 0xfa, 0x80, 0xfa, 0x80, 0xfa, 0x80, 0xfa, 0x80, 0xfa, 0x80, 0xfa,
    0x80, 0xfa, 0x80, 0xfa, 0x80, 0xfa, 0x80, 0xfa, 0x80, 0xfa, 0x80, 0xfa,
    0x80, 0xfa, 0x80, 0xfa, 0x80, 0xfa, 0x40, 0x20, 0x00, 0x00, 0x00, 0x00,
    0x00, 0x00, 0x00, 0x00, 0x00, 0x00, 0x00, 0x00, 0x00, 0x00, 0x00, 0x00,
    0x00, 0x00, 0x00, 0x00, 0x00, 0x00, 0x00, 0x00, 0x00, 0x00, 0x00, 0x00,
    0x00, 0x00, 0x00, 0x00, 0x00, 0x00, 0x00, 0x00, 0x00, 0x00, 0x00, 0x00,
    0x00, 0x00, 0x00, 0x00, 0x00, 0x00, 0x00, 0x00, 0x00, 0x00, 0x00, 0x00,
    0x00, 0x00, 0x00, 0x00, 0x00, 0x00, 0x00, 0x00, 0x00, 0x00, 0x00, 0x00,
    0x00, 0x00, 0x00, 0x00, 0x00, 0x00, 0x00, 0x00, 0x00, 0x00, 0x00, 0x00,
    0x00, 0x00, 0x00, 0x00, 0x00, 0x00, 0x00, 0x00, 0x00, 0x00, 0x00, 0x00,
    0x00, 0x00, 0x00, 0x00, 0x00, 0x00, 0x00, 0x00, 0x00, 0x00, 0x00, 0x00,
    0x00, 0x00, 0x00, 0x00, 0x00, 0x00, 0x00, 0x00, 0x00, 0x00, 0x00, 0x00,
    0x00, 0x00, 0x00, 0x00, 0x00, 0x00, 0x00, 0x00, 0x00, 0x00, 0x00, 0x00,
    0x00, 0x00, 0x00, 0x00, 0x00, 0x00, 0x00, 0x00, 0x00, 0x00, 0x00, 0x00,
    0x00, 0x00, 0x00, 0x00, 0x00, 0x00, 0x00, 0x00, 0x00, 0x00, 0x00, 0x00,
    0x00, 0x00, 0x00, 0x00, 0x00, 0x00, 0x00, 0x00, 0x00, 0x00, 0x00, 0x00,
    0x00, 0x00, 0x00, 0x00, 0x00, 0x00, 0x00, 0x00, 0x00, 0x00, 0x00, 0x00,
    0x00, 0x00, 0x00, 0x00, 0x00, 0x00, 0x00, 0x00, 0x00, 0x00, 0x00, 0x00,
    0x00, 0x00, 0x00, 0x00, 0x00, 0x00, 0x00, 0x00, 0x00, 0x00, 0x00, 0x00,
    0x00, 0x00, 0x00, 0x00, 0x00, 0x00, 0x00, 0x00, 0x00, 0x00, 0x00, 0x00,
    0x00, 0x00, 0x00, 0x00, 0x00, 0x00, 0x00, 0x00, 0x00, 0x00, 0x00, 0x00,
    0x00, 0x00, 0x00, 0x00, 0x00, 0x00, 0x00, 0x00, 0x00, 0x00, 0x00, 0x00,
    0x00, 0x00, 0x00, 0x00, 0x00, 0x00, 0x00, 0x00, 0x00, 0x00, 0x00, 0x00,
    0x00, 0x00, 0x00, 0x00, 0x00, 0x00, 0x00, 0x00, 0x00, 0x00, 0x00, 0x00,
    0x00, 0x00, 0x00, 0x00, 0x00, 0x00, 0x00, 0x00, 0x00, 0x00, 0x00, 0x00,
    0x00, 0x00, 0x00, 0x00, 0x00, 0x00, 0x00, 0x00, 0x00, 0x00, 0x00, 0x00,
    0x00, 0x00, 0x00, 0x00, 0x00, 0x00, 0x00, 0x00, 0x00, 0x00, 0x00, 0x00,
    0x00, 0x00, 0x00, 0x00, 0x00, 0x00, 0x00, 0x00, 0x00, 0x00, 0x00, 0x00,
    0x00, 0x00, 0x00, 0x00, 0x00, 0x00, 0x00, 0x00, 0x00, 0x00, 0x00, 0x00,
    0x00, 0x00, 0x00, 0x00, 0x00, 0x00, 0x00, 0x00, 0x00, 0x00, 0x00, 0x00,
    0x00, 0x00, 0x00, 0x00, 0x00, 0x00, 0x00, 0x00, 0x00, 0x00, 0x00, 0x00,
    0x00, 0x00, 0x00, 0x00, 0x00, 0x00, 0x00, 0x00, 0x00, 0x00, 0x00, 0x00,
    0x00, 0x00, 0x00, 0x00, 0x00, 0x00, 0x00, 0x00, 0x00, 0x00, 0x00, 0x00,
    0x00, 0x00, 0x00, 0x00, 0x00, 0x00, 0x00, 0x00, 0x00, 0x00, 0x00, 0x00,
    0x00, 0x00, 0x00, 0x00, 0x00, 0x00, 0x00, 0x00, 0x00, 0x00, 0x00, 0x00,
    0x00, 0x00, 0x00, 0x00, 0x00, 0x00, 0x00, 0x00, 0x00, 0x00, 0x00, 0x00,
    0x00, 0x00, 0x00, 0x00, 0x00, 0x00, 0x80, 0xfa, 0x80, 0xfa, 0x80, 0xfa,
    0x80, 0xfa, 0x80, 0xfa, 0x80, 0xfa, 0x80, 0xfa, 0x80, 0xfa, 0x80, 0xfa,
    0x80, 0xfa, 0x80, 0xfa, 0x80, 0xfa, 0x80, 0xfa, 0x80, 0xfa, 0x80, 0xfa,
    0x80, 0xfa, 0x80, 0xfa, 0x80, 0xfa, 0x80, 0xfa, 0x80, 0xfa, 0x80, 0xfa,
    0x80, 0xfa, 0x80, 0xfa, 0x80, 0xfa, 0x80, 0xfa, 0x80, 0xfa, 0x80, 0xfa,
    0x80, 0xfa, 0x80, 0xfa, 0x80, 0xfa, 0x80, 0xfa, 0x80, 0xfa, 0x80, 0xfa,
    0x80, 0xfa, 0x80, 0xfa, 0x80, 0xfa, 0x80, 0xfa, 0x80, 0xfa, 0x80, 0xfa,
    0x80, 0xfa, 0x80, 0xfa, 0x80, 0xfa, 0x80, 0xfa, 0x80, 0xfa, 0x80, 0xfa,
    0x80, 0xfa, 0x80, 0xfa, 0x80, 0xfa, 0x80, 0xfa, 0x80, 0xfa, 0x80, 0xfa,
    0x80, 0xfa, 0x80, 0xfa, 0x80, 0xfa, 0x80, 0xfa, 0x80, 0xfa, 0x80, 0xfa,
    0x80, 0xfa, 0x80, 0xfa, 0x80, 0xfa, 0x80, 0xfa, 0x80, 0xfa, 0x80, 0xfa,
    0x80, 0xfa, 0x80, 0xfa, 0x80, 0xfa, 0x80, 0xfa, 0x80, 0xfa, 0x80, 0xfa,
    0x80, 0xfa, 0x80, 0xfa, 0x80, 0xfa, 0x80, 0xfa, 0x80, 0xfa, 0x80, 0xfa,
    0x80, 0xfa, 0x80, 0xfa, 0x80, 0xfa, 0x80, 0xfa, 0x80, 0xfa, 0x80, 0xfa,
    0x80, 0xfa, 0x80, 0xfa, 0x80, 0xfa, 0x80, 0xfa, 0x80, 0xfa, 0x80, 0xfa,
    0x80, 0xfa, 0x80, 0xfa, 0x80, 0xfa, 0x80, 0xfa, 0x80, 0xfa, 0x60, 0x20,
    0x00, 0x00, 0x00, 0x00, 0x00, 0x00, 0x00, 0x00, 0x00, 0x00, 0x00, 0x00,
    0x00, 0x00, 0x00, 0x00, 0x00, 0x00, 0x00, 0x00, 0x00, 0x00, 0x00, 0x00,
    0x00, 0x00, 0x00, 0x00, 0x00, 0x00, 0x00, 0x00, 0x00, 0x00, 0x00, 0x00,
    0x00, 0x00, 0x00, 0x00, 0x00, 0x00, 0x00, 0x00, 0x00, 0x00, 0x00, 0x00,
    0x00, 0x00, 0x00, 0x00, 0x00, 0x00, 0x00, 0x00, 0x00, 0x00, 0x00, 0x00,
    0x00, 0x00, 0x00, 0x00, 0x00, 0x00, 0x00, 0x00, 0x00, 0x00, 0x00, 0x00,
    0x00, 0x00, 0x00, 0x00, 0x00, 0x00, 0x00, 0x00, 0x00, 0x00, 0x00, 0x00,
    0x00, 0x00, 0x00, 0x00, 0x00, 0x00, 0x00, 0x00, 0x00, 0x00, 0x00, 0x00,
    0x00, 0x00, 0x00, 0x00, 0x00, 0x00, 0x00, 0x00, 0x00, 0x00, 0x00, 0x00,
    0x00, 0x00, 0x00, 0x00, 0x00, 0x00, 0x00, 0x00, 0x00, 0x00, 0x00, 0x00,
    0x00, 0x00, 0x00, 0x00, 0x00, 0x00, 0x00, 0x00, 0x00, 0x00, 0x00, 0x00,
    0x00, 0x00, 0x00, 0x00, 0x00, 0x00, 0x00, 0x00, 0x00, 0x00, 0x00, 0x00,
    0x00, 0x00, 0x00, 0x00, 0x00, 0x00, 0x00, 0x00, 0x00, 0x00, 0x00, 0x00,
    0x00, 0x00, 0x00, 0x00, 0x00, 0x00, 0x00, 0x00, 0x00, 0x00, 0x00, 0x00,
    0x00, 0x00, 0x00, 0x00, 0x00, 0x00, 0x00, 0x00, 0x00, 0x00, 0x00, 0x00,
    0x00, 0x00, 0x00, 0x00, 0x00, 0x00, 0x00, 0x00, 0x00, 0x00, 0x00, 0x00,
    0x00, 0x00, 0x00, 0x00, 0x00, 0x00, 0x00, 0x00, 0x00, 0x00, 0x00, 0x00,
    0x00, 0x00, 0x00, 0x00, 0x00, 0x00, 0x00, 0x00, 0x00, 0x00, 0x00, 0x00,
    0x00, 0x00, 0x00, 0x00, 0x00, 0x00, 0x00, 0x00, 0x00, 0x00, 0x00, 0x00,
    0x00, 0x00, 0x00, 0x00, 0x00, 0x00, 0x00, 0x00, 0x00, 0x00, 0x00, 0x00,
    0x00, 0x00, 0x00, 0x00, 0x00, 0x00, 0x00, 0x00, 0x00, 0x00, 0x00, 0x00,
    0x00, 0x00, 0x00, 0x00, 0x00, 0x00, 0x00, 0x00, 0x00, 0x00, 0x00, 0x00,
    0x00, 0x00, 0x00, 0x00, 0x00, 0x00, 0x00, 0x00, 0x00, 0x00, 0x00, 0x00,
    0x00, 0x00, 0x00, 0x00, 0x00, 0x00, 0x00, 0x00, 0x00, 0x00, 0x00, 0x00,
    0x00, 0x00, 0x00, 0x00, 0x00, 0x00, 0x00, 0x00, 0x00, 0x00, 0x00, 0x00,
    0x00, 0x00, 0x00, 0x00, 0x00, 0x00, 0x00, 0x00, 0x00, 0x00, 0x00, 0x00,
    0x00, 0x00, 0x00, 0x00, 0x00, 0x00, 0x00, 0x00, 0x00, 0x00, 0x00, 0x00,
    0x00, 0x00, 0x00, 0x00, 0x00, 0x00, 0x00, 0x00, 0x00, 0x00, 0x00, 0x00,
    0x00, 0x00, 0x00, 0x00, 0x00, 0x00, 0x00, 0x00, 0x00, 0x00, 0x00, 0x00,
    0x00, 0x00, 0x00, 0x00, 0x00, 0x00, 0x00, 0x00, 0x00, 0x00, 0x00, 0x00,
    0x00, 0x00, 0x00, 0x00, 0x00, 0x00, 0x00, 0x00, 0x00, 0x00, 0x00, 0x00,
    0x00, 0x00, 0x00, 0x00, 0x00, 0x00, 0x00, 0x00, 0x00, 0x00, 0x00, 0x00,
    0x00, 0x00, 0x00, 0x00, 0x00, 0x00, 0x00, 0x00, 0x00, 0x00, 0x00, 0x00,
    0x00, 0x00, 0x00, 0x00, 0x00, 0x00, 0x00, 0x00, 0x00, 0x00, 0x80, 0xfa,
    0x80, 0xfa, 0x80, 0xfa, 0x80, 0xfa, 0x80, 0xfa, 0x80, 0xfa, 0x80, 0xfa,
    0x80, 0xfa, 0x80, 0xfa, 0x80, 0xfa, 0x80, 0xfa, 0x80, 0xfa, 0x80, 0xfa,
    0x80, 0xfa, 0x80, 0xfa, 0x80, 0xfa, 0x80, 0xfa, 0x80, 0xfa, 0x80, 0xfa,
    0x80, 0xfa, 0x80, 0xfa, 0x80, 0xfa, 0x80, 0xfa, 0x80, 0xfa, 0x80, 0xfa,
    0x80, 0xfa, 0x80, 0xfa, 0x80, 0xfa, 0x80, 0xfa, 0x80, 0xfa, 0x80, 0xfa,
    0x80, 0xfa, 0x80, 0xfa, 0x80, 0xfa, 0x80, 0xfa, 0x80, 0xfa, 0x80, 0xfa,
    0x80, 0xfa, 0x80, 0xfa, 0x80, 0xfa, 0x80, 0xfa, 0x80, 0xfa, 0x80, 0xfa,
    0x80, 0xfa, 0x80, 0xfa, 0x80, 0xfa, 0x80, 0xfa, 0x80, 0xfa, 0x80, 0xfa,
    0x80, 0xfa, 0x80, 0xfa, 0x80, 0xfa, 0x80, 0xfa, 0x80, 0xfa, 0x80, 0xfa,
    0x80, 0xfa, 0x80, 0xfa, 0x80, 0xfa, 0x80, 0xfa, 0x80, 0xfa, 0x80, 0xfa,
    0x80, 0xfa, 0x80, 0xfa, 0x80, 0xfa, 0x80, 0xfa, 0x80, 0xfa, 0x80, 0xfa,
    0x80, 0xfa, 0x80, 0xfa, 0x80, 0xfa, 0x80, 0xfa, 0x80, 0xfa, 0x80, 0xfa,
    0x80, 0xfa, 0x80, 0xfa, 0x80, 0xfa, 0x80, 0xfa, 0x80, 0xfa, 0x80, 0xfa,
    0x80, 0xfa, 0x80, 0xfa, 0x80, 0xfa, 0x80, 0xfa, 0x80, 0xfa, 0x80, 0xfa,
    0x80, 0xfa, 0x80, 0xfa, 0x80, 0xfa, 0x80, 0xfa, 0x80, 0xfa, 0x80, 0xfa,
    0x80, 0xfa, 0x40, 0x20, 0x00, 0x00, 0x00, 0x00, 0x00, 0x00, 0x00, 0x00,
    0x00, 0x00, 0x00, 0x00, 0x00, 0x00, 0x00, 0x00, 0x00, 0x00, 0x00, 0x00,
    0x00, 0x00, 0x00, 0x00, 0x00, 0x00, 0x00, 0x00, 0x00, 0x00, 0x00, 0x00,
    0x00, 0x00, 0x00, 0x00, 0x00, 0x00, 0x00, 0x00, 0x00, 0x00, 0x00, 0x00,
    0x00, 0x00, 0x00, 0x00, 0x00, 0x00, 0x00, 0x00, 0x00, 0x00, 0x00, 0x00,
    0x00, 0x00, 0x00, 0x00, 0x00, 0x00, 0x00, 0x00, 0x00, 0x00, 0x00, 0x00,
    0x00, 0x00, 0x00, 0x00, 0x00, 0x00, 0x00, 0x00, 0x00, 0x00, 0x00, 0x00,
    0x00, 0x00, 0x00, 0x00, 0x00, 0x00, 0x00, 0x00, 0x00, 0x00, 0x00, 0x00,
    0x00, 0x00, 0x00, 0x00, 0x00, 0x00, 0x00, 0x00, 0x00, 0x00, 0x00, 0x00,
    0x00, 0x00, 0x00, 0x00, 0x00, 0x00, 0x00, 0x00, 0x00, 0x00, 0x00, 0x00,
    0x00, 0x00, 0x00, 0x00, 0x00, 0x00, 0x00, 0x00, 0x00, 0x00, 0x00, 0x00,
    0x00, 0x00, 0x00, 0x00, 0x00, 0x00, 0x00, 0x00, 0x00, 0x00, 0x00, 0x00,
    0x00, 0x00, 0x00, 0x00, 0x00, 0x00, 0x00, 0x00, 0x00, 0x00, 0x00, 0x00,
    0x00, 0x00, 0x00, 0x00, 0x00, 0x00, 0x00, 0x00, 0x00, 0x00, 0x00, 0x00,
    0x00, 0x00, 0x00, 0x00, 0x00, 0x00, 0x00, 0x00, 0x00, 0x00, 0x00, 0x00,
    0x00, 0x00, 0x00, 0x00, 0x00, 0x00, 0x00, 0x00, 0x00, 0x00, 0x00, 0x00,
    0x00, 0x00, 0x00, 0x00, 0x00, 0x00, 0x00, 0x00, 0x00, 0x00, 0x00, 0x00,
    0x00, 0x00, 0x00, 0x00, 0x00, 0x00, 0x00, 0x00, 0x00, 0x00, 0x00, 0x00,
    0x00, 0x00, 0x00, 0x00, 0x00, 0x00, 0x00, 0x00, 0x00, 0x00, 0x00, 0x00,
    0x00, 0x00, 0x00, 0x00, 0x00, 0x00, 0x00, 0x00, 0x00, 0x00, 0x00, 0x00,
    0x00, 0x00, 0x00, 0x00, 0x00, 0x00, 0x00, 0x00, 0x00, 0x00, 0x00, 0x00,
    0x00, 0x00, 0x00, 0x00, 0x00, 0x00, 0x00, 0x00, 0x00, 0x00, 0x00, 0x00,
    0x00, 0x00, 0x00, 0x00, 0x00, 0x00, 0x00, 0x00, 0x00, 0x00, 0x00, 0x00,
    0x00, 0x00, 0x00, 0x00, 0x00, 0x00, 0x00, 0x00, 0x00, 0x00, 0x00, 0x00,
    0x00, 0x00, 0x00, 0x00, 0x00, 0x00, 0x00, 0x00, 0x00, 0x00, 0x00, 0x00,
    0x00, 0x00, 0x00, 0x00, 0x00, 0x00, 0x00, 0x00, 0x00, 0x00, 0x00, 0x00,
    0x00, 0x00, 0x00, 0x00, 0x00, 0x00, 0x00, 0x00, 0x00, 0x00, 0x00, 0x00,
    0x00, 0x00, 0x00, 0x00, 0x00, 0x00, 0x00, 0x00, 0x00, 0x00, 0x00, 0x00,
    0x00, 0x00, 0x00, 0x00, 0x00, 0x00, 0x00, 0x00, 0x00, 0x00, 0x00, 0x00,
    0x00, 0x00, 0x00, 0x00, 0x00, 0x00, 0x00, 0x00, 0x00, 0x00, 0x00, 0x00,
    0x00, 0x00, 0x00, 0x00, 0x00, 0x00, 0x00, 0x00, 0x00, 0x00, 0x00, 0x00,
    0x00, 0x00, 0x00, 0x00, 0x00, 0x00, 0x00, 0x00, 0x00, 0x00, 0x00, 0x00,
    0x00, 0x00, 0x00, 0x00, 0x00, 0x00, 0x00, 0x00, 0x00, 0x00, 0x00, 0x00,
    0x00, 0x00, 0x00, 0x00, 0x00, 0x00, 0x00, 0x00, 0x00, 0x00, 0x00, 0x00,
    0x00, 0x00, 0x80, 0xfa, 0x80, 0xfa, 0x80, 0xfa, 0x80, 0xfa, 0x80, 0xfa,
    0x80, 0xfa, 0x80, 0xfa, 0x80, 0xfa, 0x80, 0xfa, 0x80, 0xfa, 0x80, 0xfa,
    0x80, 0xfa, 0x80, 0xfa, 0x80, 0xfa, 0x80, 0xfa, 0x80, 0xfa, 0x80, 0xfa,
    0x80, 0xfa, 0x80, 0xfa, 0x80, 0xfa, 0x80, 0xfa, 0x80, 0xfa, 0x80, 0xfa,
    0x80, 0xfa, 0x80, 0xfa, 0x80, 0xfa, 0x80, 0xfa, 0x80, 0xfa, 0x80, 0xfa,
    0x80, 0xfa, 0x80, 0xfa, 0x80, 0xfa, 0x80, 0xfa, 0x80, 0xfa, 0x80, 0xfa,
    0x80, 0xfa, 0x80, 0xfa, 0x80, 0xfa, 0x80, 0xfa, 0x80, 0xfa, 0x80, 0xfa,
    0x80, 0xfa, 0x80, 0xfa, 0x80, 0xfa, 0x80, 0xfa, 0x80, 0xfa, 0x80, 0xfa,
    0x80, 0xfa, 0x80, 0xfa, 0x80, 0xfa, 0x80, 0xfa, 0x80, 0xfa, 0x80, 0xfa,
    0x80, 0xfa, 0x80, 0xfa, 0x80, 0xfa, 0x80, 0xfa, 0x80, 0xfa, 0x80, 0xfa,
    0x80, 0xfa, 0x80, 0xfa, 0x80, 0xfa, 0x80, 0xfa, 0x80, 0xfa, 0x80, 0xfa,
    0x80, 0xfa, 0x80, 0xfa, 0x80, 0xfa, 0x80, 0xfa, 0x80, 0xfa, 0x80, 0xfa,
    0x80, 0xfa, 0x80, 0xfa, 0x80, 0xfa, 0x80, 0xfa, 0x80, 0xfa, 0x80, 0xfa,
    0x80, 0xfa, 0x80, 0xfa, 0x80, 0xfa, 0x80, 0xfa, 0x80, 0xfa, 0x80, 0xfa,
    0x80, 0xfa, 0x80, 0xfa, 0x80, 0xfa, 0x80, 0xfa, 0x80, 0xfa, 0x80, 0xfa,
    0x80, 0xfa, 0x80, 0xfa, 0x80, 0xfa, 0x60, 0x20, 0x00, 0x00, 0x00, 0x00,
    0x00, 0x00, 0x00, 0x00, 0x00, 0x00, 0x00, 0x00, 0x00, 0x00, 0x00, 0x00,
    0x00, 0x00, 0x00, 0x00, 0x00, 0x00, 0x00, 0x00, 0x00, 0x00, 0x00, 0x00,
    0x00, 0x00, 0x00, 0x00, 0x00, 0x00, 0x00, 0x00, 0x00, 0x00, 0x00, 0x00,
    0x00, 0x00, 0x00, 0x00, 0x00, 0x00, 0x00, 0x00, 0x00, 0x00, 0x00, 0x00,
    0x00, 0x00, 0x00, 0x00, 0x00, 0x00, 0x00, 0x00, 0x00, 0x00, 0x00, 0x00,
    0x00, 0x00, 0x00, 0x00, 0x00, 0x00, 0x00, 0x00, 0x00, 0x00, 0x00, 0x00,
    0x00, 0x00, 0x00, 0x00, 0x00, 0x00, 0x00, 0x00, 0x00, 0x00, 0x00, 0x00,
    0x00, 0x00, 0x00, 0x00, 0x00, 0x00, 0x00, 0x00, 0x00, 0x00, 0x00, 0x00,
    0x00, 0x00, 0x00, 0x00, 0x00, 0x00, 0x00, 0x00, 0x00, 0x00, 0x00, 0x00,
    0x00, 0x00, 0x00, 0x00, 0x00, 0x00, 0x00, 0x00, 0x00, 0x00, 0x00, 0x00,
    0x00, 0x00, 0x00, 0x00, 0x00, 0x00, 0x00, 0x00, 0x00, 0x00, 0x00, 0x00,
    0x00, 0x00, 0x00, 0x00, 0x00, 0x00, 0x00, 0x00, 0x00, 0x00, 0x00, 0x00,
    0x00, 0x00, 0x00, 0x00, 0x00, 0x00, 0x00, 0x00, 0x00, 0x00, 0x00, 0x00,
    0x00, 0x00, 0x00, 0x00, 0x00, 0x00, 0x00, 0x00, 0x00, 0x00, 0x00, 0x00,
    0x00, 0x00, 0x00, 0x00, 0x00, 0x00, 0x00, 0x00, 0x00, 0x00, 0x00, 0x00,
    0x00, 0x00, 0x00, 0x00, 0x00, 0x00, 0x00, 0x00, 0x00, 0x00, 0x00, 0x00,
    0x00, 0x00, 0x00, 0x00, 0x00, 0x00, 0x00, 0x00, 0x00, 0x00, 0x00, 0x00,
    0x00, 0x00, 0x00, 0x00, 0x00, 0x00, 0x00, 0x00, 0x00, 0x00, 0x00, 0x00,
    0x00, 0x00, 0x00, 0x00, 0x00, 0x00, 0x00, 0x00, 0x00, 0x00, 0x00, 0x00,
    0x00, 0x00, 0x00, 0x00, 0x00, 0x00, 0x00, 0x00, 0x00, 0x00, 0x00, 0x00,
    0x00, 0x00, 0x00, 0x00, 0x00, 0x00, 0x00, 0x00, 0x00, 0x00, 0x00, 0x00,
    0x00, 0x00, 0x00, 0x00, 0x00, 0x00, 0x00, 0x00, 0x00, 0x00, 0x00, 0x00,
    0x00, 0x00, 0x00, 0x00, 0x00, 0x00, 0x00, 0x00, 0x00, 0x00, 0x00, 0x00,
    0x00, 0x00, 0x00, 0x00, 0x00, 0x00, 0x00, 0x00, 0x00, 0x00, 0x00, 0x00,
    0x00, 0x00, 0x00, 0x00, 0x00, 0x00, 0x00, 0x00, 0x00, 0x00, 0x00, 0x00,
    0x00, 0x00, 0x00, 0x00, 0x00, 0x00, 0x00, 0x00, 0x00, 0x00, 0x00, 0x00,
    0x00, 0x00, 0x00, 0x00, 0x00, 0x00, 0x00, 0x00, 0x00, 0x00, 0x00, 0x00,
    0x00, 0x00, 0x00, 0x00, 0x00, 0x00, 0x00, 0x00, 0x00, 0x00, 0x00, 0x00,
    0x00, 0x00, 0x00, 0x00, 0x00, 0x00, 0x00, 0x00, 0x00, 0x00, 0x00, 0x00,
    0x00, 0x00, 0x00, 0x00, 0x00, 0x00, 0x00, 0x00, 0x00, 0x00, 0x00, 0x00,
    0x00, 0x00, 0x00, 0x00, 0x00, 0x00, 0x00, 0x00, 0x00, 0x00, 0x00, 0x00,
    0x00, 0x00, 0x00, 0x00, 0x00, 0x00, 0x00, 0x00, 0x00, 0x00, 0x00, 0x00,
    0x00, 0x00, 0x00, 0x00, 0x00, 0x00, 0x00, 0x00, 0x00, 0x00, 0x00, 0x00,
    0x00, 0x00, 0x00, 0x00, 0x00, 0x00, 0x80, 0xfa, 0x80, 0xfa, 0x80, 0xfa,
    0x80, 0xfa, 0x80, 0xfa, 0x80, 0xfa, 0x80, 0xfa, 0x80, 0xfa, 0x80, 0xfa,
    0x80, 0xfa, 0x80, 0xfa, 0x80, 0xfa, 0x80, 0xfa, 0x80, 0xfa, 0x80, 0xfa,
    0x80, 0xfa, 0x80, 0xfa, 0x80, 0xfa, 0x80, 0xfa, 0x80, 0xfa, 0x80, 0xfa,
    0x80, 0xfa, 0x80, 0xfa, 0x80, 0xfa, 0x80, 0xfa, 0x80, 0xfa, 0x80, 0xfa,
    0x80, 0xfa, 0x80, 0xfa, 0x80, 0xfa, 0x80, 0xfa, 0x80, 0xfa, 0x80, 0xfa,
    0x80, 0xfa, 0x80, 0xfa, 0x80, 0xfa, 0x80, 0xfa, 0x80, 0xfa, 0x80, 0xfa,
    0x80, 0xfa, 0x80, 0xfa, 0x80, 0xfa, 0x80, 0xfa, 0x80, 0xfa, 0x80, 0xfa,
    0x80, 0xfa, 0x80, 0xfa, 0x80, 0xfa, 0x80, 0xfa, 0x80, 0xfa, 0x80, 0xfa,
    0x80, 0xfa, 0x80, 0xfa, 0x80, 0xfa, 0x80, 0xfa, 0x80, 0xfa, 0x80, 0xfa,
    0x80, 0xfa, 0x80, 0xfa, 0x80, 0xfa, 0x80, 0xfa, 0x80, 0xfa, 0x80, 0xfa,
    0x80, 0xfa, 0x80, 0xfa, 0x80, 0xfa, 0x80, 0xfa, 0x80, 0xfa, 0x80, 0xfa,
    0x80, 0xfa, 0x80, 0xfa, 0x80, 0xfa, 0x80, 0xfa, 0x80, 0xfa, 0x80, 0xfa,
    0x80, 0xfa, 0x80, 0xfa, 0x80, 0xfa, 0x80, 0xfa, 0x80, 0xfa, 0x80, 0xfa,
    0x80, 0xfa, 0x80, 0xfa, 0x80, 0xfa, 0x80, 0xfa, 0x80, 0xfa, 0x80, 0xfa,
    0x80, 0xfa, 0x80, 0xfa, 0x80, 0xfa, 0x80, 0xfa, 0x80, 0xfa, 0x40, 0x20,
    0x00, 0x00, 0x00, 0x00, 0x00, 0x00, 0x00, 0x00, 0x00, 0x00, 0x00, 0x00,
    0x00, 0x00, 0x00, 0x00, 0x00, 0x00, 0x00, 0x00, 0x00, 0x00, 0x00, 0x00,
    0x00, 0x00, 0x00, 0x00, 0x00, 0x00, 0x00, 0x00, 0x00, 0x00, 0x00, 0x00,
    0x00, 0x00, 0x00, 0x00, 0x00, 0x00, 0x00, 0x00, 0x00, 0x00, 0x00, 0x00,
    0x00, 0x00, 0x00, 0x00, 0x00, 0x00, 0x00, 0x00, 0x00, 0x00, 0x00, 0x00,
    0x00, 0x00, 0x00, 0x00, 0x00, 0x00, 0x00, 0x00, 0x00, 0x00, 0x00, 0x00,
    0x00, 0x00, 0x00, 0x00, 0x00, 0x00, 0x00, 0x00, 0x00, 0x00, 0x00, 0x00,
    0x00, 0x00, 0x00, 0x00, 0x00, 0x00, 0x00, 0x00, 0x00, 0x00, 0x00, 0x00,
    0x00, 0x00, 0x00, 0x00, 0x00, 0x00, 0x00, 0x00, 0x00, 0x00, 0x00, 0x00,
    0x00, 0x00, 0x00, 0x00, 0x00, 0x00, 0x00, 0x00, 0x00, 0x00, 0x00, 0x00,
    0x00, 0x00, 0x00, 0x00, 0x00, 0x00, 0x00, 0x00, 0x00, 0x00, 0x00, 0x00,
    0x00, 0x00, 0x00, 0x00, 0x00, 0x00, 0x00, 0x00, 0x00, 0x00, 0x00, 0x00,
    0x00, 0x00, 0x00, 0x00, 0x00, 0x00, 0x00, 0x00, 0x00, 0x00, 0x00, 0x00,
    0x00, 0x00, 0x00, 0x00, 0x00, 0x00, 0x00, 0x00, 0x00, 0x00, 0x00, 0x00,
    0x00, 0x00, 0x00, 0x00, 0x00, 0x00, 0x00, 0x00, 0x00, 0x00, 0x00, 0x00,
    0x00, 0x00, 0x00, 0x00, 0x00, 0x00, 0x00, 0x00, 0x00, 0x00, 0x00, 0x00,
    0x00, 0x00, 0x00, 0x00, 0x00, 0x00, 0x00, 0x00, 0x00, 0x00, 0x00, 0x00,
    0x00, 0x00, 0x00, 0x00, 0x00, 0x00, 0x00, 0x00, 0x00, 0x00, 0x00, 0x00,
    0x00, 0x00, 0x00, 0x00, 0x00, 0x00, 0x00, 0x00, 0x00, 0x00, 0x00, 0x00,
    0x00, 0x00, 0x00, 0x00, 0x00, 0x00, 0x00, 0x00, 0x00, 0x00, 0x00, 0x00,
    0x00, 0x00, 0x00, 0x00, 0x00, 0x00, 0x00, 0x00, 0x00, 0x00, 0x00, 0x00,
    0x00, 0x00, 0x00, 0x00, 0x00, 0x00, 0x00, 0x00, 0x00, 0x00, 0x00, 0x00,
    0x00, 0x00, 0x00, 0x00, 0x00, 0x00, 0x00, 0x00, 0x00, 0x00, 0x00, 0x00,
    0x00, 0x00, 0x00, 0x00, 0x00, 0x00, 0x00, 0x00, 0x00, 0x00, 0x00, 0x00,
    0x00, 0x00, 0x00, 0x00, 0x00, 0x00, 0x00, 0x00, 0x00, 0x00, 0x00, 0x00,
    0x00, 0x00, 0x00, 0x00, 0x00, 0x00, 0x00, 0x00, 0x00, 0x00, 0x00, 0x00,
    0x00, 0x00, 0x00, 0x00, 0x00, 0x00, 0x00, 0x00, 0x00, 0x00, 0x00, 0x00,
    0x00, 0x00, 0x00, 0x00, 0x00, 0x00, 0x00, 0x00, 0x00, 0x00, 0x00, 0x00,
    0x00, 0x00, 0x00, 0x00, 0x00, 0x00, 0x00, 0x00, 0x00, 0x00, 0x00, 0x00,
    0x00, 0x00, 0x00, 0x00, 0x00, 0x00, 0x00, 0x00, 0x00, 0x00, 0x00, 0x00,
    0x00, 0x00, 0x00, 0x00, 0x00, 0x00, 0x00, 0x00, 0x00, 0x00, 0x00, 0x00,
    0x00, 0x00, 0x00, 0x00, 0x00, 0x00, 0x00, 0x00, 0x00, 0x00, 0x00, 0x00,
    0x00, 0x00, 0x00, 0x00, 0x00, 0x00, 0x00, 0x00, 0x00, 0x00, 0x00, 0x00,
    0x00, 0x00, 0x00, 0x00, 0x00, 0x00, 0x00, 0x00, 0x00, 0x00, 0x80, 0xfa,
    0x80, 0xfa, 0x80, 0xfa, 0x80, 0xfa, 0x80, 0xfa, 0x80, 0xfa, 0x80, 0xfa,
    0x80, 0xfa, 0x80, 0xfa, 0x80, 0xfa, 0x80, 0xfa, 0x80, 0xfa, 0x80, 0xfa,
    0x80, 0xfa, 0x80, 0xfa, 0x80, 0xfa, 0x80, 0xfa, 0x80, 0xfa, 0x80, 0xfa,
    0x80, 0xfa, 0x80, 0xfa, 0x80, 0xfa, 0x80, 0xfa, 0x80, 0xfa, 0x80, 0xfa,
    0x80, 0xfa, 0x80, 0xfa, 0x80, 0xfa, 0x80, 0xfa, 0x80, 0xfa, 0x80, 0xfa,
    0x80, 0xfa, 0x80, 0xfa, 0x80, 0xfa, 0x80, 0xfa, 0x80, 0xfa, 0x80, 0xfa,
    0x80, 0xfa, 0x80, 0xfa, 0x80, 0xfa, 0x80, 0xfa, 0x80, 0xfa, 0x80, 0xfa,
    0x80, 0xfa, 0x80, 0xfa, 0x80, 0xfa, 0x80, 0xfa, 0x80, 0xfa, 0x80, 0xfa,
    0x80, 0xfa, 0x80, 0xfa, 0x80, 0xfa, 0x80, 0xfa, 0x80, 0xfa, 0x80, 0xfa,
    0x80, 0xfa, 0x80, 0xfa, 0x80, 0xfa, 0x80, 0xfa, 0x80, 0xfa, 0x80, 0xfa,
    0x80, 0xfa, 0x80, 0xfa, 0x80, 0xfa, 0x80, 0xfa, 0x80, 0xfa, 0x80, 0xfa,
    0x80, 0xfa, 0x80, 0xfa, 0x80, 0xfa, 0x80, 0xfa, 0x80, 0xfa, 0x80, 0xfa,
    0x80, 0xfa, 0x80, 0xfa, 0x80, 0xfa, 0x80, 0xfa, 0x80, 0xfa, 0x80, 0xfa,
    0x80, 0xfa, 0x80, 0xfa, 0x80, 0xfa, 0x80, 0xfa, 0x80, 0xfa, 0x80, 0xfa,
    0x80, 0xfa, 0x80, 0xfa, 0x80, 0xfa, 0x80, 0xfa, 0x80, 0xfa, 0x80, 0xfa,
    0x80, 0xfa, 0x60, 0x20, 0x00, 0x00, 0x00, 0x00, 0x00, 0x00, 0x00, 0x00,
    0x00, 0x00, 0x00, 0x00, 0x00, 0x00, 0x00, 0x00, 0x00, 0x00, 0x00, 0x00,
    0x00, 0x00, 0x00, 0x00, 0x00, 0x00, 0x00, 0x00, 0x00, 0x00, 0x00, 0x00,
    0x00, 0x00, 0x00, 0x00, 0x00, 0x00, 0x00, 0x00, 0x00, 0x00, 0x00, 0x00,
    0x00, 0x00, 0x00, 0x00, 0x00, 0x00, 0x00, 0x00, 0x00, 0x00, 0x00, 0x00,
    0x00, 0x00, 0x00, 0x00, 0x00, 0x00, 0x00, 0x00, 0x00, 0x00, 0x00, 0x00,
    0x00, 0x00, 0x00, 0x00, 0x00, 0x00, 0x00, 0x00, 0x00, 0x00, 0x00, 0x00,
    0x00, 0x00, 0x00, 0x00, 0x00, 0x00, 0x00, 0x00, 0x00, 0x00, 0x00, 0x00,
    0x00, 0x00, 0x00, 0x00, 0x00, 0x00, 0x00, 0x00, 0x00, 0x00, 0x00, 0x00,
    0x00, 0x00, 0x00, 0x00, 0x00, 0x00, 0x00, 0x00, 0x00, 0x00, 0x00, 0x00,
    0x00, 0x00, 0x00, 0x00, 0x00, 0x00, 0x00, 0x00, 0x00, 0x00, 0x00, 0x00,
    0x00, 0x00, 0x00, 0x00, 0x00, 0x00, 0x00, 0x00, 0x00, 0x00, 0x00, 0x00,
    0x00, 0x00, 0x00, 0x00, 0x00, 0x00, 0x00, 0x00, 0x00, 0x00, 0x00, 0x00,
    0x00, 0x00, 0x00, 0x00, 0x00, 0x00, 0x00, 0x00, 0x00, 0x00, 0x00, 0x00,
    0x00, 0x00, 0x00, 0x00, 0x00, 0x00, 0x00, 0x00, 0x00, 0x00, 0x00, 0x00,
    0x00, 0x00, 0x00, 0x00, 0x00, 0x00, 0x00, 0x00, 0x00, 0x00, 0x00, 0x00,
    0x00, 0x00, 0x00, 0x00, 0x00, 0x00, 0x00, 0x00, 0x00, 0x00, 0x00, 0x00,
    0x00, 0x00, 0x00, 0x00, 0x00, 0x00, 0x00, 0x00, 0x00, 0x00, 0x00, 0x00,
    0x00, 0x00, 0x00, 0x00, 0x00, 0x00, 0x00, 0x00, 0x00, 0x00, 0x00, 0x00,
    0x00, 0x00, 0x00, 0x00, 0x00, 0x00, 0x00, 0x00, 0x00, 0x00, 0x00, 0x00,
    0x00, 0x00, 0x00, 0x00, 0x00, 0x00, 0x00, 0x00, 0x00, 0x00, 0x00, 0x00,
    0x00, 0x00, 0x00, 0x00, 0x00, 0x00, 0x00, 0x00, 0x00, 0x00, 0x00, 0x00,
    0x00, 0x00, 0x00, 0x00, 0x00, 0x00, 0x00, 0x00, 0x00, 0x00, 0x00, 0x00,
    0x00, 0x00, 0x00, 0x00, 0x00, 0x00, 0x00, 0x00, 0x00, 0x00, 0x00, 0x00,
    0x00, 0x00, 0x00, 0x00, 0x00, 0x00, 0x00, 0x00, 0x00, 0x00, 0x00, 0x00,
    0x00, 0x00, 0x00, 0x00, 0x00, 0x00, 0x00, 0x00, 0x00, 0x00, 0x00, 0x00,
    0x00, 0x00, 0x00, 0x00, 0x00, 0x00, 0x00, 0x00, 0x00, 0x00, 0x00, 0x00,
    0x00, 0x00, 0x00, 0x00, 0x00, 0x00, 0x00, 0x00, 0x00, 0x00, 0x00, 0x00,
    0x00, 0x00, 0x00, 0x00, 0x00, 0x00, 0x00, 0x00, 0x00, 0x00, 0x00, 0x00,
    0x00, 0x00, 0x00, 0x00, 0x00, 0x00, 0x00, 0x00, 0x00, 0x00, 0x00, 0x00,
    0x00, 0x00, 0x00, 0x00, 0x00, 0x00, 0x00, 0x00, 0x00, 0x00, 0x00, 0x00,
    0x00, 0x00, 0x00, 0x00, 0x00, 0x00, 0x00, 0x00, 0x00, 0x00, 0x00, 0x00,
    0x00, 0x00, 0x00, 0x00, 0x00, 0x00, 0x00, 0x00, 0x00, 0x00, 0x00, 0x00,
    0x00, 0x00, 0x00, 0x00, 0x00, 0x00, 0x00, 0x00, 0x00, 0x00, 0x00, 0x00,
    0x00, 0x00, 0x80, 0xfa, 0x80, 0xfa, 0x80, 0xfa, 0x80, 0xfa, 0x80, 0xfa,
    0x80, 0xfa, 0x80, 0xfa, 0x80, 0xfa, 0x80, 0xfa, 0x80, 0xfa, 0x80, 0xfa,
    0x80, 0xfa, 0x80, 0xfa, 0x80, 0xfa, 0x80, 0xfa, 0x80, 0xfa, 0x80, 0xfa,
    0x80, 0xfa, 0x80, 0xfa, 0x80, 0xfa, 0x80, 0xfa, 0x80, 0xfa, 0x80, 0xfa,
    0x80, 0xfa, 0x80, 0xfa, 0x80, 0xfa, 0x80, 0xfa, 0x80, 0xfa, 0x80, 0xfa,
    0x80, 0xfa, 0x80, 0xfa, 0x80, 0xfa, 0x80, 0xfa, 0x80, 0xfa, 0x80, 0xfa,
    0x80, 0xfa, 0x80, 0xfa, 0x80, 0xfa, 0x80, 0xfa, 0x80, 0xfa, 0x80, 0xfa,
    0x80, 0xfa, 0x80, 0xfa, 0x80, 0xfa, 0x80, 0xfa, 0x80, 0xfa, 0x80, 0xfa,
    0x80, 0xfa, 0x80, 0xfa, 0x80, 0xfa, 0x80, 0xfa, 0x80, 0xfa, 0x80, 0xfa,
    0x80, 0xfa, 0x80, 0xfa, 0x80, 0xfa, 0x80, 0xfa, 0x80, 0xfa, 0x80, 0xfa,
    0x80, 0xfa, 0x80, 0xfa, 0x80, 0xfa, 0x80, 0xfa, 0x80, 0xfa, 0x80, 0xfa,
    0x80, 0xfa, 0x80, 0xfa, 0x80, 0xfa, 0x80, 0xfa, 0x80, 0xfa, 0x80, 0xfa,
    0x80, 0xfa, 0x80, 0xfa, 0x80, 0xfa, 0x80, 0xfa, 0x80, 0xfa, 0x80, 0xfa,
    0x80, 0xfa, 0x80, 0xfa, 0x80, 0xfa, 0x80, 0xfa, 0x80, 0xfa, 0x80, 0xfa,
    0x80, 0xfa, 0x80, 0xfa, 0x80, 0xfa, 0x80, 0xfa, 0x80, 0xfa, 0x80, 0xfa,
    0x80, 0xfa, 0x80, 0xfa, 0x80, 0xfa, 0x40, 0x20, 0x00, 0x00, 0x00, 0x00,
    0x00, 0x00, 0x00, 0x00, 0x00, 0x00, 0x00, 0x00, 0x00, 0x00, 0x00, 0x00,
    0x00, 0x00, 0x00, 0x00, 0x00, 0x00, 0x00, 0x00, 0x00, 0x00, 0x00, 0x00,
    0x00, 0x00, 0x00, 0x00, 0x00, 0x00, 0x00, 0x00, 0x00, 0x00, 0x00, 0x00,
    0x00, 0x00, 0x00, 0x00, 0x00, 0x00, 0x00, 0x00, 0x00, 0x00, 0x00, 0x00,
    0x00, 0x00, 0x00, 0x00, 0x00, 0x00, 0x00, 0x00, 0x00, 0x00, 0x00, 0x00,
    0x00, 0x00, 0x00, 0x00, 0x00, 0x00, 0x00, 0x00, 0x00, 0x00, 0x00, 0x00,
    0x00, 0x00, 0x00, 0x00, 0x00, 0x00, 0x00, 0x00, 0x00, 0x00, 0x00, 0x00,
    0x00, 0x00, 0x00, 0x00, 0x00, 0x00, 0x00, 0x00, 0x00, 0x00, 0x00, 0x00,
    0x00, 0x00, 0x00, 0x00, 0x00, 0x00, 0x00, 0x00, 0x00, 0x00, 0x00, 0x00,
    0x00, 0x00, 0x00, 0x00, 0x00, 0x00, 0x00, 0x00, 0x00, 0x00, 0x00, 0x00,
    0x00, 0x00, 0x00, 0x00, 0x00, 0x00, 0x00, 0x00, 0x00, 0x00, 0x00, 0x00,
    0x00, 0x00, 0x00, 0x00, 0x00, 0x00, 0x00, 0x00, 0x00, 0x00, 0x00, 0x00,
    0x00, 0x00, 0x00, 0x00, 0x00, 0x00, 0x00, 0x00, 0x00, 0x00, 0x00, 0x00,
    0x00, 0x00, 0x00, 0x00, 0x00, 0x00, 0x00, 0x00, 0x00, 0x00, 0x00, 0x00,
    0x00, 0x00, 0x00, 0x00, 0x00, 0x00, 0x00, 0x00, 0x00, 0x00, 0x00, 0x00,
    0x00, 0x00, 0x00, 0x00, 0x00, 0x00, 0x00, 0x00, 0x00, 0x00, 0x00, 0x00,
    0x00, 0x00, 0x00, 0x00, 0x00, 0x00, 0x00, 0x00, 0x00, 0x00, 0x00, 0x00,
    0x00, 0x00, 0x00, 0x00, 0x00, 0x00, 0x00, 0x00, 0x00, 0x00, 0x00, 0x00,
    0x00, 0x00, 0x00, 0x00, 0x00, 0x00, 0x00, 0x00, 0x00, 0x00, 0x00, 0x00,
    0x00, 0x00, 0x00, 0x00, 0x00, 0x00, 0x00, 0x00, 0x00, 0x00, 0x00, 0x00,
    0x00, 0x00, 0x00, 0x00, 0x00, 0x00, 0x00, 0x00, 0x00, 0x00, 0x00, 0x00,
    0x00, 0x00, 0x00, 0x00, 0x00, 0x00, 0x00, 0x00, 0x00, 0x00, 0x00, 0x00,
    0x00, 0x00, 0x00, 0x00, 0x00, 0x00, 0x00, 0x00, 0x00, 0x00, 0x00, 0x00,
    0x00, 0x00, 0x00, 0x00, 0x00, 0x00, 0x00, 0x00, 0x00, 0x00, 0x00, 0x00,
    0x00, 0x00, 0x00, 0x00, 0x00, 0x00, 0x00, 0x00, 0x00, 0x00, 0x00, 0x00,
    0x00, 0x00, 0x00, 0x00, 0x00, 0x00, 0x00, 0x00, 0x00, 0x00, 0x00, 0x00,
    0x00, 0x00, 0x00, 0x00, 0x00, 0x00, 0x00, 0x00, 0x00, 0x00, 0x00, 0x00,
    0x00, 0x00, 0x00, 0x00, 0x00, 0x00, 0x00, 0x00, 0x00, 0x00, 0x00, 0x00,
    0x00, 0x00, 0x00, 0x00, 0x00, 0x00, 0x00, 0x00, 0x00, 0x00, 0x00, 0x00,
    0x00, 0x00, 0x00, 0x00, 0x00, 0x00, 0x00, 0x00, 0x00, 0x00, 0x00, 0x00,
    0x00, 0x00, 0x00, 0x00, 0x00, 0x00, 0x00, 0x00, 0x00, 0x00, 0x00, 0x00,
    0x00, 0x00, 0x00, 0x00, 0x00, 0x00, 0x00, 0x00, 0x00, 0x00, 0x00, 0x00,
    0x00, 0x00, 0x00, 0x00, 0x00, 0x00, 0x00, 0x00, 0x00, 0x00, 0x00, 0x00,
    0x00, 0x00, 0x00, 0x00, 0x00, 0x00, 0x80, 0xfa, 0x80, 0xfa, 0x80, 0xfa,
    0x80, 0xfa, 0x80, 0xfa, 0x80, 0xfa, 0x80, 0xfa, 0x80, 0xfa, 0x80, 0xfa,
    0x80, 0xfa, 0x80, 0xfa, 0x80, 0xfa, 0x80, 0xfa, 0x80, 0xfa, 0x80, 0xfa,
    0x80, 0xfa, 0x80, 0xfa, 0x80, 0xfa, 0x80, 0xfa, 0x80, 0xfa, 0x80, 0xfa,
    0x80, 0xfa, 0x80, 0xfa, 0x80, 0xfa, 0x80, 0xfa, 0x80, 0xfa, 0x80, 0xfa,
    0x80, 0xfa, 0x80, 0xfa, 0x80, 0xfa, 0x80, 0xfa, 0x80, 0xfa, 0x80, 0xfa,
    0x80, 0xfa, 0x80, 0xfa, 0x80, 0xfa, 0x80, 0xfa, 0x80, 0xfa, 0x80, 0xfa,
    0x80, 0xfa, 0x80, 0xfa, 0x80, 0xfa, 0x80, 0xfa, 0x80, 0xfa, 0x80, 0xfa,
    0x80, 0xfa, 0x80, 0xfa, 0x80, 0xfa, 0x80, 0xfa, 0x80, 0xfa, 0x80, 0xfa,
    0x80, 0xfa, 0x80, 0xfa, 0x80, 0xfa, 0x80, 0xfa, 0x80, 0xfa, 0x80, 0xfa,
    0x80, 0xfa, 0x80, 0xfa, 0x80, 0xfa, 0x80, 0xfa, 0x80, 0xfa, 0x80, 0xfa,
    0x80, 0xfa, 0x80, 0xfa, 0x80, 0xfa, 0x80, 0xfa, 0x80, 0xfa, 0x80, 0xfa,
    0x80, 0xfa, 0x80, 0xfa, 0x80, 0xfa, 0x80, 0xfa, 0x80, 0xfa, 0x80, 0xfa,
    0x80, 0xfa, 0x80, 0xfa, 0x80, 0xfa, 0x80, 0xfa, 0x80, 0xfa, 0x80, 0xfa,
    0x80, 0xfa, 0x80, 0xfa, 0x80, 0xfa, 0x80, 0xfa, 0x80, 0xfa, 0x80, 0xfa,
    0x80, 0xfa, 0x80, 0xfa, 0x80, 0xfa, 0x80, 0xfa, 0x80, 0xfa, 0x60, 0x20,
    0x00, 0x00, 0x00, 0x00, 0x00, 0x00, 0x00, 0x00, 0x00, 0x00, 0x00, 0x00,
    0x00, 0x00, 0x00, 0x00, 0x00, 0x00, 0x00, 0x00, 0x00, 0x00, 0x00, 0x00,
    0x00, 0x00, 0x00, 0x00, 0x00, 0x00, 0x00, 0x00, 0x00, 0x00, 0x00, 0x00,
    0x00, 0x00, 0x00, 0x00, 0x00, 0x00, 0x00, 0x00, 0x00, 0x00, 0x00, 0x00,
    0x00, 0x00, 0x00, 0x00, 0x00, 0x00, 0x00, 0x00, 0x00, 0x00, 0x00, 0x00,
    0x00, 0x00, 0x00, 0x00, 0x00, 0x00, 0x00, 0x00, 0x00, 0x00, 0x00, 0x00,
    0x00, 0x00, 0x00, 0x00, 0x00, 0x00, 0x00, 0x00, 0x00, 0x00, 0x00, 0x00,
    0x00, 0x00, 0x00, 0x00, 0x00, 0x00, 0x00, 0x00, 0x00, 0x00, 0x00, 0x00,
    0x00, 0x00, 0x00, 0x00, 0x00, 0x00, 0x00, 0x00, 0x00, 0x00, 0x00, 0x00,
    0x00, 0x00, 0x00, 0x00, 0x00, 0x00, 0x00, 0x00, 0x00, 0x00, 0x00, 0x00,
    0x00, 0x00, 0x00, 0x00, 0x00, 0x00, 0x00, 0x00, 0x00, 0x00, 0x00, 0x00,
    0x00, 0x00, 0x00, 0x00, 0x00, 0x00, 0x00, 0x00, 0x00, 0x00, 0x00, 0x00,
    0x00, 0x00, 0x00, 0x00, 0x00, 0x00, 0x00, 0x00, 0x00, 0x00, 0x00, 0x00,
    0x00, 0x00, 0x00, 0x00, 0x00, 0x00, 0x00, 0x00, 0x00, 0x00, 0x00, 0x00,
    0x00, 0x00, 0x00, 0x00, 0x00, 0x00, 0x00, 0x00, 0x00, 0x00, 0x00, 0x00,
    0x00, 0x00, 0x00, 0x00, 0x00, 0x00, 0x00, 0x00, 0x00, 0x00, 0x00, 0x00,
    0x00, 0x00, 0x00, 0x00, 0x00, 0x00, 0x00, 0x00, 0x00, 0x00, 0x00, 0x00,
    0x00, 0x00, 0x00, 0x00, 0x00, 0x00, 0x00, 0x00, 0x00, 0x00, 0x00, 0x00,
    0x00, 0x00, 0x00, 0x00, 0x00, 0x00, 0x00, 0x00, 0x00, 0x00, 0x00, 0x00,
    0x00, 0x00, 0x00, 0x00, 0x00, 0x00, 0x00, 0x00, 0x00, 0x00, 0x00, 0x00,
    0x00, 0x00, 0x00, 0x00, 0x00, 0x00, 0x00, 0x00, 0x00, 0x00, 0x00, 0x00,
    0x00, 0x00, 0x00, 0x00, 0x00, 0x00, 0x00, 0x00, 0x00, 0x00, 0x00, 0x00,
    0x00, 0x00, 0x00, 0x00, 0x00, 0x00, 0x00, 0x00, 0x00, 0x00, 0x00, 0x00,
    0x00, 0x00, 0x00, 0x00, 0x00, 0x00, 0x00, 0x00, 0x00, 0x00, 0x00, 0x00,
    0x00, 0x00, 0x00, 0x00, 0x00, 0x00, 0x00, 0x00, 0x00, 0x00, 0x00, 0x00,
    0x00, 0x00, 0x00, 0x00, 0x00, 0x00, 0x00, 0x00, 0x00, 0x00, 0x00, 0x00,
    0x00, 0x00, 0x00, 0x00, 0x00, 0x00, 0x00, 0x00, 0x00, 0x00, 0x00, 0x00,
    0x00, 0x00, 0x00, 0x00, 0x00, 0x00, 0x00, 0x00, 0x00, 0x00, 0x00, 0x00,
    0x00, 0x00, 0x00, 0x00, 0x00, 0x00, 0x00, 0x00, 0x00, 0x00, 0x00, 0x00,
    0x00, 0x00, 0x00, 0x00, 0x00, 0x00, 0x00, 0x00, 0x00, 0x00, 0x00, 0x00,
    0x00, 0x00, 0x00, 0x00, 0x00, 0x00, 0x00, 0x00, 0x00, 0x00, 0x00, 0x00,
    0x00, 0x00, 0x00, 0x00, 0x00, 0x00, 0x00, 0x00, 0x00, 0x00, 0x00, 0x00,
    0x00, 0x00, 0x00, 0x00, 0x00, 0x00, 0x00, 0x00, 0x00, 0x00, 0x00, 0x00,
    0x00, 0x00, 0x00, 0x00, 0x00, 0x00, 0x00, 0x00, 0x00, 0x00, 0x80, 0xfa,
    0x80, 0xfa, 0x80, 0xfa, 0x80, 0xfa, 0x80, 0xfa, 0x80, 0xfa, 0x80, 0xfa,
    0x80, 0xfa, 0x80, 0xfa, 0x80, 0xfa, 0x80, 0xfa, 0x80, 0xfa, 0x80, 0xfa,
    0x80, 0xfa, 0x80, 0xfa, 0x80, 0xfa, 0x80, 0xfa, 0x80, 0xfa, 0x80, 0xfa,
    0x80, 0xfa, 0x80, 0xfa, 0x80, 0xfa, 0x80, 0xfa, 0x80, 0xfa, 0x80, 0xfa,
    0x80, 0xfa, 0x80, 0xfa, 0x80, 0xfa, 0x80, 0xfa, 0x80, 0xfa, 0x80, 0xfa,
    0x80, 0xfa, 0x80, 0xfa, 0x80, 0xfa, 0x80, 0xfa, 0x80, 0xfa, 0x80, 0xfa,
    0x80, 0xfa, 0x80, 0xfa, 0x80, 0xfa, 0x80, 0xfa, 0x80, 0xfa, 0x80, 0xfa,
    0x80, 0xfa, 0x80, 0xfa, 0x80, 0xfa, 0x80, 0xfa, 0x80, 0xfa, 0x80, 0xfa,
    0x80, 0xfa, 0x80, 0xfa, 0x80, 0xfa, 0x80, 0xfa, 0x80, 0xfa, 0x80, 0xfa,
    0x80, 0xfa, 0x80, 0xfa, 0x80, 0xfa, 0x80, 0xfa, 0x80, 0xfa, 0x80, 0xfa,
    0x80, 0xfa, 0x80, 0xfa, 0x80, 0xfa, 0x80, 0xfa, 0x80, 0xfa, 0x80, 0xfa,
    0x80, 0xfa, 0x80, 0xfa, 0x80, 0xfa, 0x80, 0xfa, 0x80, 0xfa, 0x80, 0xfa,
    0x80, 0xfa, 0x80, 0xfa, 0x80, 0xfa, 0x80, 0xfa, 0x80, 0xfa, 0x80, 0xfa,
    0x80, 0xfa, 0x80, 0xfa, 0x80, 0xfa, 0x80, 0xfa, 0x80, 0xfa, 0x80, 0xfa,
    0x80, 0xfa, 0x80, 0xfa, 0x80, 0xfa, 0x80, 0xfa, 0x80, 0xfa, 0x80, 0xfa,
    0x80, 0xfa, 0x40, 0x20, 0x00, 0x00, 0x00, 0x00, 0x00, 0x00, 0x00, 0x00,
    0x00, 0x00, 0x00, 0x00, 0x00, 0x00, 0x00, 0x00, 0x00, 0x00, 0x00, 0x00,
    0x00, 0x00, 0x00, 0x00, 0x00, 0x00, 0x00, 0x00, 0x00, 0x00, 0x00, 0x00,
    0x00, 0x00, 0x00, 0x00, 0x00, 0x00, 0x00, 0x00, 0x00, 0x00, 0x00, 0x00,
    0x00, 0x00, 0x00, 0x00, 0x00, 0x00, 0x00, 0x00, 0x00, 0x00, 0x00, 0x00,
    0x00, 0x00, 0x00, 0x00, 0x00, 0x00, 0x00, 0x00, 0x00, 0x00, 0x00, 0x00,
    0x00, 0x00, 0x00, 0x00, 0x00, 0x00, 0x00, 0x00, 0x00, 0x00, 0x00, 0x00,
    0x00, 0x00, 0x00, 0x00, 0x00, 0x00, 0x00, 0x00, 0x00, 0x00, 0x00, 0x00,
    0x00, 0x00, 0x00, 0x00, 0x00, 0x00, 0x00, 0x00, 0x00, 0x00, 0x00, 0x00,
    0x00, 0x00, 0x00, 0x00, 0x00, 0x00, 0x00, 0x00, 0x00, 0x00, 0x00, 0x00,
    0x00, 0x00, 0x00, 0x00, 0x00, 0x00, 0x00, 0x00, 0x00, 0x00, 0x00, 0x00,
    0x00, 0x00, 0x00, 0x00, 0x00, 0x00, 0x00, 0x00, 0x00, 0x00, 0x00, 0x00,
    0x00, 0x00, 0x00, 0x00, 0x00, 0x00, 0x00, 0x00, 0x00, 0x00, 0x00, 0x00,
    0x00, 0x00, 0x00, 0x00, 0x00, 0x00, 0x00, 0x00, 0x00, 0x00, 0x00, 0x00,
    0x00, 0x00, 0x00, 0x00, 0x00, 0x00, 0x00, 0x00, 0x00, 0x00, 0x00, 0x00,
    0x00, 0x00, 0x00, 0x00, 0x00, 0x00, 0x00, 0x00, 0x00, 0x00, 0x00, 0x00,
    0x00, 0x00, 0x00, 0x00, 0x00, 0x00, 0x00, 0x00, 0x00, 0x00, 0x00, 0x00,
    0x00, 0x00, 0x00, 0x00, 0x00, 0x00, 0x00, 0x00, 0x00, 0x00, 0x00, 0x00,
    0x00, 0x00, 0x00, 0x00, 0x00, 0x00, 0x00, 0x00, 0x00, 0x00, 0x00, 0x00,
    0x00, 0x00, 0x00, 0x00, 0x00, 0x00, 0x00, 0x00, 0x00, 0x00, 0x00, 0x00,
    0x00, 0x00, 0x00, 0x00, 0x00, 0x00, 0x00, 0x00, 0x00, 0x00, 0x00, 0x00,
    0x00, 0x00, 0x00, 0x00, 0x00, 0x00, 0x00, 0x00, 0x00, 0x00, 0x00, 0x00,
    0x00, 0x00, 0x00, 0x00, 0x00, 0x00, 0x00, 0x00, 0x00, 0x00, 0x00, 0x00,
    0x00, 0x00, 0x00, 0x00, 0x00, 0x00, 0x00, 0x00, 0x00, 0x00, 0x00, 0x00,
    0x00, 0x00, 0x00, 0x00, 0x00, 0x00, 0x00, 0x00, 0x00, 0x00, 0x00, 0x00,
    0x00, 0x00, 0x00, 0x00, 0x00, 0x00, 0x00, 0x00, 0x00, 0x00, 0x00, 0x00,
    0x00, 0x00, 0x00, 0x00, 0x00, 0x00, 0x00, 0x00, 0x00, 0x00, 0x00, 0x00,
    0x00, 0x00, 0x00, 0x00, 0x00, 0x00, 0x00, 0x00, 0x00, 0x00, 0x00, 0x00,
    0x00, 0x00, 0x00, 0x00, 0x00, 0x00, 0x00, 0x00, 0x00, 0x00, 0x00, 0x00,
    0x00, 0x00, 0x00, 0x00, 0x00, 0x00, 0x00, 0x00, 0x00, 0x00, 0x00, 0x00,
    0x00, 0x00, 0x00, 0x00, 0x00, 0x00, 0x00, 0x00, 0x00, 0x00, 0x00, 0x00,
    0x00, 0x00, 0x00, 0x00, 0x00, 0x00, 0x00, 0x00, 0x00, 0x00, 0x00, 0x00,
    0x00, 0x00, 0x00, 0x00, 0x00, 0x00, 0x00, 0x00, 0x00, 0x00, 0x00, 0x00,
    0x00, 0x00, 0x00, 0x00, 0x00, 0x00, 0x00, 0x00, 0x00, 0x00, 0x00, 0x00,
    0x00, 0x00, 0x80, 0xfa, 0x80, 0xfa, 0x80, 0xfa, 0x80, 0xfa, 0x80, 0xfa,
    0x80, 0xfa, 0x80, 0xfa, 0x80, 0xfa, 0x80, 0xfa, 0x80, 0xfa, 0x80, 0xfa,
    0x80, 0xfa, 0x80, 0xfa, 0x80, 0xfa, 0x80, 0xfa, 0x80, 0xfa, 0x80, 0xfa,
    0x80, 0xfa, 0x80, 0xfa, 0x80, 0xfa, 0x80, 0xfa, 0x80, 0xfa, 0x80, 0xfa,
    0x80, 0xfa, 0x80, 0xfa, 0x80, 0xfa, 0x80, 0xfa, 0x80, 0xfa, 0x80, 0xfa,
    0x80, 0xfa, 0x80, 0xfa, 0x80, 0xfa, 0x80, 0xfa, 0x80, 0xfa, 0x80, 0xfa,
    0x80, 0xfa, 0x80, 0xfa, 0x80, 0xfa, 0x80, 0xfa, 0x80, 0xfa, 0x80, 0xfa,
    0x80, 0xfa, 0x80, 0xfa, 0x80, 0xfa, 0x80, 0xfa, 0x80, 0xfa, 0x80, 0xfa,
    0x80, 0xfa, 0x80, 0xfa, 0x80, 0xfa, 0x80, 0xfa, 0x80, 0xfa, 0x80, 0xfa,
    0x80, 0xfa, 0x80, 0xfa, 0x80, 0xfa, 0x80, 0xfa, 0x80, 0xfa, 0x80, 0xfa,
    0x80, 0xfa, 0x80, 0xfa, 0x80, 0xfa, 0x80, 0xfa, 0x80, 0xfa, 0x80, 0xfa,
    0x80, 0xfa, 0x80, 0xfa, 0x80, 0xfa, 0x80, 0xfa, 0x80, 0xfa, 0x80, 0xfa,
    0x80, 0xfa, 0x80, 0xfa, 0x80, 0xfa, 0x80, 0xfa, 0x80, 0xfa, 0x80, 0xfa,
    0x80, 0xfa, 0x80, 0xfa, 0x80, 0xfa, 0x80, 0xfa, 0x80, 0xfa, 0x80, 0xfa,
    0x80, 0xfa, 0x80, 0xfa, 0x80, 0xfa, 0x80, 0xfa, 0x80, 0xfa, 0x80, 0xfa,
    0x80, 0xfa, 0x80, 0xfa, 0x80, 0xfa, 0x60, 0x20, 0x00, 0x00, 0x00, 0x00,
    0x00, 0x00, 0x00, 0x00, 0x00, 0x00, 0x00, 0x00, 0x00, 0x00, 0x00, 0x00,
    0x00, 0x00, 0x00, 0x00, 0x00, 0x00, 0x00, 0x00, 0x00, 0x00, 0x00, 0x00,
    0x00, 0x00, 0x00, 0x00, 0x00, 0x00, 0x00, 0x00, 0x00, 0x00, 0x00, 0x00,
    0x00, 0x00, 0x00, 0x00, 0x00, 0x00, 0x00, 0x00, 0x00, 0x00, 0x00, 0x00,
    0x00, 0x00, 0x00, 0x00, 0x00, 0x00, 0x00, 0x00, 0x00, 0x00, 0x00, 0x00,
    0x00, 0x00, 0x00, 0x00, 0x00, 0x00, 0x00, 0x00, 0x00, 0x00, 0x00, 0x00,
    0x00, 0x00, 0x00, 0x00, 0x00, 0x00, 0x00, 0x00, 0x00, 0x00, 0x00, 0x00,
    0x00, 0x00, 0x00, 0x00, 0x00, 0x00, 0x00, 0x00, 0x00, 0x00, 0x00, 0x00,
    0x00, 0x00, 0x00, 0x00, 0x00, 0x00, 0x00, 0x00, 0x00, 0x00, 0x00, 0x00,
    0x00, 0x00, 0x00, 0x00, 0x00, 0x00, 0x00, 0x00, 0x00, 0x00, 0x00, 0x00,
    0x00, 0x00, 0x00, 0x00, 0x00, 0x00, 0x00, 0x00, 0x00, 0x00, 0x00, 0x00,
    0x00, 0x00, 0x00, 0x00, 0x00, 0x00, 0x00, 0x00, 0x00, 0x00, 0x00, 0x00,
    0x00, 0x00, 0x00, 0x00, 0x00, 0x00, 0x00, 0x00, 0x00, 0x00, 0x00, 0x00,
    0x00, 0x00, 0x00, 0x00, 0x00, 0x00, 0x00, 0x00, 0x00, 0x00, 0x00, 0x00,
    0x00, 0x00, 0x00, 0x00, 0x00, 0x00, 0x00, 0x00, 0x00, 0x00, 0x00, 0x00,
    0x00, 0x00, 0x00, 0x00, 0x00, 0x00, 0x00, 0x00, 0x00, 0x00, 0x00, 0x00,
    0x00, 0x00, 0x00, 0x00, 0x00, 0x00, 0x00, 0x00, 0x00, 0x00, 0x00, 0x00,
    0x00, 0x00, 0x00, 0x00, 0x00, 0x00, 0x00, 0x00, 0x00, 0x00, 0x00, 0x00,
    0x00, 0x00, 0x00, 0x00, 0x00, 0x00, 0x00, 0x00, 0x00, 0x00, 0x00, 0x00,
    0x00, 0x00, 0x00, 0x00, 0x00, 0x00, 0x00, 0x00, 0x00, 0x00, 0x00, 0x00,
    0x00, 0x00, 0x00, 0x00, 0x00, 0x00, 0x00, 0x00, 0x00, 0x00, 0x00, 0x00,
    0x00, 0x00, 0x00, 0x00, 0x00, 0x00, 0x00, 0x00, 0x00, 0x00, 0x00, 0x00,
    0x00, 0x00, 0x00, 0x00, 0x00, 0x00, 0x00, 0x00, 0x00, 0x00, 0x00, 0x00,
    0x00, 0x00, 0x00, 0x00, 0x00, 0x00, 0x00, 0x00, 0x00, 0x00, 0x00, 0x00,
    0x00, 0x00, 0x00, 0x00, 0x00, 0x00, 0x00, 0x00, 0x00, 0x00, 0x00, 0x00,
    0x00, 0x00, 0x00, 0x00, 0x00, 0x00, 0x00, 0x00, 0x00, 0x00, 0x00, 0x00,
    0x00, 0x00, 0x00, 0x00, 0x00, 0x00, 0x00, 0x00, 0x00, 0x00, 0x00, 0x00,
    0x00, 0x00, 0x00, 0x00, 0x00, 0x00, 0x00, 0x00, 0x00, 0x00, 0x00, 0x00,
    0x00, 0x00, 0x00, 0x00, 0x00, 0x00, 0x00, 0x00, 0x00, 0x00, 0x00, 0x00,
    0x00, 0x00, 0x00, 0x00, 0x00, 0x00, 0x00, 0x00, 0x00, 0x00, 0x00, 0x00,
    0x00, 0x00, 0x00, 0x00, 0x00, 0x00, 0x00, 0x00, 0x00, 0x00, 0x00, 0x00,
    0x00, 0x00, 0x00, 0x00, 0x00, 0x00, 0x00, 0x00, 0x00, 0x00, 0x00, 0x00,
    0x00, 0x00, 0x00, 0x00, 0x00, 0x00, 0x00, 0x00, 0x00, 0x00, 0x00, 0x00,
    0x00, 0x00, 0x00, 0x00, 0x00, 0x00, 0x80, 0xfa, 0x80, 0xfa, 0x80, 0xfa,
    0x80, 0xfa, 0x80, 0xfa, 0x80, 0xfa, 0x80, 0xfa, 0x80, 0xfa, 0x80, 0xfa,
    0x80, 0xfa, 0x80, 0xfa, 0x80, 0xfa, 0x80, 0xfa, 0x80, 0xfa, 0x80, 0xfa,
    0x80, 0xfa, 0x80, 0xfa, 0x80, 0xfa, 0x80, 0xfa, 0x80, 0xfa, 0x80, 0xfa,
    0x80, 0xfa, 0x80, 0xfa, 0x80, 0xfa, 0x80, 0xfa, 0x80, 0xfa, 0x80, 0xfa,
    0x80, 0xfa, 0x80, 0xfa, 0x80, 0xfa, 0x80, 0xfa, 0x80, 0xfa, 0x80, 0xfa,
    0x80, 0xfa, 0x80, 0xfa, 0x80, 0xfa, 0x80, 0xfa, 0x80, 0xfa, 0x80, 0xfa,
    0x80, 0xfa, 0x80, 0xfa, 0x80, 0xfa, 0x80, 0xfa, 0x80, 0xfa, 0x80, 0xfa,
    0x80, 0xfa, 0x80, 0xfa, 0x80, 0xfa, 0x80, 0xfa, 0x80, 0xfa, 0x80, 0xfa,
    0x80, 0xfa, 0x80, 0xfa, 0x80, 0xfa, 0x80, 0xfa, 0x80, 0xfa, 0x80, 0xfa,
    0x80, 0xfa, 0x80, 0xfa, 0x80, 0xfa, 0x80, 0xfa, 0x80, 0xfa, 0x80, 0xfa,
    0x80, 0xfa, 0x80, 0xfa, 0x80, 0xfa, 0x80, 0xfa, 0x80, 0xfa, 0x80, 0xfa,
    0x80, 0xfa, 0x80, 0xfa, 0x80, 0xfa, 0x80, 0xfa, 0x80, 0xfa, 0x80, 0xfa,
    0x80, 0xfa, 0x80, 0xfa, 0x80, 0xfa, 0x80, 0xfa, 0x80, 0xfa, 0x80, 0xfa,
    0x80, 0xfa, 0x80, 0xfa, 0x80, 0xfa, 0x80, 0xfa, 0x80, 0xfa, 0x80, 0xfa,
    0x80, 0xfa, 0x80, 0xfa, 0x80, 0xfa, 0x80, 0xfa, 0x80, 0xfa, 0x40, 0x20,
    0x00, 0x00, 0x00, 0x00, 0x00, 0x00, 0x00, 0x00, 0x00, 0x00, 0x00, 0x00,
    0x00, 0x00, 0x00, 0x00, 0x00, 0x00, 0x00, 0x00, 0x00, 0x00, 0x00, 0x00,
    0x00, 0x00, 0x00, 0x00, 0x00, 0x00, 0x00, 0x00, 0x00, 0x00, 0x00, 0x00,
    0x00, 0x00, 0x00, 0x00, 0x00, 0x00, 0x00, 0x00, 0x00, 0x00, 0x00, 0x00,
    0x00, 0x00, 0x00, 0x00, 0x00, 0x00, 0x00, 0x00, 0x00, 0x00, 0x00, 0x00,
    0x00, 0x00, 0x00, 0x00, 0x00, 0x00, 0x00, 0x00, 0x00, 0x00, 0x00, 0x00,
    0x00, 0x00, 0x00, 0x00, 0x00, 0x00, 0x00, 0x00, 0x00, 0x00, 0x00, 0x00,
    0x00, 0x00, 0x00, 0x00, 0x00, 0x00, 0x00, 0x00, 0x00, 0x00, 0x00, 0x00,
    0x00, 0x00, 0x00, 0x00, 0x00, 0x00, 0x00, 0x00, 0x00, 0x00, 0x00, 0x00,
    0x00, 0x00, 0x00, 0x00, 0x00, 0x00, 0x00, 0x00, 0x00, 0x00, 0x00, 0x00,
    0x00, 0x00, 0x00, 0x00, 0x00, 0x00, 0x00, 0x00, 0x00, 0x00, 0x00, 0x00,
    0x00, 0x00, 0x00, 0x00, 0x00, 0x00, 0x00, 0x00, 0x00, 0x00, 0x00, 0x00,
    0x00, 0x00, 0x00, 0x00, 0x00, 0x00, 0x00, 0x00, 0x00, 0x00, 0x00, 0x00,
    0x00, 0x00, 0x00, 0x00, 0x00, 0x00, 0x00, 0x00, 0x00, 0x00, 0x00, 0x00,
    0x00, 0x00, 0x00, 0x00, 0x00, 0x00, 0x00, 0x00, 0x00, 0x00, 0x00, 0x00,
    0x00, 0x00, 0x00, 0x00, 0x00, 0x00, 0x00, 0x00, 0x00, 0x00, 0x00, 0x00,
    0x00, 0x00, 0x00, 0x00, 0x00, 0x00, 0x00, 0x00, 0x00, 0x00, 0x00, 0x00,
    0x00, 0x00, 0x00, 0x00, 0x00, 0x00, 0x00, 0x00, 0x00, 0x00, 0x00, 0x00,
    0x00, 0x00, 0x00, 0x00, 0x00, 0x00, 0x00, 0x00, 0x00, 0x00, 0x00, 0x00,
    0x00, 0x00, 0x00, 0x00, 0x00, 0x00, 0x00, 0x00, 0x00, 0x00, 0x00, 0x00,
    0x00, 0x00, 0x00, 0x00, 0x00, 0x00, 0x00, 0x00, 0x00, 0x00, 0x00, 0x00,
    0x00, 0x00, 0x00, 0x00, 0x00, 0x00, 0x00, 0x00, 0x00, 0x00, 0x00, 0x00,
    0x00, 0x00, 0x00, 0x00, 0x00, 0x00, 0x00, 0x00, 0x00, 0x00, 0x00, 0x00,
    0x00, 0x00, 0x00, 0x00, 0x00, 0x00, 0x00, 0x00, 0x00, 0x00, 0x00, 0x00,
    0x00, 0x00, 0x00, 0x00, 0x00, 0x00, 0x00, 0x00, 0x00, 0x00, 0x00, 0x00,
    0x00, 0x00, 0x00, 0x00, 0x00, 0x00, 0x00, 0x00, 0x00, 0x00, 0x00, 0x00,
    0x00, 0x00, 0x00, 0x00, 0x00, 0x00, 0x00, 0x00, 0x00, 0x00, 0x00, 0x00,
    0x00, 0x00, 0x00, 0x00, 0x00, 0x00, 0x00, 0x00, 0x00, 0x00, 0x00, 0x00,
    0x00, 0x00, 0x00, 0x00, 0x00, 0x00, 0x00, 0x00, 0x00, 0x00, 0x00, 0x00,
    0x00, 0x00, 0x00, 0x00, 0x00, 0x00, 0x00, 0x00, 0x00, 0x00, 0x00, 0x00,
    0x00, 0x00, 0x00, 0x00, 0x00, 0x00, 0x00, 0x00, 0x00, 0x00, 0x00, 0x00,
    0x00, 0x00, 0x00, 0x00, 0x00, 0x00, 0x00, 0x00, 0x00, 0x00, 0x00, 0x00,
    0x00, 0x00, 0x00, 0x00, 0x00, 0x00, 0x00, 0x00, 0x00, 0x00, 0x00, 0x00,
    0x00, 0x00, 0x00, 0x00, 0x00, 0x00, 0x00, 0x00, 0x00, 0x00, 0x80, 0xfa,
    0x80, 0xfa, 0x80, 0xfa, 0x80, 0xfa, 0x80, 0xfa, 0x80, 0xfa, 0x80, 0xfa,
    0x80, 0xfa, 0x80, 0xfa, 0x80, 0xfa, 0x80, 0xfa, 0x80, 0xfa, 0x80, 0xfa,
    0x80, 0xfa, 0x80, 0xfa, 0x80, 0xfa, 0x80, 0xfa, 0x80, 0xfa, 0x80, 0xfa,
    0x80, 0xfa, 0x80, 0xfa, 0x80, 0xfa, 0x80, 0xfa, 0x80, 0xfa, 0x80, 0xfa,
    0x80, 0xfa, 0x80, 0xfa, 0x80, 0xfa, 0x80, 0xfa, 0x80, 0xfa, 0x80, 0xfa,
    0x80, 0xfa, 0x80, 0xfa, 0x80, 0xfa, 0x80, 0xfa, 0x80, 0xfa, 0x80, 0xfa,
    0x80, 0xfa, 0x80, 0xfa, 0x80, 0xfa, 0x80, 0xfa, 0x80, 0xfa, 0x80, 0xfa,
    0x80, 0xfa, 0x80, 0xfa, 0x80, 0xfa, 0x80, 0xfa, 0x80, 0xfa, 0x80, 0xfa,
    0x80, 0xfa, 0x80, 0xfa, 0x80, 0xfa, 0x80, 0xfa, 0x80, 0xfa, 0x80, 0xfa,
    0x80, 0xfa, 0x80, 0xfa, 0x80, 0xfa, 0x80, 0xfa, 0x80, 0xfa, 0x80, 0xfa,
    0x80, 0xfa, 0x80, 0xfa, 0x80, 0xfa, 0x80, 0xfa, 0x80, 0xfa, 0x80, 0xfa,
    0x80, 0xfa, 0x80, 0xfa, 0x80, 0xfa, 0x80, 0xfa, 0x80, 0xfa, 0x80, 0xfa,
    0x80, 0xfa, 0x80, 0xfa, 0x80, 0xfa, 0x80, 0xfa, 0x80, 0xfa, 0x80, 0xfa,
    0x80, 0xfa, 0x80, 0xfa, 0x80, 0xfa, 0x80, 0xfa, 0x80, 0xfa, 0x80, 0xfa,
    0x80, 0xfa, 0x80, 0xfa, 0x80, 0xfa, 0x80, 0xfa, 0x80, 0xfa, 0x80, 0xfa,
    0x80, 0xfa, 0x60, 0x20, 0x00, 0x00, 0x00, 0x00, 0x00, 0x00, 0x00, 0x00,
    0x00, 0x00, 0x00, 0x00, 0x00, 0x00, 0x00, 0x00, 0x00, 0x00, 0x00, 0x00,
    0x00, 0x00, 0x00, 0x00, 0x00, 0x00, 0x00, 0x00, 0x00, 0x00, 0x00, 0x00,
    0x00, 0x00, 0x00, 0x00, 0x00, 0x00, 0x00, 0x00, 0x00, 0x00, 0x00, 0x00,
    0x00, 0x00, 0x00, 0x00, 0x00, 0x00, 0x00, 0x00, 0x00, 0x00, 0x00, 0x00,
    0x00, 0x00, 0x00, 0x00, 0x00, 0x00, 0x00, 0x00, 0x00, 0x00, 0x00, 0x00,
    0x00, 0x00, 0x00, 0x00, 0x00, 0x00, 0x00, 0x00, 0x00, 0x00, 0x00, 0x00,
    0x00, 0x00, 0x00, 0x00, 0x00, 0x00, 0x00, 0x00, 0x00, 0x00, 0x00, 0x00,
    0x00, 0x00, 0x00, 0x00, 0x00, 0x00, 0x00, 0x00, 0x00, 0x00, 0x00, 0x00,
    0x00, 0x00, 0x00, 0x00, 0x00, 0x00, 0x00, 0x00, 0x00, 0x00, 0x00, 0x00,
    0x00, 0x00, 0x00, 0x00, 0x00, 0x00, 0x00, 0x00, 0x00, 0x00, 0x00, 0x00,
    0x00, 0x00, 0x00, 0x00, 0x00, 0x00, 0x00, 0x00, 0x00, 0x00, 0x00, 0x00,
    0x00, 0x00, 0x00, 0x00, 0x00, 0x00, 0x00, 0x00, 0x00, 0x00, 0x00, 0x00,
    0x00, 0x00, 0x00, 0x00, 0x00, 0x00, 0x00, 0x00, 0x00, 0x00, 0x00, 0x00,
    0x00, 0x00, 0x00, 0x00, 0x00, 0x00, 0x00, 0x00, 0x00, 0x00, 0x00, 0x00,
    0x00, 0x00, 0x00, 0x00, 0x00, 0x00, 0x00, 0x00, 0x00, 0x00, 0x00, 0x00,
    0x00, 0x00, 0x00, 0x00, 0x00, 0x00, 0x00, 0x00, 0x00, 0x00, 0x00, 0x00,
    0x00, 0x00, 0x00, 0x00, 0x00, 0x00, 0x00, 0x00, 0x00, 0x00, 0x00, 0x00,
    0x00, 0x00, 0x00, 0x00, 0x00, 0x00, 0x00, 0x00, 0x00, 0x00, 0x00, 0x00,
    0x00, 0x00, 0x00, 0x00, 0x00, 0x00, 0x00, 0x00, 0x00, 0x00, 0x00, 0x00,
    0x00, 0x00, 0x00, 0x00, 0x00, 0x00, 0x00, 0x00, 0x00, 0x00, 0x00, 0x00,
    0x00, 0x00, 0x00, 0x00, 0x00, 0x00, 0x00, 0x00, 0x00, 0x00, 0x00, 0x00,
    0x00, 0x00, 0x00, 0x00, 0x00, 0x00, 0x00, 0x00, 0x00, 0x00, 0x00, 0x00,
    0x00, 0x00, 0x00, 0x00, 0x00, 0x00, 0x00, 0x00, 0x00, 0x00, 0x00, 0x00,
    0x00, 0x00, 0x00, 0x00, 0x00, 0x00, 0x00, 0x00, 0x00, 0x00, 0x00, 0x00,
    0x00, 0x00, 0x00, 0x00, 0x00, 0x00, 0x00, 0x00, 0x00, 0x00, 0x00, 0x00,
    0x00, 0x00, 0x00, 0x00, 0x00, 0x00, 0x00, 0x00, 0x00, 0x00, 0x00, 0x00,
    0x00, 0x00, 0x00, 0x00, 0x00, 0x00, 0x00, 0x00, 0x00, 0x00, 0x00, 0x00,
    0x00, 0x00, 0x00, 0x00, 0x00, 0x00, 0x00, 0x00, 0x00, 0x00, 0x00, 0x00,
    0x00, 0x00, 0x00, 0x00, 0x00, 0x00, 0x00, 0x00, 0x00, 0x00, 0x00, 0x00,
    0x00, 0x00, 0x00, 0x00, 0x00, 0x00, 0x00, 0x00, 0x00, 0x00, 0x00, 0x00,
    0x00, 0x00, 0x00, 0x00, 0x00, 0x00, 0x00, 0x00, 0x00, 0x00, 0x00, 0x00,
    0x00, 0x00, 0x00, 0x00, 0x00, 0x00, 0x00, 0x00, 0x00, 0x00, 0x00, 0x00,
    0x00, 0x00, 0x00, 0x00, 0x00, 0x00, 0x00, 0x00, 0x00, 0x00, 0x00, 0x00,
    0x00, 0x00, 0x00, 0x00, 0x00, 0x00, 0x00, 0x00, 0x00, 0x00, 0x00, 0x00,
    0x00, 0x00, 0x00, 0x00, 0x00, 0x00, 0x00, 0x00, 0x00, 0x00, 0x00, 0x00,
    0x00, 0x00, 0x00, 0x00, 0x00, 0x00, 0x00, 0x00, 0x00, 0x00, 0x00, 0x00,
    0x00, 0x00, 0x00, 0x00, 0x00, 0x00, 0x00, 0x00, 0x00, 0x00, 0x00, 0x00,
    0x00, 0x00, 0x00, 0x00, 0x00, 0x00, 0x00, 0x00, 0x00, 0x00, 0x00, 0x00,
    0x00, 0x00, 0x00, 0x00, 0x00, 0x00, 0x00, 0x00, 0x00, 0x00, 0x00, 0x00,
    0x00, 0x00, 0x00, 0x00, 0x00, 0x00, 0x00, 0x00, 0x00, 0x00, 0x00, 0x00,
    0x00, 0x00, 0x00, 0x00, 0x00, 0x00, 0x00, 0x00, 0x00, 0x00, 0x00, 0x00,
    0x00, 0x00, 0x00, 0x00, 0x00, 0x00, 0x00, 0x00, 0x00, 0x00, 0x00, 0x00,
    0x00, 0x00, 0x00, 0x00, 0x00, 0x00, 0x00, 0x00, 0x00, 0x00, 0x00, 0x00,
    0x00, 0x00, 0x00, 0x00, 0x00, 0x00, 0x00, 0x00, 0x00, 0x00, 0x00, 0x00,
    0x00, 0x00, 0x00, 0x00, 0x00, 0x00, 0x00, 0x00, 0x00, 0x00, 0x00, 0x00,
    0x00, 0x00, 0x00, 0x00, 0x00, 0x00, 0x00, 0x00, 0x00, 0x00, 0x00, 0x00,
    0x00, 0x00, 0x00, 0x00, 0x00, 0x00, 0x00, 0x00, 0x00, 0x00, 0x00, 0x00,
    0x00, 0x00, 0x00, 0x00, 0x00, 0x00, 0x00, 0x00, 0x00, 0x00, 0x00, 0x00,
    0x00, 0x00, 0x00, 0x00, 0x00, 0x00, 0x00, 0x00, 0x00, 0x00, 0x00, 0x00,
    0x00, 0x00, 0x00, 0x00, 0x00, 0x00, 0x00, 0x00, 0x00, 0x00, 0x00, 0x00,
    0x00, 0x00, 0x00, 0x00, 0x00, 0x00, 0x00, 0x00, 0x00, 0x00, 0x00, 0x00,
    0x00, 0x00, 0x00, 0x00, 0x00, 0x00, 0x00, 0x00, 0x00, 0x00, 0x00, 0x00,
    0x00, 0x00, 0x00, 0x00, 0x00, 0x00, 0x00, 0x00, 0x00, 0x00, 0x00, 0x00,
    0x00, 0x00, 0x00, 0x00, 0x00, 0x00, 0x00, 0x00, 0x00, 0x00, 0x00, 0x00,
    0x00, 0x00, 0x00, 0x00, 0x00, 0x00, 0x00, 0x00, 0x00, 0x00, 0x00, 0x00,
    0x00, 0x00, 0x00, 0x00, 0x00, 0x00, 0x00, 0x00, 0x00, 0x00, 0x00, 0x00,
    0x00, 0x00, 0x00, 0x00, 0x00, 0x00, 0x00, 0x00, 0x00, 0x00, 0x00, 0x00,
    0x00, 0x00, 0x00, 0x00, 0x00, 0x00, 0x00, 0x00, 0x00, 0x00, 0x00, 0x00,
    0x00, 0x00, 0x00, 0x00, 0x00, 0x00, 0x00, 0x00, 0x00, 0x00, 0x00, 0x00,
    0x00, 0x00, 0x00, 0x00, 0x00, 0x00, 0x00, 0x00, 0x00, 0x00, 0x00, 0x00,
    0x00, 0x00, 0x00, 0x00, 0x00, 0x00, 0x00, 0x00, 0x00, 0x00, 0x00, 0x00,
    0x00, 0x00, 0x00, 0x00, 0x00, 0x00, 0x00, 0x00, 0x00, 0x00, 0x00, 0x00,
    0x00, 0x00, 0x00, 0x00, 0x00, 0x00, 0x00, 0x00, 0x00, 0x00, 0x00, 0x00,
    0x00, 0x00, 0x00, 0x00, 0x00, 0x00, 0x00, 0x00, 0x00, 0x00, 0x00, 0x00,
    0x00, 0x00, 0x00, 0x00, 0x00, 0x00, 0x00, 0x00, 0x00, 0x00, 0x00, 0x00,
    0x00, 0x00, 0x00, 0x00, 0x00, 0x00, 0x00, 0x00, 0x00, 0x00, 0x00, 0x00,
    0x00, 0x00, 0x00, 0x00, 0x00, 0x00, 0x00, 0x00, 0x00, 0x00, 0x00, 0x00,
    0x00, 0x00, 0x00, 0x00, 0x00, 0x00, 0x00, 0x00, 0x00, 0x00, 0x00, 0x00,
    0x00, 0x00, 0x00, 0x00, 0x00, 0x00, 0x00, 0x00, 0x00, 0x00, 0x00, 0x00,
    0x00, 0x00, 0x00, 0x00, 0x00, 0x00, 0x00, 0x00, 0x00, 0x00, 0x00, 0x00,
    0x00, 0x00, 0x00, 0x00, 0x00, 0x00, 0x00, 0x00, 0x00, 0x00, 0x00, 0x00,
    0x00, 0x00, 0x00, 0x00, 0x00, 0x00, 0x00, 0x00, 0x00, 0x00, 0x00, 0x00,
    0x00, 0x00, 0x00, 0x00, 0x00, 0x00, 0x00, 0x00, 0x00, 0x00, 0x00, 0x00,
    0x00, 0x00, 0x00, 0x00, 0x00, 0x00, 0x00, 0x00, 0x00, 0x00, 0x00, 0x00,
    0x00, 0x00, 0x00, 0x00, 0x00, 0x00, 0x00, 0x00, 0x00, 0x00, 0x00, 0x00,
    0x00, 0x00, 0x00, 0x00, 0x00, 0x00, 0x00, 0x00, 0x00, 0x00, 0x00, 0x00,
    0x00, 0x00, 0x00, 0x00, 0x00, 0x00, 0x00, 0x00, 0x00, 0x00, 0x00, 0x00,
    0x00, 0x00, 0x00, 0x00, 0x00, 0x00, 0x00, 0x00, 0x00, 0x00, 0x00, 0x00,
    0x00, 0x00, 0x00, 0x00, 0x00, 0x00, 0x00, 0x00, 0x00, 0x00, 0x00, 0x00,
    0x00, 0x00, 0x00, 0x00, 0x00, 0x00, 0x00, 0x00, 0x00, 0x00, 0x00, 0x00,
    0x00, 0x00, 0x00, 0x00, 0x00, 0x00, 0x00, 0x00, 0x00, 0x00, 0x00, 0x00,
    0x00, 0x00, 0x00, 0x00, 0x00, 0x00, 0x00, 0x00, 0x00, 0x00, 0x00, 0x00,
    0x00, 0x00, 0x00, 0x00, 0x00, 0x00, 0x00, 0x00, 0x00, 0x00, 0x00, 0x00,
    0x00, 0x00, 0x00, 0x00, 0x00, 0x00, 0x00, 0x00, 0x00, 0x00, 0x00, 0x00,
    0x00, 0x00, 0x00, 0x00, 0x00, 0x00, 0x00, 0x00, 0x00, 0x00, 0x00, 0x00,
    0x00, 0x00, 0x00, 0x00, 0x00, 0x00, 0x00, 0x00, 0x00, 0x00, 0x00, 0x00,
    0x00, 0x00, 0x00, 0x00, 0x00, 0x00, 0x00, 0x00, 0x00, 0x00, 0x00, 0x00,
    0x00, 0x00, 0x00, 0x00, 0x00, 0x00, 0x00, 0x00, 0x00, 0x00, 0x00, 0x00,
    0x00, 0x00, 0x00, 0x00, 0x00, 0x00, 0x00, 0x00, 0x00, 0x00, 0x00, 0x00,
    0x00, 0x00, 0x00, 0x00, 0x00, 0x00, 0x00, 0x00, 0x00, 0x00, 0x00, 0x00,
    0x00, 0x00, 0x00, 0x00, 0x00, 0x00, 0x00, 0x00, 0x00, 0x00, 0x00, 0x00,
    0x00, 0x00, 0x00, 0x00, 0x00, 0x00, 0x00, 0x00, 0x00, 0x00, 0x00, 0x00,
    0x00, 0x00, 0x00, 0x00, 0x00, 0x00, 0x00, 0x00, 0x00, 0x00, 0x00, 0x00,
    0x00, 0x00, 0x00, 0x00, 0x00, 0x00, 0x00, 0x00, 0x00, 0x00, 0x00, 0x00,
    0x00, 0x00, 0x00, 0x00, 0x00, 0x00, 0x00, 0x00, 0x00, 0x00, 0x00, 0x00,
    0x00, 0x00, 0x00, 0x00, 0x00, 0x00, 0x00, 0x00, 0x00, 0x00, 0x00, 0x00,
    0x00, 0x00, 0x00, 0x00, 0x00, 0x00, 0x00, 0x00, 0x00, 0x00, 0x00, 0x00,
    0x00, 0x00, 0x00, 0x00, 0x00, 0x00, 0x00, 0x00, 0x00, 0x00, 0x00, 0x00,
    0x00, 0x00, 0x00, 0x00, 0x00, 0x00, 0x00, 0x00, 0x00, 0x00, 0x00, 0x00,
    0x00, 0x00, 0x00, 0x00, 0x00, 0x00, 0x00, 0x00, 0x00, 0x00, 0x00, 0x00,
    0x00, 0x00, 0x00, 0x00, 0x00, 0x00, 0x00, 0x00, 0x00, 0x00, 0x00, 0x00,
    0x00, 0x00, 0x00, 0x00, 0x00, 0x00, 0x00, 0x00, 0x00, 0x00, 0x00, 0x00,
    0x00, 0x00, 0x00, 0x00, 0x00, 0x00, 0x00, 0x00, 0x00, 0x00, 0x00, 0x00,
    0x00, 0x00, 0x00, 0x00, 0x00, 0x00, 0x00, 0x00, 0x00, 0x00, 0x00, 0x00,
    0x00, 0x00, 0x00, 0x00, 0x00, 0x00, 0x00, 0x00, 0x00, 0x00, 0x00, 0x00,
    0x00, 0x00, 0x00, 0x00, 0x00, 0x00, 0x00, 0x00, 0x00, 0x00, 0x00, 0x00,
    0x00, 0x00, 0x00, 0x00, 0x00, 0x00, 0x00, 0x00, 0x00, 0x00, 0x00, 0x00,
    0x00, 0x00, 0x00, 0x00, 0x00, 0x00, 0x00, 0x00, 0x00, 0x00, 0x00, 0x00,
    0x00, 0x00, 0x00, 0x00, 0x00, 0x00, 0x00, 0x00, 0x00, 0x00, 0x00, 0x00,
    0x00, 0x00, 0x00, 0x00, 0x00, 0x00, 0x00, 0x00, 0x00, 0x00, 0x00, 0x00,
    0x00, 0x00, 0x00, 0x00, 0x00, 0x00, 0x00, 0x00, 0x00, 0x00, 0x00, 0x00,
    0x00, 0x00, 0x00, 0x00, 0x00, 0x00, 0x00, 0x00, 0x00, 0x00, 0x00, 0x00,
    0x00, 0x00, 0x00, 0x00, 0x00, 0x00, 0x00, 0x00, 0x00, 0x00, 0x00, 0x00,
    0x00, 0x00, 0x00, 0x00, 0x00, 0x00, 0x00, 0x00, 0x00, 0x00, 0x00, 0x00,
    0x00, 0x00, 0x00, 0x00, 0x00, 0x00, 0x00, 0x00, 0x00, 0x00, 0x00, 0x00,
    0x00, 0x00, 0x00, 0x00, 0x00, 0x00, 0x00, 0x00, 0x00, 0x00, 0x00, 0x00,
    0x00, 0x00, 0x00, 0x00, 0x00, 0x00, 0x00, 0x00, 0x00, 0x00, 0x00, 0x00,
    0x00, 0x00, 0x00, 0x00, 0x00, 0x00, 0x00, 0x00, 0x00, 0x00, 0x00, 0x00,
    0x00, 0x00, 0x00, 0x00, 0x00, 0x00, 0x00, 0x00, 0x00, 0x00, 0x00, 0x00,
    0x00, 0x00, 0x00, 0x00, 0x00, 0x00, 0x00, 0x00, 0x00, 0x00, 0x00, 0x00,
    0x00, 0x00, 0x00, 0x00, 0x00, 0x00, 0x00, 0x00, 0x00, 0x00, 0x00, 0x00,
    0x00, 0x00, 0x00, 0x00, 0x00, 0x00, 0x00, 0x00, 0x00, 0x00, 0x00, 0x00,
    0x00, 0x00, 0x00, 0x00, 0x00, 0x00, 0x00, 0x00, 0x00, 0x00, 0x00, 0x00,
    0x00, 0x00, 0x00, 0x00, 0x00, 0x00, 0x00, 0x00, 0x00, 0x00, 0x00, 0x00,
    0x00, 0x00, 0x00, 0x00, 0x00, 0x00, 0x00, 0x00, 0x00, 0x00, 0x00, 0x00,
    0x00, 0x00, 0x00, 0x00, 0x00, 0x00, 0x00, 0x00, 0x00, 0x00, 0x00, 0x00,
    0x00, 0x00, 0x00, 0x00, 0x00, 0x00, 0x00, 0x00, 0x00, 0x00, 0x00, 0x00,
    0x00, 0x00, 0x00, 0x00, 0x00, 0x00, 0x00, 0x00, 0x00, 0x00, 0x00, 0x00,
    0x00, 0x00, 0x00, 0x00, 0x00, 0x00, 0x00, 0x00, 0x00, 0x00, 0x00, 0x00,
    0x00, 0x00, 0x00, 0x00, 0x00, 0x00, 0x00, 0x00, 0x00, 0x00, 0x00, 0x00,
    0x00, 0x00, 0x00, 0x00, 0x00, 0x00, 0x00, 0x00, 0x00, 0x00, 0x00, 0x00,
    0x00, 0x00, 0x00, 0x00, 0x00, 0x00, 0x00, 0x00, 0x00, 0x00, 0x00, 0x00,
    0x00, 0x00, 0x00, 0x00, 0x00, 0x00, 0x00, 0x00, 0x00, 0x00, 0x00, 0x00,
    0x00, 0x00, 0x00, 0x00, 0x00, 0x00, 0x00, 0x00, 0x00, 0x00, 0x00, 0x00,
    0x00, 0x00, 0x00, 0x00, 0x00, 0x00, 0x00, 0x00, 0x00, 0x00, 0x00, 0x00,
    0x00, 0x00, 0x00, 0x00, 0x00, 0x00, 0x00, 0x00, 0x00, 0x00, 0x00, 0x00,
    0x00, 0x00, 0x00, 0x00, 0x00, 0x00, 0x00, 0x00, 0x00, 0x00, 0x00, 0x00,
    0x00, 0x00, 0x00, 0x00, 0x00, 0x00, 0x00, 0x00, 0x00, 0x00, 0x00, 0x00,
    0x00, 0x00, 0x00, 0x00, 0x00, 0x00, 0x00, 0x00, 0x00, 0x00, 0x00, 0x00,
    0x00, 0x00, 0x00, 0x00, 0x00, 0x00, 0x00, 0x00, 0x00, 0x00, 0x00, 0x00,
    0x00, 0x00, 0x00, 0x00, 0x00, 0x00, 0x00, 0x00, 0x00, 0x00, 0x00, 0x00,
    0x00, 0x00, 0x00, 0x00, 0x00, 0x00, 0x00, 0x00, 0x00, 0x00, 0x00, 0x00,
    0x00, 0x00, 0x00, 0x00, 0x00, 0x00, 0x00, 0x00, 0x00, 0x00, 0x00, 0x00,
    0x00, 0x00, 0x00, 0x00, 0x00, 0x00, 0x00, 0x00, 0x00, 0x00, 0x00, 0x00,
    0x00, 0x00, 0x00, 0x00, 0x00, 0x00, 0x00, 0x00, 0x00, 0x00, 0x00, 0x00,
    0x00, 0x00, 0x00, 0x00, 0x00, 0x00, 0x00, 0x00, 0x00, 0x00, 0x00, 0x00,
    0x00, 0x00, 0x00, 0x00, 0x00, 0x00, 0x00, 0x00, 0x00, 0x00, 0x00, 0x00,
    0x00, 0x00, 0x00, 0x00, 0x00, 0x00, 0x00, 0x00, 0x00, 0x00, 0x00, 0x00,
    0x00, 0x00, 0x00, 0x00, 0x00, 0x00, 0x00, 0x00, 0x00, 0x00, 0x00, 0x00,
    0x00, 0x00, 0x00, 0x00, 0x00, 0x00, 0x00, 0x00, 0x00, 0x00, 0x00, 0x00,
    0x00, 0x00, 0x00, 0x00, 0x00, 0x00, 0x00, 0x00, 0x00, 0x00, 0x00, 0x00,
    0x00, 0x00, 0x00, 0x00, 0x00, 0x00, 0x00, 0x00, 0x00, 0x00, 0x00, 0x00,
    0x00, 0x00, 0x00, 0x00, 0x00, 0x00, 0x00, 0x00, 0x00, 0x00, 0x00, 0x00,
    0x00, 0x00, 0x00, 0x00, 0x00, 0x00, 0x00, 0x00, 0x00, 0x00, 0x00, 0x00,
    0x00, 0x00, 0x00, 0x00, 0x00, 0x00, 0x00, 0x00, 0x00, 0x00, 0x00, 0x00,
    0x00, 0x00, 0x00, 0x00, 0x00, 0x00, 0x00, 0x00, 0x00, 0x00, 0x00, 0x00,
    0x00, 0x00, 0x00, 0x00, 0x00, 0x00, 0x00, 0x00, 0x00, 0x00, 0x00, 0x00,
    0x00, 0x00, 0x00, 0x00, 0x00, 0x00, 0x00, 0x00, 0x00, 0x00, 0x00, 0x00,
    0x00, 0x00, 0x00, 0x00, 0x00, 0x00, 0x00, 0x00, 0x00, 0x00, 0x00, 0x00,
    0x00, 0x00, 0x00, 0x00, 0x00, 0x00, 0x00, 0x00, 0x00, 0x00, 0x00, 0x00,
    0x00, 0x00, 0x00, 0x00, 0x00, 0x00, 0x00, 0x00, 0x00, 0x00, 0x00, 0x00,
    0x00, 0x00, 0x00, 0x00, 0x00, 0x00, 0x00, 0x00, 0x00, 0x00, 0x00, 0x00,
    0x00, 0x00, 0x00, 0x00, 0x00, 0x00, 0x00, 0x00, 0x00, 0x00, 0x00, 0x00,
    0x00, 0x00, 0x00, 0x00, 0x00, 0x00, 0x00, 0x00, 0x00, 0x00, 0x00, 0x00,
    0x00, 0x00, 0x00, 0x00, 0x00, 0x00, 0x00, 0x00, 0x00, 0x00, 0x00, 0x00,
    0x00, 0x00, 0x00, 0x00, 0x00, 0x00, 0x00, 0x00, 0x00, 0x00, 0x00, 0x00,
    0x00, 0x00, 0x00, 0x00, 0x00, 0x00, 0x00, 0x00, 0x00, 0x00, 0x00, 0x00,
    0x00, 0x00, 0x00, 0x00, 0x00, 0x00, 0x00, 0x00, 0x00, 0x00, 0x00, 0x00,
    0x00, 0x00, 0x00, 0x00, 0x00, 0x00, 0x00, 0x00, 0x00, 0x00, 0x00, 0x00,
    0x00, 0x00, 0x00, 0x00, 0x00, 0x00, 0x00, 0x00, 0x00, 0x00, 0x00, 0x00,
    0x00, 0x00, 0x00, 0x00, 0x00, 0x00, 0x00, 0x00, 0x00, 0x00, 0x00, 0x00,
    0x00, 0x00, 0x00, 0x00, 0x00, 0x00, 0x00, 0x00, 0x00, 0x00, 0x00, 0x00,
    0x00, 0x00, 0x00, 0x00, 0x00, 0x00, 0x00, 0x00, 0x00, 0x00, 0x00, 0x00,
    0x00, 0x00, 0x00, 0x00, 0x00, 0x00, 0x00, 0x00, 0x00, 0x00, 0x00, 0x00,
    0x00, 0x00, 0x00, 0x00, 0x00, 0x00, 0x00, 0x00, 0x00, 0x00, 0x00, 0x00,
    0x00, 0x00, 0x00, 0x00, 0x00, 0x00, 0x00, 0x00, 0x00, 0x00, 0x00, 0x00,
    0x00, 0x00, 0x00, 0x00, 0x00, 0x00, 0x00, 0x00, 0x00, 0x00, 0x00, 0x00,
    0x00, 0x00, 0x00, 0x00, 0x00, 0x00, 0x00, 0x00, 0x00, 0x00, 0x00, 0x00,
    0x00, 0x00, 0x00, 0x00, 0x00, 0x00, 0x00, 0x00, 0x00, 0x00, 0x00, 0x00,
    0x00, 0x00, 0x00, 0x00, 0x00, 0x00, 0x00, 0x00, 0x00, 0x00, 0x00, 0x00
};
